Entry,Name,Sequence
Q96KE9,BTBD6,MLLPLACLHGRVAQCLTSLLLLAEPLPRPRRGARARGAASTGAEAAPAAPPAKMAAELYAPASAAAADLANSNAGAAVGRKAGPRSPPSAPAPAPPPPAPAPPTLGNNHQESPGWRCCRPTLRERNALMFNNELMADVHFVVGPPGATRTVPAHKYVLAVGSSVFYAMFYGDLAEVKSEIHIPDVEPAAFLILLKYMYSDEIDLEADTVLATLYAAKKYIVPALAKACVNFLETSLEAKNACVLLSQSRLFEEPELTQRCWEVIDAQAEMALRSEGFCEIDRQTLEIIVTREALNTKEAVVFEAVLNWAEAECKRQGLPITPRNKRHVLGRALYLVRIPTMTLEEFANGAAQSDILTLEETHSIFLWYTATNKPRLDFPLTKRKGLAPQRCHRFQSSAYRSNQWRYRGRCDSIQFAVDRRVFIAGLGLYGSSSGKAEYSVKIELKRLGVVLAQNLTKFMSDGSSNTFPVWFEHPVQVEQDTFYTASAVLDGSELSYFGQEGMTEVQCGKVAFQFQCSSDSTNGTGVQGGQIPELIFYA
Q9NXF7,DCA16,MGPRNPSPDHLSESESEEEENISYLNESSGEEWDSSEEEDSMVPNLSPLESLAWQVKCLLKYSTTWKPLNPNSWLYHAKLLDPSTPVHILREIGLRLSHCSHCVPKLEPIPEWPPLASCGVPPFQKPLTSPSRLSRDHATLNGALQFATKQLSRTLSRATPIPEYLKQIPNSCVSGCCCGWLTKTVKETTRTEPINTTYSYTDFQKAVNKLLTASL
Q9UKT6,FXL21,MKRNSLSVENKIVQLSGAAKQPKVGFYSSLNQTHTHTVLLDWGSLPHHVVLQIFQYLPLLDRACASSVCRRWNEVFHISDLWRKFEFELNQSATSSFKSTHPDLIQQIIKKHFAHLQYVSFKVDSSAESAEAACDILSQLVNCSIQTLGLISTAKPSFMNVSESHFVSALTVVFINSKSLSSIKIEDTPVDDPSLKILVANNSDTLRLPKMSSCPHVSSDGILCVADRCQGLRELALNYYILTDELFLALSSETHVNLEHLRIDVVSENPGQIKFHAVKKHSWDALIKHSPRVNVVMHFFLYEEEFETFFKEETPVTHLYFGRSVSKVVLGRVGLNCPRLIELVVCANDLQPLDNELICIAEHCTNLTALGLSKCEVSCSAFIRFVRLCERRLTQLSVMEEVLIPDEDYSLDEIHTEVSKYLGRVWFPDVMPLW
A0A3B3IT33,TR51G,MNSGILQVFQRELICPICMNYFIDPVTIDCGHSFCRPCFYLNWQDMAVLAQCSKCKKTTRQRNLKTNICLKNMASIARKASLRQFLSSEEQICGTHRETKEMFCEVDKSLLCLLCSNSQEHRNHRHCPTEWAAEERREELLRKMQSLWRKMCENHRNLNMATNRIRCWKDYVSLRIEAIRAEYHKMVAFFHEEEQRHLERLQKEGEDIFQQLNESKARMEHSRELLRGMYEDLRQMCHKAVVELFQSFGDILQRYESLLLQVSEPVNPEFSAGPIIGLMDRLKGFRVYLTLQHARASSHIFLHGDLRSMKVGCDPQHDPNITDKSECFLQWGADFFISGKFYWEFNMGHSWNWAFGVCNNYWKEKRQNDMIDGEVGLFLLGCVKEDTHCSLFTTSPLVMQYVPRPTDTVGLFLDCEGRTVSFVDVDRSSLIYTIPNCSFSPPLWPIICCSHF
A2CJ06,DYTN,MDPDKQDALNSIENSIYRTAFKLQSVQTLCQLDLIDSSLIQQVLLRPSFWEARKHSLSVQQLSQALQELFQKAREENPGQVHPRAPELTLSLLTTMYNSKGTGFLQLMPAAAALITLSGDSPLSKYRALFQLYAENSRGGYDSGPRMTRRVLRKLLTDLQQIPTFVGESRALCPVESATRSCFQGVLSPAIKEEKFLSWVQSEPPILLWLPTCHRLSAAERVTHPARCTLCRTFPITGLRYRCLKCLNFDICQMCFLSGLHSKSHQKSHPVIEHCIQMSAMQNTKLLFRTLRNNLLQGRCRKKEAARRQQLLDQVNPKGVPHHAQARLLKKQLNQYKDKLQAIYTSQEERICRFETRIHKLKTNQDSLWTKLQQIRRDLQARLQPPGPSSSSFQNVGNKVDHSSTEKVPKGGDYLQIKNATEDASTGEPLPKLDEVDRSHRSHTNAEHALRNPESPETTLHSTRAQSQTQKMPQKVISALPSYQEGLKQDIPKMVPAEMSSPALAAVEKKEAGNIKERKDELEEEELQELLSKLMDAFNLETPSGPESSVNMDLYSGAQRVCRAFSALVDQIALPNLK
A6NK59,ASB14,MDNYTSDEDIDEDFDTQLIIQQSLQDIYKPGTAQHAPKDESLHSFLSADYKKIVETIEKVGKEDALSHLTKYHSAFGEADEIGWIPLHKAAVQLNRKILEITLSASDPSLWEQTTHNGETPLFLAVSSCLLENATFLLLNGCNPNAKNFEGNSPLLAAVLRDCYDMAALLINYGADVNLRCANERTALHEAAKLGREDMVKLMLVSGAHPDPQSTYGFTPLALAAQSGHTEIMEMLLRKGKIFCLASDSSSILLEAASGGNPDAVALLLEYGADANIPKNSGHLPIHVAADRGHLLALKILIPVTDLAAIKQSGISPVHCAAAGAHPQCLELLIQAGFDVNFMLDQRINKHYDDHRKSALYFAVSNSDLSSVKLLLSAGALPNQDPVNCLQIALRMGNYELISLLLRHGANVNYFCRVNPLHFPSALQYTLKDEVMLRMLLNYGYDTERCFDCPHGDKVHPSYTVEGWTSTVIKDTKFCEVITLSWLQHLSGKVVRVMLDYVDQVRICSKLKAVLQKQGIWSEIHFILTNPRSLKHLCRLKIRKCMGRLHLRCPVFMSFLPLPNRLKAYVLYKEYDLYGQGIFTGTW
O95502,NPTXR,MKFLAVLLAAGMLAFLGAVICIIASVPLAASPARALPGGADNASVASGAAASPGPQRSLSALHGAGGSAGPPALPGAPAASAHPLPPGPLFSRFLCTPLAAACPSGAQQGDAAGAAPGEREELLLLQSTAEQLRQTALQQEARIRADQDTIRELTGKLGRCESGLPRGLQGAGPRRDTMADGPWDSPALILELEDAVRALRDRIDRLEQELPARVNLSAAPAPVSAVPTGLHSKMDQLEGQLLAQVLALEKERVALSHSSRRQRQEVEKELDVLQGRVAELEHGSSAYSPPDAFKISIPIRNNYMYARVRKALPELYAFTACMWLRSRSSGTGQGTPFSYSVPGQANEIVLLEAGHEPMELLINDKVAQLPLSLKDNGWHHICIAWTTRDGLWSAYQDGELQGSGENLAAWHPIKPHGILILGQEQDTLGGRFDATQAFVGDIAQFNLWDHALTPAQVLGIANCTAPLLGNVLPWEDKLVEAFGGATKAAFDVCKGRAKA
Q6ZVZ8,ASB18,MSNSDYLPDYPLNSDLVKRLKSALDAKDEERVRDLICTEITPVDAVIELANDDWMKDPSAQLPTGMLLGDLDHLKPLMDQFFQDANVVFEINKDEMEWQVKSPATFGLSGLWTLEYKRELTTPLCIAAAHGHTACVRHLLGRGADPDASPGGRGALHEACLGGHTACVRLLLQHRADPDLLSAEGLAPLHLCRTAASLGCAQALLEHGASVQRVGGTGRDTPLHVAAQRGLDEHARLYLGRGAHVDARNGRGETALSAACGAARRPDEHGRCLRLCALLLRRGAEADARDEDERSPLHKACGHASHSLARLLLRHGADAGALDYGGASPLGRVLQTASCALQASPQRTVQALLNHGSPTVWPDAFPKVLKTCASVPAVIEVLFNSYPQLCLSESWKEVIPEEVFQMHKPFYQSLFALALTPRCLQHLCRCALRRLFGKRCFDLIPLLPLPKPLQNYLLLEPQGVLH
Q7Z6M2,FBX33,MLLFLSVPQPRPPGARTRAGAARVARWRRLRLQQLRRLRGLLRVLRGRPGAGSRRRGRMALCGQAAGAASLPSELIVHIFSFLPAPDRLRASASCSHWRECLFYPALWPQLRICLRVSPAEQPRLEFLMRKCGWFVRELRVEFAAENYLSGGGPGDGGGADTGTGGEEVEALQLSARWLEVLRTYLELVLCVLVSIRNNRNLQKFSLFGDISVLQQQGSLSNTYLSKVDPDGKKIKQIQQLFEEILSNSRQLKWLSCGFMLEIVTPTSLSSLSNAVANTMEHLSLLDNNIPGNSTLITAVELERFVNLHSLALDFCDFTAEMARVLTDSNHVPLQRLSLLVHNVSVMHKSLDNMPNDEHWKALSRKSTSFRVYIMAFDIKSEDMLKILKPSIPLERIHFDSYITCVSGAIVDLISRQYDKFLTHFILMNDVIDTSGFPDLSDNRNEDPLVLLAWRCTKLSLLAIHGYTVWAHNLIAIARLRGSDLKVLEVTEESIDFDQGELADQDVDPVHNLIEQVSLGLGQPWHAVMDIESLSVFTEPNRHFYREMQSFSEDI
Q8WWX0,ASB5,MSVLEENRPFAQQLSNVYFTILSLFCFKLFVKISLAILSHFYIVKGNRKEAARIAAEFYGVTQGQGSWADRSPLHEAASQGRLLALRTLLSQGYNVNAVTLDHVTPLHEACLGDHVACARTLLEAGANVNAITIDGVTPLFNACSQGSPSCAELLLEYGAKAQLESCLPSPTHEAASKGHHECLDILISWGIDVDQEIPHLGTPLYVACMSQQFHCIWKLLYAGADVQKGKYWDTPLHAAAQQSSTEIVNLLLEFGADINAKNTELLRPIDVATSSSMVERILLQHEATPSSLYQLCRLCIRSYIGKPRLHLIPQLQLPTLLKNFLQYR
Q8WXJ9,ASB17,MSKSTKLCGKTSCPRSNIFCNLLDKIVKRPSLQFLGQWGYHCYEPRIYRSLAKILRYVDLDGFDALLTDYIAFVEKSGYRFEVSFNLDFTEICVNTILYWVFARKGNPDFVELLLKKTKDYVQDRSCNLALIWRTFTPVYCPSPLSGITPLFYVAQTRQSNIFKILLQYGILEREKNPINIVLTIVLYPSRVRVMVDRELADIHEDAKTCLVLCSRVLSVISVKEIKTQLSLGRHPIISNWFDYIPSTRYKDPCELLHLCRLTIRNQLLTNNMLPDGIFSLLIPARLQNYLNLEI
Q96NS5,ASB16,MARETFPFTSSMLRSLRLQQEWLEWEDRRRAAAQQCRSRRCPSSPRARLTRPHRSCRDPAVHQALFSGNLQQVQALFQDEEAANMIVETVSNQLAWSAEQGFWVLTPKTKQTAPLAIATARGYTDCARHLIRQGAELDARVGGRAALHEACARAQFDCVRLLLTFGAKANVLTEEGTTPLHLCTIPESLQCAKLLLEAGATVNLAAGESQETPLHVAAARGLEQHVALYLEHGADVGLRTSQGETALNTACAGAEGPGSCRRHQAAARRLLEAGADARAAGRKRHTPLHNACANGCGGLAELLLRYGARAEVPNGAGHTPMDCALQAVQDSPNWEPEVLFAALLDYGAQPVRPEMLKHCANFPRALEVLLNAYPCVPSCETWVEAVLPELWKEHEAFYSSALCMVNQPRQLQHLARLAVRARLGSRCRQGATRLPLPPLLRDYLLLRVEGCIQ
Q9BR09,NEUL2,MAAASEPVDSGALWGLERPEPPPTRFHRVHGANIRVDPSGTRATRVESFAHGVCFSREPLAPGQVFLVEIEEKELGWCGHLRLGLTALDPASLAPVPEFSLPDLVNLGHTWVFAITRHHNRVPREGRPEAEAAAPSRPPTLLVEPYLRIEQFRIPRDRLVGRSRPGLYSHLLDQLYELNVLPPTARRSRLGVLFCPRPDGTADMHIIINGEDMGPSARGLPAAQPLYAVVDVFASTKSVRLVQLEYGLPSLQTLCRLVIQRSMVHRLAIDGLHLPKELKDFCKYE
Q9BXM9,FSD1L,MDSQKYCFKENENVTVDKACFLISNITIGPESINLQQEALQRIISTLANKNDEIQNFIDTLHHTLKGVQENSSNILSELDEEFDSLYSILDEVKESMINCIKQEQARKSQELQSQISQCNNALENSEELLEFATRSLDIKEPEEFSKAARQIKDRVTMASAFRLSLKPKVSDNMTHLMVDFSQERQMLQTLKFLPVPKAPEIDPVECLVADNSVTVAWRMPEEDNKIDHFILEHRKTNFDGLPRVKDERCWEIIDNIKGTEYTLSGLKFDSKYMNFRVRACNKAVAGEYSDPVTLETKALNFNLDNSSSHLNLKVEDTCVEWDPTGGKGQESKIKGKENKGRSGTPSPKRTSVGSRPPAVRGSRDRFTGESYTVLGDTAIESGQHYWEVKAQKDCKSYSVGVAYKTLGKFDQLGKTNTSWCIHVNNWLQNTFAAKHNNKVKALDVTVPEKIGVFCDFDGGQLSFYDANSKQLLYSFKTKFTQPVLPGFMVWCGGLSLSTGMQVPSAVRTLQKSENGMTGSASSLNNVVTQ
Q9H765,ASB8,MSSSMWYIMQSIQSKYSLSERLIRTIAAIRSFPHDNVEDLIRGGADVNCTHGTLKPLHCACMVSDADCVELLLEKGAEVNALDGYNRTALHYAAEKDEACVEVLLEYGANPNALDGNRDTPLHWAAFKNNAECVRALLESGASVNALDYNNDTPLSWAAMKGNLESVSILLDYGAEVRVINLIGQTPISRLVALLVRGLGTEKEDSCFELLHRAVGHFELRKNGTMPREVARDPQLCEKLTVLCSAPGTLKTLARYAVRRSLGLQYLPDAVKGLPLPASLKEYLLLLE
Q9NVR0,KLH11,MAAAAVAAAAAAAAAASLQVLEMESMETAAAGSAGLAAEVRGSGTVDFGPGPGISAMEASGGDPGPEAEDFECSSHCSELSWRQNEQRRQGLFCDITLCFGGAGGREFRAHRSVLAAATEYFTPLLSGQFSESRSGRVEMRKWSSEPGPEPDTVEAVIEYMYTGRIRVSTGSVHEVLELADRFLLIRLKEFCGEFLKKKLHLSNCVAIHSLAHMYTLSQLALKAADMIRRNFHKVIQDEEFYTLPFHLIRDWLSDLEITVDSEEVLFETVLKWVQRNAEERERYFEELFKLLRLSQMKPTYLTRHVKPERLVANNEVCVKLVADAVERHALRAENIQSGTCQHPTSHVSLLPRYGQNMDVIMVIGGVSEGGDYLSECVGYFVDEDRWVNLPHIHNHLDGHAVAVTESYVYVAGSMEPGFAKTVERYNPNLNTWEHVCSLMTRKHSFGLTEVKGKLYSIGGHGNFSPGFKDVTVYNPELDKWHNLESAPKILRDVKALAIEDRFVYIAARTPVDRDTEDGLKAVITCYDTETRQWQDVESLPLIDNYCFFQMSVVNSNFYQTASCCPKSYCLENEEAVRKIASQVSDEILESLPPEVLSIEGAAICYYKDDVFIIGGWKNSDDIDKQYRKEAYRYCAERKRWMLLPPMPQPRCRATACHVRIPYRYLHGTQRYPMPQNLMWQKDRIRQMQEIHRHALNMRRVPSSQIEC
Q8WW59,SPRY4,MALLFARSLRLCRWGAKRLGVASTEAQRGVSFKLEEKTAHSSLALFRDDTGVKYGLVGLEPTKVALNVERFREWAVVLADTAVTSGRHYWEVTVKRSQQFRIGVADVDMSRDSCIGVDDRSWVFTYAQRKWYTMLANEKAPVEGIGQPEKVGLLLEYEAQKLSLVDVSQVSVVHTLQTDFRGPVVPAFALWDGELLTHSGLEVPEGL
Q9BVR0,HRC23,MHAFCVGQYLEPDQEGVTIPDLGSLSSPLIDTERNLGLLLGLHASYLAMSTPLSPVEIECAKWLQSSIFSGGLQTSQIHYSYNEEKDEDHCSSPGGTPASKSRLCSHRRALGDHSQAFLQAIADNNIQDHNVKDFLCQIERYCRQCHLTTPIMFPPEHPVEEVGRLLLCCLLKHEDLGHVALSLVHAGALGIEQVKHRTLPKSVVDVCRVVYQAKCSLIKTHQEQGRSYKEVCAPVIERLRFLFNELRPAVCNDLSIMSKFKLLSSLPHWRRIAQKIIREPRKKRVPKKPESTDDEEKIGNEESDLEEACILPHSPINVDKRPIAIKSPKDKWQPLLSTVTGVHKYKWLKQNVQGLYPQSPLLSTIAEFALKEEPVDVEKRKCLLKQLERAEVRLEGIDTILKLYLVSKNFLLPSVPYAMFCGWQRLIPEGIDIGEPLTDCLKDVDLIPPFNRMLLEVTFGKLYAWAVQNIRNVLVDASAKFKELGIQPVPLQTITNENPSGPSLGTIPQAHFLLVMLSMLTLQHSANNLDLLLNSGTLALAQTALRLIGPSCDSVEEDMNASAQGASATVLEETRKETAPVQLPVSGPELAAMMKIGTRVMRGVDWKWGDQDRPPPGLGRVIGELGEDGWIRVQWDTGSTNSYRMGKEGNYDLKLAELPAPAQPSAEDSDTEDDSEAEQTERNIHPTAMMFTSTINLLQTLCLSAGVHAEIMQSEATKTLCGLLQMLVYREQHRSWCTLGFVQSIALTLQVCGTLSSLQWITLLMKVVEGHAPFTATSLQRQILAVHLLQAVLPSWDKTERARDMKCLMEKLFDFLGSLLTMCSSDVPLLRESTLRRRRVCPQASLTATHSSTLAEEVVALLHTLHSLTQWNGLINKYINSQLRSITHSFAGRPSKGAQLEDYFPDSENPEVGGLMAVLAVVGGIDGRLCLGGQVVHDDFGEVTMTRITLKGKITVQFSDMRTCHVCPLNQLKPLPAVAFNVNNLPFTEPMLSVWAQLVNLAGSKLEKHKIKKSTKQAFAGQVDLDLLRCQQLKLYILKAGRALFSHQDKLRQILSQPAVQETGTVHTDDGAVVSPDLGDMSPEGPQPPMILLQQLLASATQPSPVKAIFDKQELEERMSRCCFWRRRTTKLEQILLFIRRMNSVCEKENTNATASN
Q96SW2,CRBN,MAGEGDQQDAAHNMGNHLPLLPAESEEEDEMEVEDQDSKEAKKPNIINFDTSLPTSHTYLGADMEEFHGRTLHDDDSCQVIPVLPQVMMILIPGQTLPLQLFHPQEVSMVRNLIQKDRTFAVLAYSNVQEREAQFGTTAEIYAYREEQDFGIEIVKVKAIGRQRFKVLELRTQSDGIQQAKVQILPECVLPSTMSAVQLESLNKCQIFPSKPVSREDQCSYKWWQKYQKRKFHCANLTSWPRWLYSLYDAETLMDRIKKQLREWDENLKDDSLPSNPIDFSYRVAACLPIDDVLRIQLLKIGSAIQRLRCELDIMNKCTSLCCKQCQETEITTKNEIFSLSLCGPMAAYVNPHGYVHETLTVYKACNLNLIGRPSTEHSWFPGYAWTVAQCKICASHIGWKFTATKKDMSPQKFWGLTRSALLPTIPDTEDEISPDKVILCL
Q13263,TIF1B,MAASAAAASAAAASAASGSPGPGEGSAGGEKRSTAPSAAASASASAAASSPAGGGAEALELLEHCGVCRERLRPEREPRLLPCLHSACSACLGPAAPAAANSSGDGGAAGDGTVVDCPVCKQQCFSKDIVENYFMRDSGSKAATDAQDANQCCTSCEDNAPATSYCVECSEPLCETCVEAHQRVKYTKDHTVRSTGPAKSRDGERTVYCNVHKHEPLVLFCESCDTLTCRDCQLNAHKDHQYQFLEDAVRNQRKLLASLVKRLGDKHATLQKSTKEVRSSIRQVSDVQKRVQVDVKMAILQIMKELNKRGRVLVNDAQKVTEGQQERLERQHWTMTKIQKHQEHILRFASWALESDNNTALLLSKKLIYFQLHRALKMIVDPVEPHGEMKFQWDLNAWTKSAEAFGKIVAERPGTNSTGPAPMAPPRAPGPLSKQGSGSSQPMEVQEGYGFGSGDDPYSSAEPHVSGVKRSRSGEGEVSGLMRKVPRVSLERLDLDLTADSQPPVFKVFPGSTTEDYNLIVIERGAAAAATGQPGTAPAGTPGAPPLAGMAIVKEEETEAAIGAPPTATEGPETKPVLMALAEGPGAEGPRLASPSGSTSSGLEVVAPEGTSAPGGGPGTLDDSATICRVCQKPGDLVMCNQCEFCFHLDCHLPALQDVPGEEWSCSLCHVLPDLKEEDGSLSLDGADSTGVVAKLSPANQRKCERVLLALFCHEPCRPLHQLATDSTFSLDQPGGTLDLTLIRARLQEKLSPPYSSPQEFAQDVGRMFKQFNKLTEDKADVQSIIGLQRFFETRMNEAFGDTKFSAVLVEPPPMSLPGAGLSSQELSGGPGDGP
