Entry,Length,Gene Names (primary),Sequence
Q92551,441,IP6K1,MCVCQTMEVGQYGKNASRAGDRGVLLEPFIHQVGGHSSMMRYDDHTVCKPLISREQRFYESLPPEMKEFTPEYKGVVSVCFEGDSDGYINLVAYPYVESETVEQDDTTEREQPRRKHSRRSLHRSGSGSDHKEEKASLSLETSESSQEAKSPKVELHSHSEVPFQMLDGNSGLSSEKISHNPWSLRCHKQQLSRMRSESKDRKLYKFLLLENVVHHFKYPCVLDLKMGTRQHGDDASAEKAARQMRKCEQSTSATLGVRVCGMQVYQLDTGHYLCRNKYYGRGLSIEGFRNALYQYLHNGLDLRRDLFEPILSKLRGLKAVLERQASYRFYSSSLLVIYDGKECRAESCLDRRSEMRLKHLDMVLPEVASSCGPSTSPSNTSPEAGPSSQPKVDVRMIDFAHSTFKGFRDDPTVHDGPDRGYVFGLENLISIMEQMRDENQ
Q92630,601,DYRK2,MLTRKPSAAAPAAYPTGRGGDSAVRQLQASPGLGAGATRSGVGTGPPSPIALPPLRASNAAAAAHTIGGSKHTMNDHLHVGSHAHGQIQVQQLFEDNSNKRTVLTTQPNGLTTVGKTGLPVVPERQLDSIHRRQGSSTSLKSMEGMGKVKATPMTPEQAMKQYMQKLTAFEHHEIFSYPEIYFLGLNAKKRQGMTGGPNNGGYDDDQGSYVQVPHDHVAYRYEVLKVIGKGSFGQVVKAYDHKVHQHVALKMVRNEKRFHRQAAEEIRILEHLRKQDKDNTMNVIHMLENFTFRNHICMTFELLSMNLYELIKKNKFQGFSLPLVRKFAHSILQCLDALHKNRIIHCDLKPENILLKQQGRSGIKVIDFGSSCYEHQRVYTYIQSRFYRAPEVILGARYGMPIDMWSLGCILAELLTGYPLLPGEDEGDQLACMIELLGMPSQKLLDASKRAKNFVSSKGYPRYCTVTTLSDGSVVLNGGRSRRGKLRGPPESREWGNALKGCDDPLFLDFLKQCLEWDPAVRMTPGQALRHPWLRRRLPKPPTGEKTSVKRITESTGAITSISKLPPPSSSASKLRTNLAQMTDANGNIQQRTVLPKLVS
Q92772,493,CDKL2,MEKYENLGLVGEGSYGMVMKCRNKDTGRIVAIKKFLESDDDKMVKKIAMREIKLLKQLRHENLVNLLEVCKKKKRWYLVFEFVDHTILDDLELFPNGLDYQVVQKYLFQIINGIGFCHSHNIIHRDIKPENILVSQSGVVKLCDFGFARTLAAPGEVYTDYVATRWYRAPELLVGDVKYGKAVDVWAIGCLVTEMFMGEPLFPGDSDIDQLYHIMMCLGNLIPRHQELFNKNPVFAGVRLPEIKEREPLERRYPKLSEVVIDLAKKCLHIDPDKRPFCAELLHHDFFQMDGFAERFSQELQLKVQKDARNVSLSKKSQNRKKEKEKDDSLVEERKTLVVQDTNADPKIKDYKLFKIKGSKIDGEKAEKGNRASNASCLHDSRTSHNKIVPSTSLKDCSNVSVDHTRNPSVAIPPLTHNLSAVAPSINSGMGTETIPIQGYRVDEKTKKCSIPFVKPNRHSPSGIYNINVTTLVSGPPLSDDSGADLPQMEHQH
Q92918,833,MAP4K1,MDVVDPDIFNRDPRDHYDLLQRLGGGTYGEVFKARDKVSGDLVALKMVKMEPDDDVSTLQKEILILKTCRHANIVAYHGSYLWLQKLWICMEFCGAGSLQDIYQVTGSLSELQISYVCREVLQGLAYLHSQKKIHRDIKGANILINDAGEVRLADFGISAQIGATLARRLSFIGTPYWMAPEVAAVALKGGYNELCDIWSLGITAIELAELQPPLFDVHPLRVLFLMTKSGYQPPRLKEKGKWSAAFHNFIKVTLTKSPKKRPSATKMLSHQLVSQPGLNRGLILDLLDKLKNPGKGPSIGDIEDEEPELPPAIPRRIRSTHRSSSLGIPDADCCRRHMEFRKLRGMETRPPANTARLQPPRDLRSSSPRKQLSESSDDDYDDVDIPTPAEDTPPPLPPKPKFRSPSDEGPGSMGDDGQLSPGVLVRCASGPPPNSPRPGPPPSTSSPHLTAHSEPSLWNPPSRELDKPPLLPPKKEKMKRKGCALLVKLFNGCPLRIHSTAAWTHPSTKDQHLLLGAEEGIFILNRNDQEATLEMLFPSRTTWVYSINNVLMSLSGKTPHLYSHSILGLLERKETRAGNPIAHISPHRLLARKNMVSTKIQDTKGCRACCVAEGASSGGPFLCGALETSVVLLQWYQPMNKFLLVRQVLFPLPTPLSVFALLTGPGSELPAVCIGVSPGRPGKSVLFHTVRFGALSCWLGEMSTEHRGPVQVTQVEEDMVMVLMDGSVKLVTPEGSPVRGLRTPEIPMTEAVEAVAMVGGQLQAFWKHGVQVWALGSDQLLQELRDPTLTFRLLGSPRLECSGTISPHCNLLLPGSSNSPASASRVAGITGL
Q92989,425,CLP1,MGEEANDDKKPTTKFELERETELRFEVEASQSVQLELLTGMAEIFGTELTRNKKFTFDAGAKVAVFTWHGCSVQLSGRTEVAYVSKDTPMLLYLNTHTALEQMRRQAEKEEERGPRVMVVGPTDVGKSTVCRLLLNYAVRLGRRPTYVELDVGQGSVSIPGTMGALYIERPADVEEGFSIQAPLVYHFGSTTPGTNIKLYNKITSRLADVFNQRCEVNRRASVSGCVINTCGWVKGSGYQALVHAASAFEVDVVVVLDQERLYNELKRDLPHFVRTVLLPKSGGVVERSKDFRRECRDERIREYFYGFRGCFYPHAFNVKFSDVKIYKVGAPTIPDSCLPLGMSQEDNQLKLVPVTPGRDMVHHLLSVSTAEGTEENLSETSVAGFIVVTSVDLEHQVFTVLSPAPRPLPKNFLLIMDIRFMDLK
Q969G6,155,RFK,MRHLPYFCRGQVVRGFGRGSKQLGIPTANFPEQVVDNLPADISTGIYYGWASVGSGDVHKMVVSIGWNPYYKNTKKSMETHIMHTFKEDFYGEILNVAIVGYLRPEKNFDSLESLISAIQGDIEEAKKRLELPEHLKIKEDNFFQVSKSKIMNGH
Q96BR1,496,SGK3,MQRDHTMDYKESCPSVSIPSSDEHREKKKRFTVYKVLVSVGRSEWFVFRRYAEFDKLYNTLKKQFPAMALKIPAKRIFGDNFDPDFIKQRRAGLNEFIQNLVRYPELYNHPDVRAFLQMDSPKHQSDPSEDEDERSSQKLHSTSQNINLGPSGNPHAKPTDFDFLKVIGKGSFGKVLLAKRKLDGKFYAVKVLQKKIVLNRKEQKHIMAERNVLLKNVKHPFLVGLHYSFQTTEKLYFVLDFVNGGELFFHLQRERSFPEHRARFYAAEIASALGYLHSIKIVYRDLKPENILLDSVGHVVLTDFGLCKEGIAISDTTTTFCGTPEYLAPEVIRKQPYDNTVDWWCLGAVLYEMLYGLPPFYCRDVAEMYDNILHKPLSLRPGVSLTAWSILEELLEKDRQNRLGAKEDFLEIQNHPFFESLSWADLVQKKIPPPFNPNVAGPDDIRNFDTAFTEETVPYSVCVSSDYSIVNASVLEADDAFVGFSYAPPSEDLFL
Q96C11,551,FGGY,MSGGEQKPERYYVGVDVGTGSVRAALVDQSGVLLAFADQPIKNWEPQFNHHEQSSEDIWAACCVVTKKVVQGIDLNQIRGLGFDATCSLVVLDKQFHPLPVNQEGDSHRNVIMWLDHRAVSQVNRINETKHSVLQYVGGVMSVEMQAPKLLWLKENLREICWDKAGHFFDLPDFLSWKATGVTARSLCSLVCKWTYSAEKGWDDSFWKMIGLEDFVADNYSKIGNQVLPPGASLGNGLTPEAARDLGLLPGIAVAASLIDAHAGGLGVIGADVRGHGLICEGQPVTSRLAVICGTSSCHMGISKDPIFVPGVWGPYFSAMVPGFWLNEGGQSVTGKLIDHMVQGHAAFPELQVKATARCQSIYAYLNSHLDLIKKAQPVGFLTVDLHVWPDFHGNRSPLADLTLKGMVTGLKLSQDLDDLAILYLATVQAIALGTRFIIEAMEAAGHSISTLFLCGGLSKNPLFVQMHADITGMPVVLSQEVESVLVGAAVLGACASGDFASVQEAMAKMSKVGKVVFPRLQDKKYYDKKYQVFLKLVEHQKEYLAIMNDD
Q96C45,1275,ULK4,MENFILYEEIGRGSKTVVYKGRRKGTINFVAILCTDKCKRPEITNWVRLTREIKHKNIVTFHEWYETSNHLWLVVELCTGGSLKTVIAQDENLPEDVVREFGIDLISGLHHLHKLGILFCDISPRKILLEGPGTLKFSNFCLAKVEGENLEEFFALVAAEEGGGDNGENVLKKSMKSRVKGSPVYTAPEVVRGADFSISSDLWSLGCLLYEMFSGKPPFFSESISELTEKILCEDPLPPIPKDSSRPKASSDFINLLDGLLQRDPQKRLTWTRLLQHSFWKKAFAGADQESSVEDLSLSRNTMECSGPQDSKELLQNSQSRQAKGHKSGQPLGHSFRLENPTEFRPKSTLEGQLNESMFLLSSRPTPRTSTAVEVSPGEDMTHCSPQKTSPLTKITSGHLSQQDLESQMRELIYTDSDLVVTPIIDNPKIMKQPPVKFDAKILHLPTYSVDKLLFLKDQDWNDFLQQVCSQIDSTEKSMGASRAKLNLLCYLCVVAGHQEVATRLLHSPLFQLLIQHLRIAPNWDIRAKVAHVIGLLASHTAELQENTPVVEAIVLLTELIRENFRNSKLKQCLLPTLGELIYLVATQEEKKKNPRECWAVPLAAYTVLMRCLREGEERVVNHMAAKIIENVCTTFSAQSQGFITGEIGPILWYLFRHSTADSLRITAVSALCRITRHSPTAFQNVIEKVGLNSVINSLASAICKVQQYMLTLFAAMLSCGIHLQRLIQEKGFVSTIIRLLDSPSTCIRAKAFLVLLYILIYNREMLLLSCQARLVMYIERDSRKTTPGKEQQSGNEYLSKCLDLLICHIVQELPRILGDILNSLANVSGRKHPSTVQVKQLKLCLPLMPVVLHLVTSQVFRPQVVTEEFLFSYGTILSHIKSVDSGETNIDGAIGLTASEEFIKITLSAFEAIIQYPILLKDYRSTVVDYILPPLVSLVQSQNVEWRLFSLRLLSETTSLLVNQEFGDGKEKASVDSDSNLLALIRDVLLPQYEHILLEPDPVPAYALKLLVAMTEHNPTFTRLVEESKLIPLIFEVTLEHQESILGNTMQSVIALLSNLVACKDSNMELLYEQGLVSHICNLLTETATLCLDVDNKNNNEMAAPLLFSLLDILHSMLTYTSGIVRLALQAQKSGSGEDPQAAEDLLLLNRPLTDLISLLIPLLPNEDPEIFDVSSKCLSILVQLYGGENPDSLSPENVEIFAHLLTSKEDPKEQKLLLRILRRMITSNEKHLESLKNAGSLLRALERLAPGSGSFADSAVAPLALEILQAVGH
Q96D53,544,COQ8B,MWLKVGGLLRGTGGQLGQTVGWPCGALGPGPHRWGPCGGSWAQKFYQDGPGRGLGEEDIRRAREARPRKTPRPQLSDRSRERKVPASRISRLANFGGLAVGLGLGVLAEMAKKSMPGGRLQSEGGSGLDSSPFLSEANAERIVQTLCTVRGAALKVGQMLSIQDNSFISPQLQHIFERVRQSADFMPRWQMLRVLEEELGRDWQAKVASLEEVPFAAASIGQVHQGLLRDGTEVAVKIQYPGIAQSIQSDVQNLLAVLKMSAALPAGLFAEQSLQALQQELAWECDYRREAACAQNFRQLLANDPFFRVPAVVKELCTTRVLGMELAGGVPLDQCQGLSQDLRNQICFQLLTLCLRELFEFRFMQTDPNWANFLYDASSHQVTLLDFGASREFGTEFTDHYIEVVKAAADGDRDCVLQKSRDLKFLTGFETKAFSDAHVEAVMILGEPFATQGPYDFGSGETARRIQDLIPVLLRHRLCPPPEETYALHRKLAGAFLACAHLRAHIACRDLFQDTYHRYWASRQPDAATAGSLPTKGDSWVDPS
Q96DU7,683,ITPKC,MRRCPCRGSLNEAEAGALPAAARMGLEAPRGGRRRQPGQQRPGPGAGAPAGRPEGGGPWARTEGSSLHSEPERAGLGPAPGTESPQAEFWTDGQTEPAAAGLGVETERPKQKTEPDRSSLRTHLEWSWSELETTCLWTETGTDGLWTDPHRSDLQFQPEEASPWTQPGVHGPWTELETHGSQTQPERVKSWADNLWTHQNSSSLQTHPEGACPSKEPSADGSWKELYTDGSRTQQDIEGPWTEPYTDGSQKKQDTEAARKQPGTGGFQIQQDTDGSWTQPSTDGSQTAPGTDCLLGEPEDGPLEEPEPGELLTHLYSHLKCSPLCPVPRLIITPETPEPEAQPVGPPSRVEGGSGGFSSASSFDESEDDVVAGGGGASDPEDRSGSKPWKKLKTVLKYSPFVVSFRKHYPWVQLSGHAGNFQAGEDGRILKRFCQCEQRSLEQLMKDPLRPFVPAYYGMVLQDGQTFNQMEDLLADFEGPSIMDCKMGSRTYLEEELVKARERPRPRKDMYEKMVAVDPGAPTPEEHAQGAVTKPRYMQWRETMSSTSTLGFRIEGIKKADGTCNTNFKKTQALEQVTKVLEDFVDGDHVILQKYVACLEELREALEISPFFKTHEVVGSSLLFVHDHTGLAKVWMIDFGKTVALPDHQTLSHRLPWAEGNREDGYLWGLDNMICLLQGLAQS
Q96GD4,344,AURKB,MAQKENSYPWPYGRQTAPSGLSTLPQRVLRKEPVTPSALVLMSRSNVQPTAAPGQKVMENSSGTPDILTRHFTIDDFEIGRPLGKGKFGNVYLAREKKSHFIVALKVLFKSQIEKEGVEHQLRREIEIQAHLHHPNILRLYNYFYDRRRIYLILEYAPRGELYKELQKSCTFDEQRTATIMEELADALMYCHGKKVIHRDIKPENLLLGLKGELKIADFGWSVHAPSLRRKTMCGTLDYLPPEMIEGRMHNEKVDLWCIGVLCYELLVGNPPFESASHNETYRRIVKVDLKFPASVPMGAQDLISKLLRHNPSERLPLAQVSAHPWVRANSRRVLPPSALQSVA
Q96GX5,879,MASTL,MDPTAGSKKEPGGGAATEEGVNRIAVPKPPSIEEFSIVKPISRGAFGKVYLGQKGGKLYAVKVVKKADMINKNMTHQVQAERDALALSKSPFIVHLYYSLQSANNVYLVMEYLIGGDVKSLLHIYGYFDEEMAVKYISEVALALDYLHRHGIIHRDLKPDNMLISNEGHIKLTDFGLSKVTLNRDINMMDILTTPSMAKPRQDYSRTPGQVLSLISSLGFNTPIAEKNQDPANILSACLSETSQLSQGLVCPMSVDQKDTTPYSSKLLKSCLETVASNPGMPVKCLTSNLLQSRKRLATSSASSQSHTFISSVESECHSSPKWEKDCQESDEALGPTMMSWNAVEKLCAKSANAIETKGFNKKDLELALSPIHNSSALPTTGRSCVNLAKKCFSGEVSWEAVELDVNNINMDTDTSQLGFHQSNQWAVDSGGISEEHLGKRSLKRNFELVDSSPCKKIIQNKKTCVEYKHNEMTNCYTNQNTGLTVEVQDLKLSVHKSQQNDCANKENIVNSFTDKQQTPEKLPIPMIAKNLMCELDEDCEKNSKRDYLSSSFLCSDDDRASKNISMNSDSSFPGISIMESPLESQPLDSDRSIKESSFEESNIEDPLIVTPDCQEKTSPKGVENPAVQESNQKMLGPPLEVLKTLASKRNAVAFRSFNSHINASNNSEPSRMNMTSLDAMDISCAYSGSYPMAITPTQKRRSCMPHQQTPNQIKSGTPYRTPKSVRRGVAPVDDGRILGTPDYLAPELLLGRAHGPAVDWWALGVCLFEFLTGIPPFNDETPQQVFQNILKRDIPWPEGEEKLSDNAQSAVEILLTIDDTKRAGMKELKRHPLFSDVDWENLQHQTMPFIPQPDDETDTSYFEARNTAQHLTVSGFSL
Q96J92,1243,WNK4,MLASPATETTVLMSQTEADLALRPPPPLGTAGQPRLGPPPRRARRFSGKAEPRPRSSRLSRRSSVDLGLLSSWSLPASPAPDPPDPPDSAGPGPARSPPPSSKEPPEGTWTEGAPVKAAEDSARPELPDSAVGPGSREPLRVPEAVALERRREQEEKEDMETQAVATSPDGRYLKFDIEIGRGSFKTVYRGLDTDTTVEVAWCELQTRKLSRAERQRFSEEVEMLKGLQHPNIVRFYDSWKSVLRGQVCIVLVTELMTSGTLKTYLRRFREMKPRVLQRWSRQILRGLHFLHSRVPPILHRDLKCDNVFITGPTGSVKIGDLGLATLKRASFAKSVIGTPEFMAPEMYEEKYDEAVDVYAFGMCMLEMATSEYPYSECQNAAQIYRKVTSGRKPNSFHKVKIPEVKEIIEGCIRTDKNERFTIQDLLAHAFFREERGVHVELAEEDDGEKPGLKLWLRMEDARRGGRPRDNQAIEFLFQLGRDAAEEVAQEMVALGLVCEADYQPVARAVRERVAAIQRKREKLRKARELEALPPEPGPPPATVPMAPGPPSVFPPEPEEPEADQHQPFLFRHASYSSTTSDCETDGYLSSSGFLDASDPALQPPGGVPSSLAESHLCLPSAFALSIPRSGPGSDFSPGDSYASDAASGLSDVGEGMGQMRRPPGRNLRRRPRSRLRVTSVSDQNDRVVECQLQTHNSKMVTFRFDLDGDSPEEIAAAMVYNEFILPSERDGFLRRIREIIQRVETLLKRDTGPMEAAEDTLSPQEEPAPLPALPVPLPDPSNEELQSSTSLEHRSWTAFSTSSSSPGTPLSPGNPFSPGTPISPGPIFPITSPPCHPSPSPFSPISSQVSSNPSPHPTSSPLPFSSSTPEFPVPLSQCPWSSLPTTSPPTFSPTCSQVTLSSPFFPPCPSTSSFPSTTAAPLLSLASAFSLAVMTVAQSLLSPSPGLLSQSPPAPPSPLPSLPLPPPVAPGGQESPSPHTAEVESEASPPPARPLPGEARLAPISEEGKPQLVGRFQVTSSKEPAEPLPLQPTSPTLSGSPKPSTPQLTSESSDTEDSAGGGPETREALAESDRAAEGLGAGVEEEGDDGKEPQVGGSPQPLSHPSPVWMNYSYSSLCLSSEESESSGEDEEFWAELQSLRQKHLSEVETLQTLQKKEIEDLYSRLGKQPPPGIVAPAAMLSSRQRRLSKGSFPTSRRNSLQRSEPPGPGIMRRNSLSGSSTGSQEQRASKGVTFAGDVGRM
Q96KB5,322,PBK,MEGISNFKTPSKLSEKKKSVLCSTPTINIPASPFMQKLGFGTGVNVYLMKRSPRGLSHSPWAVKKINPICNDHYRSVYQKRLMDEAKILKSLHHPNIVGYRAFTEANDGSLCLAMEYGGEKSLNDLIEERYKASQDPFPAAIILKVALNMARGLKYLHQEKKLLHGDIKSSNVVIKGDFETIKICDVGVSLPLDENMTVTDPEACYIGTEPWKPKEAVEENGVITDKADIFAFGLTLWEMMTLSIPHINLSNDDDDEDKTFDESDFDDEAYYAALGTRPPINMEELDESYQKVIELFSVCTNEDPKDRPSAAHIVEALETDV
Q96L34,752,MARK4,MSSRTVLAPGNDRNSDTHGTLGSGRSSDKGPSWSSRSLGARCRNSIASCPEEQPHVGNYRLLRTIGKGNFAKVKLARHILTGREVAIKIIDKTQLNPSSLQKLFREVRIMKGLNHPNIVKLFEVIETEKTLYLVMEYASAGEVFDYLVSHGRMKEKEARAKFRQIVSAVHYCHQKNIVHRDLKAENLLLDAEANIKIADFGFSNEFTLGSKLDTFCGSPPYAAPELFQGKKYDGPEVDIWSLGVILYTLVSGSLPFDGHNLKELRERVLRGKYRVPFYMSTDCESILRRFLVLNPAKRCTLEQIMKDKWINIGYEGEELKPYTEPEEDFGDTKRIEVMVGMGYTREEIKESLTSQKYNEVTATYLLLGRKTEEGGDRGAPGLALARVRAPSDTTNGTSSSKGTSHSKGQRSSSSTYHRQRRHSDFCGPSPAPLHPKRSPTSTGEAELKEERLPGRKASCSTAGSGSRGLPPSSPMVSSAHNPNKAEIPERRKDSTSTPNNLPPSMMTRRNTYVCTERPGAERPSLLPNGKENSSGTPRVPPASPSSHSLAPPSGERSRLARGSTIRSTFHGGQVRDRRAGGGGGGGVQNGPPASPTLAHEAAPLPAGRPRPTTNLFTKLTSKLTRRVADEPERIGGPEVTSCHLPWDQTETAPRLLRFPWSVKLTSSRPPEALMAALRQATAAARCRCRQPQPFLLACLHGGAGGPEPLSHFEVEVCQLPRPGLRGVLFRRVAGTALAFRTLVTRISNDLEL
Q96L96,1705,ALPK3,MGSRRAPSRGWGAGGRSGAGGDGEDDGPVWIPSPASRSYLLSVRPETSLSSNRLSHPSSGRSTFCSIIAQLTEETQPLFETTLKSRSVSEDSDVRFTCIVTGYPEPEVTWYKDDTELDRYCGLPKYEITHQGNRHTLQLYRCREEDAAIYQASAQNSKGIVSCSGVLEVGTMTEYKIHQRWFAKLKRKAAAKLREIEQSWKHEKAVPGEVDTLRKLSPDRFQRKRRLSGAQAPGPSVPTREPEGGTLAAWQEGETETAQHSGLGLINSFASGEVTTNGEAAPENGEDGEHGLLTYICDAMELGPQRALKEESGAKKKKKDEESKQGLRKPELEKAAQSRRSSENCIPSSDEPDSCGTQGPVGVEQVQTQPRGRAARGPGSSGTDSTRKPASAVGTPDKAQKAPGPGPGQEVYFSLKDMYLENTQAVRPLGEEGPQTLSVRAPGESPKGKAPLRARSEGVPGAPGQPTHSLTPQPTRPFNRKRFAPPKPKGEATTDSKPISSLSQAPECGAQSLGKAPPQASVQVPTPPARRRHGTRDSTLQGQAGHRTPGEVLECQTTTAPTMSASSSSDVASIGVSTSGSQGIIEPMDMETQEDGRTSANQRTGSKKNVQADGKIQVDGRTRGDGTQTAQRTRADRKTQVDAGTQESKRPQSDRSAQKGMMTQGRAETQLETTQAGEKIQEDRKAQADKGTQEDRRMQGEKGMQGEKGTQSEGSAPTAMEGQSEQEVATSLGPPSRTPKLPPTAGPRAPLNIECFVQTPEGSCFPKKPGCLPRSEEAVVTASRNHEQTVLGPLSGNLMLPAQPPHEGSVEQVGGERCRGPQSSGPVEAKQEDSPFQCPKEERPGGVPCMDQGGCPLAGLSQEVPTMPSLPGTGLTASPKAGPCSTPTSQHGSTATFLPSEDQVLMSSAPTLHLGLGTPTQSHPPETMATSSEGACAQVPDVEGRTPGPRSCDPGLIDSLKNYLLLLLKLSSTETSGAGGESQVGAATGGLVPSATLTPTVEVAGLSPRTSRRILERVENNHLVQSAQTLLLSPCTSRRLTGLLDREVQAGRQALAAARGSWGPGPSSLTVPAIVVDEEDPGLASEGASEGEGEVSPEGPGLLGASQESSMAGRLGEAGGQAAPGQGPSAESIAQEPSQEEKFPGEALTGLPAATPEELALGARRKRFLPKVRAAGDGEATTPEERESPTVSPRGPRKSLVPGSPGTPGRERRSPTQGRKASMLEVPRAEEELAAGDLGPSPKAGGLDTEVALDEGKQETLAKPRKAKDLLKAPQVIRKIRVEQFPDASGSLKLWCQFFNILSDSVLTWAKDQRPVGEVGRSAGDEGPAALAIVQASPVDCGVYRCTIHNEHGSASTDFCLSPEVLSGFISREEGEVGEEIEMTPMVFAKGLADSGCWGDKLFGRLVSEELRGGGYGCGLRKASQAKVIYGLEPIFESGRTCIIKVSSLLVFGPSSETSLVGRNYDVTIQGCKIQNMSREYCKIFAAEARAAPGFGEVPEIIPLYLIYRPANNIPYATLEEDLGKPLESYCSREWGCAEAPTASGSSEAMQKCQTFQHWLYQWTNGSFLVTDLAGVDWKMTDVQIATKLRGYQGLKESCFPALLDRFASSHQCNAYCELLGLTPLKGPEAAHPQAKAKGSKSPSAGRKGSQLSPQPQKKGLPSPQGTRKSAPSSKATPQASEPVTTQLLGQPPTQEEGSKAQGMR
Q96M32,723,AK7,MAEEEETAALTEKVIRTQRVFINLLDSYSSGNIGKFLSNCVVGASLEEITEEEEEEDENKSAMLEASSTKVKEGTFQIVGTLSKPDSPRPDFAVETYSAISREDLLMRLLECDVIIYNITESSQQMEEAIWAVSALSEEVSHFEKRKLFILLSTVMTWARSKALDPEDSEVPFTEEDYRRRKSHPNFLDHINAEKMVLKFGKKARKFAAYVVAAGLQYGAEGGMLHTFFKMAWLGEIPALPVFGDGTNVIPTIHVLDLAGVIQNVIDHVPKPHYLVAVDESVHTLEDIVKCISKNTGPGKIQKIPRENAYLTKDLTQDCLDHLLVNLRMEALFVKENFNIRWAAQTGFVENINTILKEYKQSRGLMPIKICILGPPAVGKSSIAKELANYYKLHHIQLKDVISEAIAKLEAIVAPNDVGEGEEEVEEEEEEENVEDAQELLDGIKESMEQNAGQLDDQYIIRFMKEKLKSMPCRNQGYILDGFPKTYDQAKDLFNQEDEEEEDDVRGRMFPFDKLIIPEFVCALDASDEFLKERVINLPESIVAGTHYSQDRFLRALSNYRDINIDDETVFNYFDELEIHPIHIDVGKLEDAQNRLAIKQLIKEIGEPRNYGLTDEEKAEEERKAAEERLAREAAEEAEREHQEAVEMAEKIARWEEWNKRLEEVKREERELLEAQSIPLRNYLMTYVMPTLIQGLNECCNVRPEDPVDFLAEYLFKNNPEAQ
Q96MA6,479,AK8,MDATIAPHRIPPEMPQYGEENHIFELMQNMLEQLLIHQPEDPIPFMIQHLHRDNDNVPRIVILGPPASGKTTIAMWLCKHLNSSLLTLENLILNEFSYTATEARRLYLQRKTVPSALLVQLIQERLAEEDCIKQGWILDGIPETREQALRIQTLGITPRHVIVLSAPDTVLIERNLGKRIDPQTGEIYHTTFDWPPESEIQNRLMVPEDISELETAQKLLEYHRNIVRVIPSYPKILKVISADQPCVDVFYQALTYVQSNHRTNAPFTPRVLLLGPVGSGKSLQAALLAQKYRLVNVCCGQLLKEAVADRTTFGELIQPFFEKEMAVPDSLLMKVLSQRLDQQDCIQKGWVLHGVPRDLDQAHLLNRLGYNPNRVFFLNVPFDSIMERLTLRRIDPVTGERYHLMYKPPPTMEIQARLLQNPKDAEEQVKLKMDLFYRNSADLEQLYGSAITLNGDQDPYTVFEYIESGIINPLPKKIP
Q96NX5,476,CAMK1G,MGRKEEDDCSSWKKQTTNIRKTFIFMEVLGSGAFSEVFLVKQRLTGKLFALKCIKKSPAFRDSSLENEIAVLKKIKHENIVTLEDIYESTTHYYLVMQLVSGGELFDRILERGVYTEKDASLVIQQVLSAVKYLHENGIVHRDLKPENLLYLTPEENSKIMITDFGLSKMEQNGIMSTACGTPGYVAPEVLAQKPYSKAVDCWSIGVITYILLCGYPPFYEETESKLFEKIKEGYYEFESPFWDDISESAKDFICHLLEKDPNERYTCEKALSHPWIDGNTALHRDIYPSVSLQIQKNFAKSKWRQAFNAAAVVHHMRKLHMNLHSPGVRPEVENRPPETQASETSRPSSPEITITEAPVLDHSVALPALTQLPCQHGRRPTAPGGRSLNCLVNGSLHISSSLVPMHQGSLAAGPCGCCSSCLNIGSKGKSSYCSEPTLLKKANKKQNFKSEVMVPVKASGSSHCRAGQTGVCLIM
Q96PC2,410,IP6K3,MVVQNSADAGDMRAGVQLEPFLHQVGGHMSVMKYDEHTVCKPLVSREQRFYESLPLAMKRFTPQYKGTVTVHLWKDSTGHLSLVANPVKESQEPFKVSTESAAVAIWQTLQQTTGSNGSDCTLAQWPHAQLARSPKESPAKALLRSEPHLNTPAFSLVEDTNGNQVERKSFNPWGLQCHQAHLTRLCSEYPENKRHRFLLLENVVSQYTHPCVLDLKMGTRQHGDDASEEKKARHMRKCAQSTSACLGVRICGMQVYQTDKKYFLCKDKYYGRKLSVEGFRQALYQFLHNGSHLRRELLEPILHQLRALLSVIRSQSSYRFYSSSLLVIYDGQEPPERAPGSPHPHEAPQAAHGSSPGGLTKVDIRMIDFAHTTYKGYWNEHTTYDGPDPGYIFGLENLIRILQDIQEGE
Q96PF2,358,TSSK2,MDDATVLRKKGYIVGINLGKGSYAKVKSAYSERLKFNVAVKIIDRKKTPTDFVERFLPREMDILATVNHGSIIKTYEIFETSDGRIYIIMELGVQGDLLEFIKCQGALHEDVARKMFRQLSSAVKYCHDLDIVHRDLKCENLLLDKDFNIKLSDFGFSKRCLRDSNGRIILSKTFCGSAAYAAPEVLQSIPYQPKVYDIWSLGVILYIMVCGSMPYDDSDIRKMLRIQKEHRVDFPRSKNLTCECKDLIYRMLQPDVSQRLHIDEILSHSWLQPPKPKATSSASFKREGEGKYRAECKLDTKTGLRPDHRPDHKLGAKTQHRLLVVPENENRMEDRLAETSRAKDHHISGAEVGKAST
Q96PN8,268,TSSK3,MEDFLLSNGYQLGKTIGEGTYSKVKEAFSKKHQRKVAIKVIDKMGGPEEFIQRFLPRELQIVRTLDHKNIIQVYEMLESADGKICLVMELAEGGDVFDCVLNGGPLPESRAKALFRQMVEAIRYCHGCGVAHRDLKCENALLQGFNLKLTDFGFAKVLPKSHRELSQTFCGSTAYAAPEVLQGIPHDSKKGDVWSMGVVLYVMLCASLPFDDTDIPKMLWQQQKGVSFPTHLSISADCQDLLKRLLEPDMILRPSIEEVSWHPWLAST
Q96PY6,1258,NEK1,MEKYVRLQKIGEGSFGKAILVKSTEDGRQYVIKEINISRMSSKEREESRREVAVLANMKHPNIVQYRESFEENGSLYIVMDYCEGGDLFKRINAQKGVLFQEDQILDWFVQICLALKHVHDRKILHRDIKSQNIFLTKDGTVQLGDFGIARVLNSTVELARTCIGTPYYLSPEICENKPYNNKSDIWALGCVLYELCTLKHAFEAGSMKNLVLKIISGSFPPVSLHYSYDLRSLVSQLFKRNPRDRPSVNSILEKGFIAKRIEKFLSPQLIAEEFCLKTFSKFGSQPIPAKRPASGQNSISVMPAQKITKPAAKYGIPLAYKKYGDKKLHEKKPLQKHKQAHQTPEKRVNTGEERRKISEEAARKRRLEFIEKEKKQKDQIISLMKAEQMKRQEKERLERINRAREQGWRNVLSAGGSGEVKAPFLGSGGTIAPSSFSSRGQYEHYHAIFDQMQQQRAEDNEAKWKREIYGRGLPERGILPGVRPGFPYGAAGHHHFPDADDIRKTLKRLKAVSKQANANRQKGQLAVERAKQVEEFLQRKREAMQNKARAEGHMVYLARLRQIRLQNFNERQQIKAKLRGEKKEANHSEGQEGSEEADMRRKKIESLKAHANARAAVLKEQLERKRKEAYEREKKVWEEHLVAKGVKSSDVSPPLGQHETGGSPSKQQMRSVISVTSALKEVGVDSSLTDTRETSEEMQKTNNAISSKREILRRLNENLKAQEDEKGKQNLSDTFEINVHEDAKEHEKEKSVSSDRKKWEAGGQLVIPLDELTLDTSFSTTERHTVGEVIKLGPNGSPRRAWGKSPTDSVLKILGEAELQLQTELLENTTIRSEISPEGEKYKPLITGEKKVQCISHEINPSAIVDSPVETKSPEFSEASPQMSLKLEGNLEEPDDLETEILQEPSGTNKDESLPCTITDVWISEEKETKETQSADRITIQENEVSEDGVSSTVDQLSDIHIEPGTNDSQHSKCDVDKSVQPEPFFHKVVHSEHLNLVPQVQSVQCSPEESFAFRSHSHLPPKNKNKNSLLIGLSTGLFDANNPKMLRTCSLPDLSKLFRTLMDVPTVGDVRQDNLEIDEIEDENIKEGPSDSEDIVFEETDTDLQELQASMEQLLREQPGEEYSEEEESVLKNSDVEPTANGTDVADEDDNPSSESALNEEWHSDNSDGEIASECECDSVFNHLEELRLHLEQEMGFEKFFEVYEKIKAIHEDEDENIEICSKIVQNILGNEHQHLYAKILHLVMADGAYQEDNDE
Q96Q04,1460,LMTK3,MPAPGALILLAAVSASGCLASPAHPDGFALGRAPLAPPYAVVLISCSGLLAFIFLLLTCLCCKRGDVGFKEFENPEGEDCSGEYTPPAEETSSSQSLPDVYILPLAEVSLPMPAPQPSHSDMTTPLGLSRQHLSYLQEIGSGWFGKVILGEIFSDYTPAQVVVKELRASAGPLEQRKFISEAQPYRSLQHPNVLQCLGLCVETLPFLLIMEFCQLGDLKRYLRAQRPPEGLSPELPPRDLRTLQRMGLEIARGLAHLHSHNYVHSDLALRNCLLTSDLTVRIGDYGLAHSNYKEDYYLTPERLWIPLRWAAPELLGELHGTFMVVDQSRESNIWSLGVTLWELFEFGAQPYRHLSDEEVLAFVVRQQHVKLARPRLKLPYADYWYDILQSCWRPPAQRPSASDLQLQLTYLLSERPPRPPPPPPPPRDGPFPWPWPPAHSAPRPGTLSSPFPLLDGFPGADPDDVLTVTESSRGLNLECLWEKARRGAGRGGGAPAWQPASAPPAPHANPSNPFYEALSTPSVLPVISARSPSVSSEYYIRLEEHGSPPEPLFPNDWDPLDPGVPAPQAPQAPSEVPQLVSETWASPLFPAPRPFPAQSSASGSFLLSGWDPEGRGAGETLAGDPAEVLGERGTAPWVEEEEEEEEGSSPGEDSSSLGGGPSRRGPLPCPLCSREGACSCLPLERGDAVAGWGGHPALGCPHPPEDDSSLRAERGSLADLPMAPPASAPPEFLDPLMGAAAPQYPGRGPPPAPPPPPPPPRAPADPAASPDPPSAVASPGSGLSSPGPKPGDSGYETETPFSPEGAFPGGGAAEEEGVPRPRAPPEPPDPGAPRPPPDPGPLPLPGPREKPTFVVQVSTEQLLMSLREDVTRNLLGEKGATARETGPRKAGRGPGNREKVPGLNRDPTVLGNGKQAPSLSLPVNGVTVLENGDQRAPGIEEKAAENGALGSPEREEKVLENGELTPPRREEKALENGELRSPEAGEKVLVNGGLTPPKSEDKVSENGGLRFPRNTERPPETGPWRAPGPWEKTPESWGPAPTIGEPAPETSLERAPAPSAVVSSRNGGETAPGPLGPAPKNGTLEPGTERRAPETGGAPRAPGAGRLDLGSGGRAPVGTGTAPGGGPGSGVDAKAGWVDNTRPQPPPPPLPPPPEAQPRRLEPAPPRARPEVAPEGEPGAPDSRAGGDTALSGDGDPPKPERKGPEMPRLFLDLGPPQGNSEQIKARLSRLSLALPPLTLTPFPGPGPRRPPWEGADAGAAGGEAGGAGAPGPAEEDGEDEDEDEEEDEEAAAPGAAAGPRGPGRARAAPVPVVVSSADADAARPLRGLLKSPRGADEPEDSELERKRKMVSFHGDVTVYLFDQETPTNELSVQAPPEGDTDPSTPPAPPTPPHPATPGDGFPSNDSGFGGSFEWAEDFPLLPPPGPPLCFSRFSVSPALETPGPPARAPDARPAGPVEN
Q96Q15,3661,SMG1,MSRRAPGSRLSSGGGGGGTKYPRSWNDWQPRTDSASADPDNLKYSSSRDRGGSSSYGLQPSNSAVVSRQRHDDTRVHADIQNDEKGGYSVNGGSGENTYGRKSLGQELRVNNVTSPEFTSVQHGSRALATKDMRKSQERSMSYSDESRLSNLLRRITREDDRDRRLATVKQLKEFIQQPENKLVLVKQLDNILAAVHDVLNESSKLLQELRQEGACCLGLLCASLSYEAEKIFKWIFSKFSSSAKDEVKLLYLCATYKALETVGEKKAFSSVMQLVMTSLQSILENVDTPELLCKCVKCILLVARCYPHIFSTNFRDTVDILVGWHIDHTQKPSLTQQVSGWLQSLEPFWVADLAFSTTLLGQFLEDMEAYAEDLSHVASGESVDEDVPPPSVSLPKLAALLRVFSTVVRSIGERFSPIRGPPITEAYVTDVLYRVMRCVTAANQVFFSEAVLTAANECVGVLLGSLDPSMTIHCDMVITYGLDQLENCQTCGTDYIISVLNLLTLIVEQINTKLPSSFVEKLFIPSSKLLFLRYHKEKEVVAVAHAVYQAVLSLKNIPVLETAYKLILGEMTCALNNLLHSLQLPEACSEIKHEAFKNHVFNVDNAKFVVIFDLSALTTIGNAKNSLIGMWALSPTVFALLSKNLMIVHSDLAVHFPAIQYAVLYTLYSHCTRHDHFISSSLSSSSPSLFDGAVISTVTTATKKHFSIILNLLGILLKKDNLNQDTRKLLMTWALEAAVLMKKSETYAPLFSLPSFHKFCKGLLANTLVEDVNICLQACSSLHALSSSLPDDLLQRCVDVCRVQLVHSGTRIRQAFGKLLKSIPLDVVLSNNNHTEIQEISLALRSHMSKAPSNTFHPQDFSDVISFILYGNSHRTGKDNWLERLFYSCQRLDKRDQSTIPRNLLKTDAVLWQWAIWEAAQFTVLSKLRTPLGRAQDTFQTIEGIIRSLAAHTLNPDQDVSQWTTADNDEGHGNNQLRLVLLLQYLENLEKLMYNAYEGCANALTSPPKVIRTFFYTNRQTCQDWLTRIRLSIMRVGLLAGQPAVTVRHGFDLLTEMKTTSLSQGNELEVTIMMVVEALCELHCPEAIQGIAVWSSSIVGKNLLWINSVAQQAEGRFEKASVEYQEHLCAMTGVDCCISSFDKSVLTLANAGRNSASPKHSLNGESRKTVLSKPTDSSPEVINYLGNKACECYISIADWAAVQEWQNAIHDLKKSTSSTSLNLKADFNYIKSLSSFESGKFVECTEQLELLPGENINLLAGGSKEKIDMKKLLPNMLSPDPRELQKSIEVQLLRSSVCLATALNPIEQDQKWQSITENVVKYLKQTSRIAIGPLRLSTLTVSQSLPVLSTLQLYCSSALENTVSNRLSTEDCLIPLFSEALRSCKQHDVRPWMQALRYTMYQNQLLEKIKEQTVPIRSHLMELGLTAAKFARKRGNVSLATRLLAQCSEVQLGKTTTAQDLVQHFKKLSTQGQVDEKWGPELDIEKTKLLYTAGQSTHAMEMLSSCAISFCKSVKAEYAVAKSILTLAKWIQAEWKEISGQLKQVYRAQHQQNFTGLSTLSKNILTLIELPSVNTMEEEYPRIESESTVHIGVGEPDFILGQLYHLSSVQAPEVAKSWAALASWAYRWGRKVVDNASQGEGVRLLPREKSEVQNLLPDTITEEEKERIYGILGQAVCRPAGIQDEDITLQITESEDNEEDDMVDVIWRQLISSCPWLSELDESATEGVIKVWRKVVDRIFSLYKLSCSAYFTFLKLNAGQIPLDEDDPRLHLSHRVEQSTDDMIVMATLRLLRLLVKHAGELRQYLEHGLETTPTAPWRGIIPQLFSRLNHPEVYVRQSICNLLCRVAQDSPHLILYPAIVGTISLSSESQASGNKFSTAIPTLLGNIQGEELLVSECEGGSPPASQDSNKDEPKSGLNEDQAMMQDCYSKIVDKLSSANPTMVLQVQMLVAELRRVTVLWDELWLGVLLQQHMYVLRRIQQLEDEVKRVQNNNTLRKEEKIAIMREKHTALMKPIVFALEHVRSITAAPAETPHEKWFQDNYGDAIENALEKLKTPLNPAKPGSSWIPFKEIMLSLQQRAQKRASYILRLEEISPWLAAMTNTEIALPGEVSARDTVTIHSVGGTITILPTKTKPKKLLFLGSDGKSYPYLFKGLEDLHLDERIMQFLSIVNTMFATINRQETPRFHARHYSVTPLGTRSGLIQWVDGATPLFGLYKRWQQREAALQAQKAQDSYQTPQNPGIVPRPSELYYSKIGPALKTVGLSLDVSRRDWPLHVMKAVLEELMEATPPNLLAKELWSSCTTPDEWWRVTQSYARSTAVMSMVGYIIGLGDRHLDNVLIDMTTGEVVHIDYNVCFEKGKSLRVPEKVPFRMTQNIETALGVTGVEGVFRLSCEQVLHIMRRGRETLLTLLEAFVYDPLVDWTAGGEAGFAGAVYGGGGQQAESKQSKREMEREITRSLFSSRVAEIKVNWFKNRDEMLVVLPKLDGSLDEYLSLQEQLTDVEKLQGKLLEEIEFLEGAEGVDHPSHTLQHRYSEHTQLQTQQRAVQEAIQVKLNEFEQWITHYQAAFNNLEATQLASLLQEISTQMDLGPPSYVPATAFLQNAGQAHLISQCEQLEGEVGALLQQRRSVLRGCLEQLHHYATVALQYPKAIFQKHRIEQWKTWMEELICNTTVERCQELYRKYEMQYAPQPPPTVCQFITATEMTLQRYAADINSRLIRQVERLKQEAVTVPVCEDQLKEIERCIKVFLHENGEEGSLSLASVIISALCTLTRRNLMMEGAASSAGEQLVDLTSRDGAWFLEELCSMSGNVTCLVQLLKQCHLVPQDLDIPNPMEASETVHLANGVYTSLQELNSNFRQIIFPEALRCLMKGEYTLESMLHELDGLIEQTTDGVPLQTLVESLQAYLRNAAMGLEEETHAHYIDVARLLHAQYGELIQPRNGSVDETPKMSAGQMLLVAFDGMFAQVETAFSLLVEKLNKMEIPIAWRKIDIIREARSTQVNFFDDDNHRQVLEEIFFLKRLQTIKEFFRLCGTFSKTLSGSSSLEDQNTVNGPVQIVNVKTLFRNSCFSEDQMAKPIKAFTADFVRQLLIGLPNQALGLTLCSFISALGVDIIAQVEAKDFGAESKVSVDDLCKKAVEHNIQIGKFSQLVMNRATVLASSYDTAWKKHDLVRRLETSISSCKTSLQRVQLHIAMFQWQHEDLLINRPQAMSVTPPPRSAILTSMKKKLHTLSQIETSIATVQEKLAALESSIEQRLKWAGGANPALAPVLQDFEATIAERRNLVLKESQRASQVTFLCSNIIHFESLRTRTAEALNLDAALFELIKRCQQMCSFASQFNSSVSELELRLLQRVDTGLEHPIGSSEWLLSAHKQLTQDMSTQRAIQTEKEQQIETVCETIQNLVDNIKTVLTGHNRQLGDVKHLLKAMAKDEEAALADGEDVPYENSVRQFLGEYKSWQDNIQTVLFTLVQAMGQVRSQEHVEMLQEITPTLKELKTQSQSIYNNLVSFASPLVTDATNECSSPTSSATYQPSFAAAVRSNTGQKTQPDVMSQNARKLIQKNLATSADTPPSTVPGTGKSVACSPKKAVRDPKTGKAVQERNSYAVSVWKRVKAKLEGRDVDPNRRMSVAEQVDYVIKEATNLDNLAQLYEGWTAWV
Q96Q40,435,CDK15,MGQELCAKTVQPGCSCYHCSEGGEAHSCRRSQPETTEAAFKLTDLKEASCSMTSFHPRGLQAARAQKFKSKRPRSNSDCFQEEDLRQGFQWRKSLPFGAASSYLNLEKLGEGSYATVYKGISRINGQLVALKVISMNAEEGVPFTAIREASLLKGLKHANIVLLHDIIHTKETLTFVFEYMHTDLAQYMSQHPGGLHPHNVRLFMFQLLRGLAYIHHQHVLHRDLKPQNLLISHLGELKLADFGLARAKSIPSQTYSSEVVTLWYRPPDALLGATEYSSELDIWGAGCIFIEMFQGQPLFPGVSNILEQLEKIWEVLGVPTEDTWPGVSKLPNYNPEWFPLPTPRSLHVVWNRLGRVPEAEDLASQMLKGFPRDRVSAQEALVHDYFSALPSQLYQLPDEESLFTVSGVRLKPEMCDLLASYQKGHHPAQFSKCW
Q96QP1,1244,ALPK1,MNNQKVVAVLLQECKQVLDQLLLEAPDVSEEDKSEDQRCRALLPSELRTLIQEAKEMKWPFVPEKWQYKQAVGPEDKTNLKDVIGAGLQQLLASLRASILARDCAAAAAIVFLVDRFLYGLDVSGKLLQVAKGLHKLQPATPIAPQVVIRQARISVNSGKLLKAEYILSSLISNNGATGTWLYRNESDKVLVQSVCIQIRGQILQKLGMWYEAAELIWASIVGYLALPQPDKKGLSTSLGILADIFVSMSKNDYEKFKNNPQINLSLLKEFDHHLLSAAEACKLAAAFSAYTPLFVLTAVNIRGTCLLSYSSSNDCPPELKNLHLCEAKEAFEIGLLTKRDDEPVTGKQELHSFVKAAFGLTTVHRRLHGETGTVHAASQLCKEAMGKLYNFSTSSRSQDREALSQEVMSVIAQVKEHLQVQSFSNVDDRSYVPESFECRLDKLILHGQGDFQKILDTYSQHHTSVCEVFESDCGNNKNEQKDAKTGVCITALKTEIKNIDTVSTTQEKPHCQRDTGISSSLMGKNVQRELRRGGRRNWTHSDAFRVSLDQDVETETEPSDYSNGEGAVFNKSLSGSQTSSAWSNLSGFSSSASWEEVNYHVDDRSARKEPGKEHLVDTQCSTALSEELENDREGRAMHSLHSQLHDLSLQEPNNDNLEPSQNQPQQQMPLTPFSPHNTPGIFLAPGAGLLEGAPEGIQEVRNMGPRNTSAHSRPSYRSASWSSDSGRPKNMGTHPSVQKEEAFEIIVEFPETNCDVKDRQGKEQGEEISERGAGPTFKASPSWVDPEGETAESTEDAPLDFHRVLHNSLGNISMLPCSSFTPNWPVQNPDSRKSGGPVAEQGIDPDASTVDEEGQLLDSMDVPCTNGHGSHRLCILRQPPGQRAETPNSSVSGNILFPVLSEDCTTTEEGNQPGNMLNCSQNSSSSSVWWLKSPAFSSGSSEGDSPWSYLNSSGSSWVSLPGKMRKEILEARTLQPDDFEKLLAGVRHDWLFQRLENTGVFKPSQLHRAHSALLLKYSKKSELWTAQETIVYLGDYLTVKKKGRQRNAFWVHHLHQEEILGRYVGKDYKEQKGLWHHFTDVERQMTAQHYVTEFNKRLYEQNIPTQIFYIPSTILLILEDKTIKGCISVEPYILGEFVKLSNNTKVVKTEYKATEYGLAYGHFSYEFSNHRDVVVDLQGWVTGNGKGLIYLTDPQIHSVDQKVFTTNFGKRGIFYFFNNQHVECNEICHRLSLTRPSMEKPCT
Q96QS6,385,PSKH2,MGCGASRKVVPGPPALAWAKHEGQNQAGVGGAGPGPEAAAQAAQRIQVARFRAKFDPRVLARYDIKALIGTGSFSRVVRVEQKTTKKPFAIKVMETREREGREACVSELSVLRRVSHRYIVQLMEIFETEDQVYMVMELATGGELFDRLIAQGSFTERDAVRILQMVADGIRYLHALQITHRNLKPENLLYYHPGEESKILITDFGLAYSGKKSGDWTMKTLCGTPEYIAPEVLLRKPYTSAVDMWALGVITYALLSGFLPFDDESQTRLYRKILKGKYNYTGEPWPSISHLAKDFIDKLLILEAGHRMSAGQALDHPWVITMAAGSSMKNLQRAISRNLMQRASPHSQSPGSAQSSKSHYSHKSRHMWSKRNLRIVESPLSALL
Q96QT4,1865,TRPM7,MSQKSWIESTLTKRECVYIIPSSKDPHRCLPGCQICQQLVRCFCGRLVKQHACFTASLAMKYSDVKLGDHFNQAIEEWSVEKHTEQSPTDAYGVINFQGGSHSYRAKYVRLSYDTKPEVILQLLLKEWQMELPKLVISVHGGMQKFELHPRIKQLLGKGLIKAAVTTGAWILTGGVNTGVAKHVGDALKEHASRSSRKICTIGIAPWGVIENRNDLVGRDVVAPYQTLLNPLSKLNVLNNLHSHFILVDDGTVGKYGAEVRLRRELEKTINQQRIHARIGQGVPVVALIFEGGPNVILTVLEYLQESPPVPVVVCEGTGRAADLLAYIHKQTEEGGNLPDAAEPDIISTIKKTFNFGQNEALHLFQTLMECMKRKELITVFHIGSDEHQDIDVAILTALLKGTNASAFDQLILTLAWDRVDIAKNHVFVYGQQWLVGSLEQAMLDALVMDRVAFVKLLIENGVSMHKFLTIPRLEELYNTKQGPTNPMLFHLVRDVKQGNLPPGYKITLIDIGLVIEYLMGGTYRCTYTRKRFRLIYNSLGGNNRRSGRNTSSSTPQLRKSHESFGNRADKKEKMRHNHFIKTAQPYRPKIDTVMEEGKKKRTKDEIVDIDDPETKRFPYPLNELLIWACLMKRQVMARFLWQHGEESMAKALVACKIYRSMAYEAKQSDLVDDTSEELKQYSNDFGQLAVELLEQSFRQDETMAMKLLTYELKNWSNSTCLKLAVSSRLRPFVAHTCTQMLLSDMWMGRLNMRKNSWYKVILSILVPPAILLLEYKTKAEMSHIPQSQDAHQMTMDDSENNFQNITEEIPMEVFKEVRILDSNEGKNEMEIQMKSKKLPITRKFYAFYHAPIVKFWFNTLAYLGFLMLYTFVVLVQMEQLPSVQEWIVIAYIFTYAIEKVREIFMSEAGKVNQKIKVWFSDYFNISDTIAIISFFIGFGLRFGAKWNFANAYDNHVFVAGRLIYCLNIIFWYVRLLDFLAVNQQAGPYVMMIGKMVANMFYIVVIMALVLLSFGVPRKAILYPHEAPSWTLAKDIVFHPYWMIFGEVYAYEIDVCANDSVIPQICGPGTWLTPFLQAVYLFVQYIIMVNLLIAFFNNVYLQVKAISNIVWKYQRYHFIMAYHEKPVLPPPLIILSHIVSLFCCICKRRKKDKTSDGPKLFLTEEDQKKLHDFEEQCVEMYFNEKDDKFHSGSEERIRVTFERVEQMCIQIKEVGDRVNYIKRSLQSLDSQIGHLQDLSALTVDTLKTLTAQKASEASKVHNEITRELSISKHLAQNLIDDGPVRPSVWKKHGVVNTLSSSLPQGDLESNNPFHCNILMKDDKDPQCNIFGQDLPAVPQRKEFNFPEAGSSSGALFPSAVSPPELRQRLHGVELLKIFNKNQKLGSSSTSIPHLSSPPTKFFVSTPSQPSCKSHLETGTKDQETVCSKATEGDNTEFGAFVGHRDSMDLQRFKETSNKIKILSNNNTSENTLKRVSSLAGFTDCHRTSIPVHSKQAEKISRRPSTEDTHEVDSKAALIPDWLQDRPSNREMPSEEGTLNGLTSPFKPAMDTNYYYSAVERNNLMRLSQSIPFTPVPPRGEPVTVYRLEESSPNILNNSMSSWSQLGLCAKIEFLSKEEMGGGLRRAVKVQCTWSEHDILKSGHLYIIKSFLPEVVNTWSSIYKEDTVLHLCLREIQQQRAAQKLTFAFNQMKPKSIPYSPRFLEVFLLYCHSAGQWFAVEECMTGEFRKYNNNNGDEIIPTNTLEEIMLAFSHWTYEYTRGELLVLDLQGVGENLTDPSVIKAEEKRSCDMVFGPANLGEDAIKNFRAKHHCNSCCRKLKLPDLKRNDYTPDKIIFPQDEPSDLNLQPGNSTKESESTNSVRLML
Q96RG2,1323,PASK,MEDGGLTAFEEDQRCLSQSLPLPVSAEGPAAQTTAEPSRSFSSAHRHLSRRNGLSRLCQSRTALSEDRWSSYCLSSLAAQNICTSKLHCPAAPEHTDPSEPRGSVSCCSLLRGLSSGWSSPLLPAPVCNPNKAIFTVDAKTTEILVANDKACGLLGYSSQDLIGQKLTQFFLRSDSDVVEALSEEHMEADGHAAVVFGTVVDIISRSGEKIPVSVWMKRMRQERRLCCVVVLEPVERVSTWVAFQSDGTVTSCDSLFAHLHGYVSGEDVAGQHITDLIPSVQLPPSGQHIPKNLKIQRSVGRARDGTTFPLSLKLKSQPSSEEATTGEAAPVSGYRASVWVFCTISGLITLLPDGTIHGINHSFALTLFGYGKTELLGKNITFLIPGFYSYMDLAYNSSLQLPDLASCLDVGNESGCGERTLDPWQGQDPAEGGQDPRINVVLAGGHVVPRDEIRKLMESQDIFTGTQTELIAGGQLLSCLSPQPAPGVDNVPEGSLPVHGEQALPKDQQITALGREEPVAIESPGQDLLGESRSEPVDVKPFASCEDSEAPVPAEDGGSDAGMCGLCQKAQLERMGVSGPSGSDLWAGAAVAKPQAKGQLAGGSLLMHCPCYGSEWGLWWRSQDLAPSPSGMAGLSFGTPTLDEPWLGVENDREELQTCLIKEQLSQLSLAGALDVPHAELVPTECQAVTAPVSSCDLGGRDLCGGCTGSSSACYALATDLPGGLEAVEAQEVDVNSFSWNLKELFFSDQTDQTSSNCSCATSELRETPSSLAVGSDPDVGSLQEQGSCVLDDRELLLLTGTCVDLGQGRRFRESCVGHDPTEPLEVCLVSSEHYAASDRESPGHVPSTLDAGPEDTCPSAEEPRLNVQVTSTPVIVMRGAAGLQREIQEGAYSGSCYHRDGLRLSIQFEVRRVELQGPTPLFCCWLVKDLLHSQRDSAARTRLFLASLPGSTHSTAAELTGPSLVEVLRARPWFEEPPKAVELEGLAACEGEYSQKYSTMSPLGSGAFGFVWTAVDKEKNKEVVVKFIKKEKVLEDCWIEDPKLGKVTLEIAILSRVEHANIIKVLDIFENQGFFQLVMEKHGSGLDLFAFIDRHPRLDEPLASYIFRQLVSAVGYLRLKDIIHRDIKDENIVIAEDFTIKLIDFGSAAYLERGKLFYTFCGTIEYCAPEVLMGNPYRGPELEMWSLGVTLYTLVFEENPFCELEETVEAAIHPPYLVSKELMSLVSGLLQPVPERRTTLEKLVTDPWVTQPVNLADYTWEEVFRVNKPESGVLSAASLEMGNRSLSDVAQAQELCGGPVPGEAPNGQGCLHPGDPRLLTS
Q96RR4,588,CAMKK2,MSSCVSSQPSSNRAAPQDELGGRGSSSSESQKPCEALRGLSSLSIHLGMESFIVVTECEPGCAVDLGLARDRPLEADGQEVPLDTSGSQARPHLSGRKLSLQERSQGGLAAGGSLDMNGRCICPSLPYSPVSSPQSSPRLPRRPTVESHHVSITGMQDCVQLNQYTLKDEIGKGSYGVVKLAYNENDNTYYAMKVLSKKKLIRQAGFPRRPPPRGTRPAPGGCIQPRGPIEQVYQEIAILKKLDHPNVVKLVEVLDDPNEDHLYMVFELVNQGPVMEVPTLKPLSEDQARFYFQDLIKGIEYLHYQKIIHRDIKPSNLLVGEDGHIKIADFGVSNEFKGSDALLSNTVGTPAFMAPESLSETRKIFSGKALDVWAMGVTLYCFVFGQCPFMDERIMCLHSKIKSQALEFPDQPDIAEDLKDLITRMLDKNPESRIVVPEIKLHPWVTRHGAEPLPSEDENCTLVEVTEEEVENSVKHIPSLATVILVKTMIRKRSFGNPFEGSRREERSLSAPGNLLTKKPTRECESLSELKEARQRRQPPGHRPAPRGGGGSALVRGSPCVESCWAPAPGSPARMHPLRPEEAMEPE
Q96S38,1066,RPS6KC1,MTSYRERSADLARFYTVTEPQRHPRGYTVYKVTARVVSRRNPEDVQEIIVWKRYSDFKKLHKELWQIHKNLFRHSELFPPFAKGIVFGRFDETVIEERRQCAEDLLQFSANIPALYNSKQLEDFFKGGIINDSSELIGPAEAHSDSLIDTFPECSTEGFSSDSDLVSLTVDVDSLAELDDGMASNQNSPIRTFGLNLSSDSSALGAVASDSEQSKTEEERESRSLFPGSLKPKLGKRDYLEKAGELIKLALKKEEEDDYEAASDFYRKGVDLLLEGVQGESSPTRREAVKRRTAEYLMRAESISSLYGKPQLDDVSQPPGSLSSRPLWNLRSPAEELKAFRVLGVIDKVLLVMDTRTEQTFILKGLRKSSEYSRNRKTIIPRCVPNMVCLHKYIISEESVFLVLQHAEGGKLWSYISKFLNRSPEESFDIKEVKKPTLAKVHLQQPTSSPQDSSSFESRGSDGGSMLKALPLKSSLTPSSQDDSNQEDDGQDSSPKWPDSGSSSEEECTTSYLTLCNEYGQEKIEPGSLNEEPFMKTEGNGVDTKAIKSFPAHLAADSDSPSTQLRAHELKFFPNDDPEAVSSPRTSDSLSRSKNSPMEFFRIDSKDSASELLGLDFGEKLYSLKSEPLKPFFTLPDGDSASRSFNTSESKVEFKAQDTISRGSDDSVPVISFKDAAFDDVSGTDEGRPDLLVNLPGELESTREAAAMGPTKFTQTNIGIIENKLLEAPDVLCLRLSTEQCQAHEEKGIEELSDPSGPKSYSITEKHYAQEDPRMLFVAAVDHSSSGDMSLLPSSDPKFQGLGVVESAVTANNTEESLFRICSPLSGANEYIASTDTLKTEEVLLFTDQTDDLAKEEPTSLFQRDSETKGESGLVLEGDKEIHQIFEDLDKKLALASRFYIPEGCIQRWAAEMVVALDALHREGIVCRDLNPNNILLNDRGHIQLTYFSRWSEVEDSCDSDAIERMYCAPEVGAITEETEACDWWSLGAVLFELLTGKTLVECHPAGINTHTTLNMPECVSEEARSLIQQLLQFNPLERLGAGVAGVEDIKSHPFFTPVDWAELMR
Q96S44,253,TP53RK,MAAARATTPADGEEPAPEAEALAAARERSSRFLSGLELVKQGAEARVFRGRFQGRAAVIKHRFPKGYRHPALEARLGRRRTVQEARALLRCRRAGISAPVVFFVDYASNCLYMEEIEGSVTVRDYIQSTMETEKTPQGLSNLAKTIGQVLARMHDEDLIHGDLTTSNMLLKPPLEQLNIVLIDFGLSFISALPEDKGVDLYVLEKAFLSTHPNTETVFEAFLKSYSTSSKKARPVLKKLDEVRLRGRKRSMVG
Q96S53,571,TESK2,MDRSKRNSIAGFPPRVERLEEFEGGGGGEGNVSQVGRVWPSSYRALISAFSRLTRLDDFTCEKIGSGFFSEVFKVRHRASGQVMALKMNTLSSNRANMLKEVQLMNRLSHPNILRFMGVCVHQGQLHALTEYINSGNLEQLLDSNLHLPWTVRVKLAYDIAVGLSYLHFKGIFHRDLTSKNCLIKRDENGYSAVVADFGLAEKIPDVSMGSEKLAVVGSPFWMAPEVLRDEPYNEKADVFSYGIILCEIIARIQADPDYLPRTENFGLDYDAFQHMVGDCPPDFLQLTFNCCNMDPKLRPSFVEIGKTLEEILSRLQEEEQERDRKLQPTARGLLEKAPGVKRLSSLDDKIPHKSPCPRRTIWLSRSQSDIFSRKPPRTVSVLDPYYRPRDGAARTPKVNPFSARQDLMGGKIKFFDLPSKSVISLVFDLDAPGPGTMPLADWQEPLAPPIRRWRSLPGSPEFLHQEACPFVGREESLSDGPPPRLSSLKYRVKEIPPFRASALPAAQAHEAMDCSILQEENGFGSRPQGTSPCPAGASEEMEVEERPAGSTPATFSTSGIGLQTQGKQDG
Q96SB4,655,SRPK1,MERKVLALQARKKRTKAKKDKAQRKSETQHRGSAPHSESDLPEQEEEILGSDDDEQEDPNDYCKGGYHLVKIGDLFNGRYHVIRKLGWGHFSTVWLSWDIQGKKFVAMKVVKSAEHYTETALDEIRLLKSVRNSDPNDPNREMVVQLLDDFKISGVNGTHICMVFEVLGHHLLKWIIKSNYQGLPLPCVKKIIQQVLQGLDYLHTKCRIIHTDIKPENILLSVNEQYIRRLAAEATEWQRSGAPPPSGSAVSTAPQPKPADKMSKNKKKKLKKKQKRQAELLEKRMQEIEEMEKESGPGQKRPNKQEESESPVERPLKENPPNKMTQEKLEESSTIGQDQTLMERDTEGGAAEINCNGVIEVINYTQNSNNETLRHKEDLHNANDCDVQNLNQESSFLSSQNGDSSTSQETDSCTPITSEVSDTMVCQSSSTVGQSFSEQHISQLQESIRAEIPCEDEQEQEHNGPLDNKGKSTAGNFLVNPLEPKNAEKLKVKIADLGNACWVHKHFTEDIQTRQYRSLEVLIGSGYNTPADIWSTACMAFELATGDYLFEPHSGEEYTRDEDHIALIIELLGKVPRKLIVAGKYSKEFFTKKGDLKHITKLKPWGLFEVLVEKYEWSQEEAAGFTDFLLPMLELIPEKRATAAECLRHPWLNS
Q96T60,521,PNKP,MGEVEAPGRLWLESPPGGAPPIFLPSDGQALVLGRGPLTQVTDRKCSRTQVELVADPETRTVAVKQLGVNPSTTGTQELKPGLEGSLGVGDTLYLVNGLHPLTLRWEETRTPESQPDTPPGTPLVSQDEKRDAELPKKRMRKSNPGWENLEKLLVFTAAGVKPQGKVAGFDLDGTLITTRSGKVFPTGPSDWRILYPEIPRKLRELEAEGYKLVIFTNQMSIGRGKLPAEEFKAKVEAVVEKLGVPFQVLVATHAGLYRKPVTGMWDHLQEQANDGTPISIGDSIFVGDAAGRPANWAPGRKKKDFSCADRLFALNLGLPFATPEEFFLKWPAAGFELPAFDPRTVSRSGPLCLPESRALLSASPEVVVAVGFPGAGKSTFLKKHLVSAGYVHVNRDTLGSWQRCVTTCETALKQGKRVAIDNTNPDAASRARYVQCARAAGVPCRCFLFTATLEQARHNNRFREMTDSSHIPVSDMVMYGYRKQFEAPTLAEGFSAILEIPFRLWVEPRLGRLYCQFSEG
Q99558,947,MAP3K14,MAVMEMACPGAPGSAVGQQKELPKAKEKTPPLGKKQSSVYKLEAVEKSPVFCGKWEILNDVITKGTAKEGSEAGPAAISIIAQAECENSQEFSPTFSERIFIAGSKQYSQSESLDQIPNNVAHATEGKMARVCWKGKRRSKARKKRKKKSSKSLAHAGVALAKPLPRTPEQESCTIPVQEDESPLGAPYVRNTPQFTKPLKEPGLGQLCFKQLGEGLRPALPRSELHKLISPLQCLNHVWKLHHPQDGGPLPLPTHPFPYSRLPHPFPFHPLQPWKPHPLESFLGKLACVDSQKPLPDPHLSKLACVDSPKPLPGPHLEPSCLSRGAHEKFSVEEYLVHALQGSVSSGQAHSLTSLAKTWAARGSRSREPSPKTEDNEGVLLTEKLKPVDYEYREEVHWATHQLRLGRGSFGEVHRMEDKQTGFQCAVKKVRLEVFRAEELMACAGLTSPRIVPLYGAVREGPWVNIFMELLEGGSLGQLVKEQGCLPEDRALYYLGQALEGLEYLHSRRILHGDVKADNVLLSSDGSHAALCDFGHAVCLQPDGLGKSLLTGDYIPGTETHMAPEVVLGRSCDAKVDVWSSCCMMLHMLNGCHPWTQFFRGPLCLKIASEPPPVREIPPSCAPLTAQAIQEGLRKEPIHRVSAAELGGKVNRALQQVGGLKSPWRGEYKEPRHPPPNQANYHQTLHAQPRELSPRAPGPRPAEETTGRAPKLQPPLPPEPPEPNKSPPLTLSKEESGMWEPLPLSSLEPAPARNPSSPERKATVPEQELQQLEIELFLNSLSQPFSLEEQEQILSCLSIDSLSLSDDSEKNPSKASQSSRDTLSSGVHSWSSQAEARSSSWNMVLARGRPTDTPSYFNGVKVQIQSLNGEHLHIREFHRVKVGDIATGISSQIPAAAFSLVTKDGQPVRYDMEVPDSGIDLQCTLAPDGSFAWSWRVKHGQLENRP
Q99570,1358,PIK3R4,MGNQLAGIAPSQILSVESYFSDIHDFEYDKSLGSTRFFKVARAKHREGLVVVKVFAIQDPTLPLTSYKQELEELKIRLNSAQNCLPFQKASEKASEKAAMLFRQYVRDNLYDRISTRPFLNNIEKRWIAFQILTAVDQAHKSGVRHGDIKTENVMVTSWNWVLLTDFASFKPTYLPEDNPADFNYFFDTSRRRTCYIAPERFVDGGMFATELEYMRDPSTPLVDLNSNQRTRGELKRAMDIFSAGCVIAELFTEGVPLFDLSQLLAYRNGHFFPEQVLNKIEDHSIRELVTQMIHREPDKRLEAEDYLKQQRGNAFPEIFYTFLQPYMAQFAKETFLSADERILVIRKDLGNIIHNLCGHDLPEKAEGEPKENGLVILVSVITSCLQTLKYCDSKLAALELILHLAPRLSVEILLDRITPYLLHFSNDSVPRVRAEALRTLTKVLALVKEVPRNDINIYPEYILPGIAHLAQDDATIVRLAYAENIALLAETALRFLELVQLKNLNMENDPNNEEIDEVTHPNGNYDTELQALHEMVQQKVVTLLSDPENIVKQTLMENGITRLCVFFGRQKANDVLLSHMITFLNDKNDWHLRGAFFDSIVGVAAYVGWQSSSILKPLLQQGLSDAEEFVIVKALYALTCMCQLGLLQKPHVYEFASDIAPFLCHPNLWIRYGAVGFITVVARQISTADVYCKLMPYLDPYITQPIIQIERKLVLLSVLKEPVSRSIFDYALRSKDITSLFRHLHMRQKKRNGSLPDCPPPEDPAIAQLLKKLLSQGMTEEEEDKLLALKDFMMKSNKAKANIVDQSHLHDSSQKGVIDLAALGITGRQVDLVKTKQEPDDKRARKHVKQDSNVNEEWKSMFGSLDPPNMPQALPKGSDQEVIQTGKPPRSESSAGICVPLSTSSQVPEVTTVQNKKPVIPVLSSTILPSTYQIRITTCKTELQQLIQQKREQCNAERIAKQMMENAEWESKPPPPGWRPKGLLVAHLHEHKSAVNRIRVSDEHSLFATCSNDGTVKIWNSQKMEGKTTTTRSILTYSRIGGRVKTLTFCQGSHYLAIASDNGAVQLLGIEASKLPKSPKIHPLQSRILDQKEDGCVVDMHHFNSGAQSVLAYATVNGSLVGWDLRSSSNAWTLKHDLKSGLITSFAVDIHQCWLCIGTSSGTMACWDMRFQLPISSHCHPSRARIRRLSMHPLYQSWVIAAVQGNNEVSMWDMETGDRRFTLWASSAPPLSELQPSPHSVHGIYCSPADGNPILLTAGSDMKIRFWDLAYPERSYVVAGSTSSPSVSYYRKIIEGTEVVQEIQNKQKVGPSDDTPRRGPESLPVGHHDIITDVATFQTTQGFIVTASRDGIVKVWK
Q99611,448,SEPHS2,MAEASATGACGEAMAAAEGSSGPAGLTLGRSFSNYRPFEPQALGLSPSWRLTGFSGMKGUGCKVPQEALLKLLAGLTRPDVRPPLGRGLVGGQEEASQEAGLPAGAGPSPTFPALGIGMDSCVIPLRHGGLSLVQTTDFFYPLVEDPYMMGRIACANVLSDLYAMGITECDNMLMLLSVSQSMSEEEREKVTPLMVKGFRDAAEEGGTAVTGGQTVVNPWIIIGGVATVVCQPNEFIMPDSAVVGDVLVLTKPLGTQVAVNAHQWLDNPERWNKVKMVVSREEVELAYQEAMFNMATLNRTAAGLMHTFNAHAATDITGFGILGHSQNLAKQQRNEVSFVIHNLPIIAKMAAVSKASGRFGLLQGTSAETSGGLLICLPREQAARFCSEIKSSKYGEGHQAWIVGIVEKGNRTARIIDKPRVIEVLPRGATAAVLAPDSSNASSEPSS
Q99640,499,PKMYT1,MLERPPALAMPMPTEGTPPPLSGTPIPVPAYFRHAEPGFSLKRPRGLSRSLPPPPPAKGSIPISRLFPPRTPGWHQLQPRRVSFRGEASETLQSPGYDPSRPESFFQQSFQRLSRLGHGSYGEVFKVRSKEDGRLYAVKRSMSPFRGPKDRARKLAEVGSHEKVGQHPCCVRLEQAWEEGGILYLQTELCGPSLQQHCEAWGASLPEAQVWGYLRDTLLALAHLHSQGLVHLDVKPANIFLGPRGRCKLGDFGLLVELGTAGAGEVQEGDPRYMAPELLQGSYGTAADVFSLGLTILEVACNMELPHGGEGWQQLRQGYLPPEFTAGLSSELRSVLVMMLEPDPKLRATAEALLALPVLRQPRAWGVLWCMAAEALSRGWALWQALLALLCWLWHGLAHPASWLQPLGPPATPPGSPPCSLLLDSSLSSNWDDDSLGPSLSPEAVLARTVGSTSTPRSRCTPRDALDLSDINSEPPRGSFPSFEPRNLLSLFEDTLDPT
Q99683,1374,MAP3K5,MSTEADEGITFSVPPFAPSGFCTIPEGGICRRGGAAAVGEGEEHQLPPPPPGSFWNVESAAAPGIGCPAATSSSSATRGRGSSVGGGSRRTTVAYVINEASQGQLVVAESEALQSLREACETVGATLETLHFGKLDFGETTVLDRFYNADIAVVEMSDAFRQPSLFYHLGVRESFSMANNIILYCDTNSDSLQSLKEIICQKNTMCTGNYTFVPYMITPHNKVYCCDSSFMKGLTELMQPNFELLLGPICLPLVDRFIQLLKVAQASSSQYFRESILNDIRKARNLYTGKELAAELARIRQRVDNIEVLTADIVINLLLSYRDIQDYDSIVKLVETLEKLPTFDLASHHHVKFHYAFALNRRNLPGDRAKALDIMIPMVQSEGQVASDMYCLVGRIYKDMFLDSNFTDTESRDHGASWFKKAFESEPTLQSGINYAVLLLAAGHQFESSFELRKVGVKLSSLLGKKGNLEKLQSYWEVGFFLGASVLANDHMRVIQASEKLFKLKTPAWYLKSIVETILIYKHFVKLTTEQPVAKQELVDFWMDFLVEATKTDVTVVRFPVLILEPTKIYQPSYLSINNEVEEKTISIWHVLPDDKKGIHEWNFSASSVRGVSISKFEERCCFLYVLHNSDDFQIYFCTELHCKKFFEMVNTITEEKGRSTEEGDCESDLLEYDYEYDENGDRVVLGKGTYGIVYAGRDLSNQVRIAIKEIPERDSRYSQPLHEEIALHKHLKHKNIVQYLGSFSENGFIKIFMEQVPGGSLSALLRSKWGPLKDNEQTIGFYTKQILEGLKYLHDNQIVHRDIKGDNVLINTYSGVLKISDFGTSKRLAGINPCTETFTGTLQYMAPEIIDKGPRGYGKAADIWSLGCTIIEMATGKPPFYELGEPQAAMFKVGMFKVHPEIPESMSAEAKAFILKCFEPDPDKRACANDLLVDEFLKVSSKKKKTQPKLSALSAGSNEYLRSISLPVPVLVEDTSSSSEYGSVSPDTELKVDPFSFKTRAKSCGERDVKGIRTLFLGIPDENFEDHSAPPSPEEKDSGFFMLRKDSERRATLHRILTEDQDKIVRNLMESLAQGAEEPKLKWEHITTLIASLREFVRSTDRKIIATTLSKLKLELDFDSHGISQVQVVLFGFQDAVNKVLRNHNIKPHWMFALDSIIRKAVQTAITILVPELRPHFSLASESDTADQEDLDVEDDHEEQPSNQTVRRPQAVIEDAVATSGVSTLSSTVSHDSQSAHRSLNVQLGRMKIETNRLLEELVRKEKELQALLHRAIEEKDQEIKHLKLKSQPIEIPELPVFHLNSSGTNTEDSELTDWLRVNGADEDTISRFLAEDYTLLDVLYYVTRDDLKCLRLRGGMLCTLWKAIIDFRNKQT
Q99755,562,PIP5K1A,MASASSGPSSSVGFSSFDPAVPSCTLSSAASGIKRPMASEVLEARQDSYISLVPYASGMPIKKIGHRSVDSSGETTYKKTTSSALKGAIQLGITHTVGSLSTKPERDVLMQDFYVVESIFFPSEGSNLTPAHHYNDFRFKTYAPVAFRYFRELFGIRPDDYLYSLCSEPLIELCSSGASGSLFYVSSDDEFIIKTVQHKEAEFLQKLLPGYYMNLNQNPRTLLPKFYGLYCVQAGGKNIRIVVMNNLLPRSVKMHIKYDLKGSTYKRRASQKEREKPLPTFKDLDFLQDIPDGLFLDADMYNALCKTLQRDCLVLQSFKIMDYSLLMSIHNIDHAQREPLSSETQYSVDTRRPAPQKALYSTAMESIQGEARRGGTMETDDHMGGIPARNSKGERLLLYIGIIDILQSYRFVKKLEHSWKALVHDGDTVSVHRPGFYAERFQRFMCNTVFKKIPLKPSPSKKFRSGSSFSRRAGSSGNSCITYQPSVSGEHKAQVTTKAEVEPGVHLGRPDVLPQTPPLEEISEGSPIPDPSFSPLVGETLQMLTTSTTLEKLEVAESEFTH
Q99759,626,MAP3K3,MDEQEALNSIMNDLVALQMNRRHRMPGYETMKNKDTGHSNRQSDVRIKFEHNGERRIIAFSRPVKYEDVEHKVTTVFGQPLDLHYMNNELSILLKNQDDLDKAIDILDRSSSMKSLRILLLSQDRNHNSSSPHSGVSRQVRIKASQSAGDINTIYQPPEPRSRHLSVSSQNPGRSSPPPGYVPERQQHIARQGSYTSINSEGEFIPETSEQCMLDPLSSAENSLSGSCQSLDRSADSPSFRKSRMSRAQSFPDNRQEYSDRETQLYDKGVKGGTYPRRYHVSVHHKDYSDGRRTFPRIRRHQGNLFTLVPSSRSLSTNGENMGLAVQYLDPRGRLRSADSENALSVQERNVPTKSPSAPINWRRGKLLGQGAFGRVYLCYDVDTGRELASKQVQFDPDSPETSKEVSALECEIQLLKNLQHERIVQYYGCLRDRAEKTLTIFMEYMPGGSVKDQLKAYGALTESVTRKYTRQILEGMSYLHSNMIVHRDIKGANILRDSAGNVKLGDFGASKRLQTICMSGTGMRSVTGTPYWMSPEVISGEGYGRKADVWSLGCTVVEMLTEKPPWAEYEAMAAIFKIATQPTNPQLPSHISEHGRDFLRRIFVEARQRPSAEELLTHHFAQLMY
Q99986,396,VRK1,MPRVKAAQAGRQSSAKRHLAEQFAVGEIITDMAKKEWKVGLPIGQGGFGCIYLADMNSSESVGSDAPCVVKVEPSDNGPLFTELKFYQRAAKPEQIQKWIRTRKLKYLGVPKYWGSGLHDKNGKSYRFMIMDRFGSDLQKIYEANAKRFSRKTVLQLSLRILDILEYIHEHEYVHGDIKASNLLLNYKNPDQVYLVDYGLAYRYCPEGVHKEYKEDPKRCHDGTIEFTSIDAHNGVAPSRRGDLEILGYCMIQWLTGHLPWEDNLKDPKYVRDSKIRYRENIASLMDKCFPEKNKPGEIAKYMETVKLLDYTEKPLYENLRDILLQGLKAIGSKDDGKLDLSVVENGGLKAKTITKKRKKEIEESKEPGVEDTEWSNTQTEEAIQTRSRTRKRVQK
Q9BQI3,630,EIF2AK1,MQGGNSGVRKREEEGDGAGAVAAPPAIDFPAEGPDPEYDESDVPAEIQVLKEPLQQPTFPFAVANQLLLVSLLEHLSHVHEPNPLRSRQVFKLLCQTFIKMGLLSSFTCSDEFSSLRLHHNRAITHLMRSAKERVRQDPCEDISRIQKIRSREVALEAQTSRYLNEFEELAILGKGGYGRVYKVRNKLDGQYYAIKKILIKGATKTVCMKVLREVKVLAGLQHPNIVGYHTAWIEHVHVIQPRADRAAIELPSLEVLSDQEEDREQCGVKNDESSSSSIIFAEPTPEKEKRFGESDTENQNNKSVKYTTNLVIRESGELESTLELQENGLAGLSASSIVEQQLPLRRNSHLEESFTSTEESSEENVNFLGQTEAQYHLMLHIQMQLCELSLWDWIVERNKRGREYVDESACPYVMANVATKIFQELVEGVFYIHNMGIVHRDLKPRNIFLHGPDQQVKIGDFGLACTDILQKNTDWTNRNGKRTPTHTSRVGTCLYASPEQLEGSEYDAKSDMYSLGVVLLELFQPFGTEMERAEVLTGLRTGQLPESLRKRCPVQAKYIQHLTRRNSSQRPSAIQLLQSELFQNSGNVNLTLQMKIIEQEKEIAELKKQLNLLSQDKGVRDDGKDGGVG
Q9BRR6,497,ADPGK,MALWRGSAYAGFLALAVGCVFLLEPELPGSALRSLWSSLCLGPAPAPPGPVSPEGRLAAAWDALIVRPVRRWRRVAVGVNACVDVVLSGVKLLQALGLSPGNGKDHSILHSRNDLEEAFIHFMGKGAAAERFFSDKETFHDIAQVASEFPGAQHYVGGNAALIGQKFAANSDLKVLLCGPVGPKLHELLDDNVFVPPESLQEVDEFHLILEYQAGEEWGQLKAPHANRFIFSHDLSNGAMNMLEVFVSSLEEFQPDLVVLSGLHMMEGQSKELQRKRLLEVVTSISDIPTGIPVHLELASMTNRELMSSIVHQQVFPAVTSLGLNEQELLFLTQSASGPHSSLSSWNGVPDVGMVSDILFWILKEHGRSKSRASDLTRIHFHTLVYHILATVDGHWANQLAAVAAGARVAGTQACATETIDTSRVSLRAPQEFMTSHSEAGSRIVLNPNKPVVEWHREGISFHFTPVLVCKDPIRTVGLGDAISAEGLFYSEVHPHY
Q9BRS2,568,RIOK1,MDYRRLLMSRVVPGQFDDADSSDSENRDLKTVKEKDDILFEDLQDNVNENGEGEIEDEEEEGYDDDDDDWDWDEGVGKLAKGYVWNGGSNPQANRQTSDSSSAKMSTPADKVLRKFENKINLDKLNVTDSVINKVTEKSRQKEADMYRIKDKADRATVEQVLDPRTRMILFKMLTRGIITEINGCISTGKEANVYHASTANGESRAIKIYKTSILVFKDRDKYVSGEFRFRHGYCKGNPRKMVKTWAEKEMRNLIRLNTAEIPCPEPIMLRSHVLVMSFIGKDDMPAPLLKNVQLSESKARELYLQVIQYMRRMYQDARLVHADLSEFNMLYHGGGVYIIDVSQSVEHDHPHALEFLRKDCANVNDFFMRHSVAVMTVRELFEFVTDPSITHENMDAYLSKAMEIASQRTKEERSSQDHVDEEVFKRAYIPRTLNEVKNYERDMDIIMKLKEEDMAMNAQQDNILYQTVTGLKKDLSGVQKVPALLENQVEERTCSDSEDIGSSECSDTDSEEQGDHARPKKHTTDPDIDKKERKKMVKEAQREKRKNKIPKHVKKRKEKTAKTKKGK
Q9BTU6,479,PI4K2A,MDETSPLVSPERAQPPDYTFPSGSGAHFPQVPGGAVRVAAAAGSGPSPPGSPGHDRERQPLLDRARGAAAQGQTQTVAAQAQALAAQAAAAAHAAQAHRERNEFPEDPEFEAVVRQAELAIERCIFPERIYQGSSGSYFVKDPQGRIIAVFKPKNEEPYGHLNPKWTKWLQKLCCPCCFGRDCLVLNQGYLSEAGASLVDQKLELNIVPRTKVVYLASETFNYSAIDRVKSRGKRLALEKVPKVGQRFNRIGLPPKVGSFQLFVEGYKDADYWLRRFEAEPLPENTNRQLLLQFERLVVLDYIIRNTDRGNDNWLIKYDCPMDSSSSRDTDWVVVKEPVIKVAAIDNGLAFPLKHPDSWRAYPFYWAWLPQAKVPFSQEIKDLILPKISDPNFVKDLEEDLYELFKKDPGFDRGQFHKQIAVMRGQILNLTQALKDNKSPLHLVQMPPVIVETARSHQRSSSESYTQSFQSRKPFFSWW
Q9BUB5,465,MKNK1,MVSSQKLEKPIEMGSSEPLPIADGDRRRKKKRRGRATDSLPGKFEDMYKLTSELLGEGAYAKVQGAVSLQNGKEYAVKIIEKQAGHSRSRVFREVETLYQCQGNKNILELIEFFEDDTRFYLVFEKLQGGSILAHIQKQKHFNEREASRVVRDVAAALDFLHTKDKVSLCHLGWSAMAPSGLTAAPTSLGSSDPPTSASQVAGTTGIAHRDLKPENILCESPEKVSPVKICDFDLGSGMKLNNSCTPITTPELTTPCGSAEYMAPEVVEVFTDQATFYDKRCDLWSLGVVLYIMLSGYPPFVGHCGADCGWDRGEVCRVCQNKLFESIQEGKYEFPDKDWAHISSEAKDLISKLLVRDAKQRLSAAQVLQHPWVQGQAPEKGLPTPQVLQRNSSTMDLTLFAAEAIALNRQLSQHEENELAEEPEALADGLCSMKLSPPCKSRLARRRALAQAGRGEDRSPPTAL
Q9BVS4,552,RIOK2,MGKVNVAKLRYMSRDDFRVLTAVEMGMKNHEIVPGSLIASIASLKHGGCNKVLRELVKHKLIAWERTKTVQGYRLTNAGYDYLALKTLSSRQVVESVGNQMGVGKESDIYIVANEEGQQFALKLHRLGRTSFRNLKNKRDYHKHRHNVSWLYLSRLSAMKEFAYMKALYERKFPVPKPIDYNRHAVVMELINGYPLCQIHHVEDPASVYDEAMELIVKLANHGLIHGDFNEFNLILDESDHITMIDFPQMVSTSHPNAEWYFDRDVKCIKDFFMKRFSYESELFPTFKDIRREDTLDVEVSASGYTKEMQADDELLHPLGPDDKNIETKEGSEFSFSDGEVAEKAEVYGSENESERNCLEESEGCYCRSSGDPEQIKEDSLSEESADARSFEMTEFNQALEEIKGQVVENNSVTEFSEEKNRTENYNRQDGQRVQGGVPAGSDEYEDECPHLIALSSLNREFRPFRDEENVGAMNQYRTRTLSITSSGSAVSCSTIPPELVKQKVKRQLTKQQKSAVRRRLQKGEANIFTKQRRENMQNIKSSLEAASFWGE
Q9BWU1,502,CDK19,MDYDFKAKLAAERERVEDLFEYEGCKVGRGTYGHVYKARRKDGKDEKEYALKQIEGTGISMSACREIALLRELKHPNVIALQKVFLSHSDRKVWLLFDYAEHDLWHIIKFHRASKANKKPMQLPRSMVKSLLYQILDGIHYLHANWVLHRDLKPANILVMGEGPERGRVKIADMGFARLFNSPLKPLADLDPVVVTFWYRAPELLLGARHYTKAIDIWAIGCIFAELLTSEPIFHCRQEDIKTSNPFHHDQLDRIFSVMGFPADKDWEDIRKMPEYPTLQKDFRRTTYANSSLIKYMEKHKVKPDSKVFLLLQKLLTMDPTKRITSEQALQDPYFQEDPLPTLDVFAGCQIPYPKREFLNEDDPEEKGDKNQQQQQNQHQQPTAPPQQAAAPPQAPPPQQNSTQTNGTAGGAGAGVGGTGAGLQHSQDSSLNQVPPNKKPRLGPSGANSGGPVMPSDYQHSSSRLNYQSSVQGSSQSQSTLGYSSSSQQSSQYHPSHQAHRY
Q9BX84,2022,TRPM6,MKEQPVLERLQSQKSWIKGVFDKRECSTIIPSSKNPHRCTPVCQVCQNLIRCYCGRLIGDHAGIDYSWTISAAKGKESEQWSVEKHTTKSPTDTFGTINFQDGEHTHHAKYIRTSYDTKLDHLLHLMLKEWKMELPKLVISVHGGIQNFTMPSKFKEIFSQGLVKAAETTGAWIITEGINTGVSKHVGDALKSHSSHSLRKIWTVGIPPWGVIENQRDLIGKDVVCLYQTLDNPLSKLTTLNSMHSHFILSDDGTVGKYGNEMKLRRNLEKYLSLQKIHCRSRQGVPVVGLVVEGGPNVILSVWETVKDKDPVVVCEGTGRAADLLAFTHKHLADEGMLRPQVKEEIICMIQNTFNFSLKQSKHLFQILMECMVHRDCITIFDADSEEQQDLDLAILTALLKGTNLSASEQLNLAMAWDRVDIAKKHILIYEQHWKPDALEQAMSDALVMDRVDFVKLLIEYGVNLHRFLTIPRLEELYNTKQGPTNTLLHHLVQDVKQHTLLSGYRITLIDIGLVVEYLIGRAYRSNYTRKHFRALYNNLYRKYKHQRHSSGNRNESAESTLHSQFIRTAQPYKFKEKSIVLHKSRKKSKEQNVSDDPESTGFLYPYNDLLVWAVLMKRQKMAMFFWQHGEEATVKAVIACILYRAMAHEAKESHMVDDASEELKNYSKQFGQLALDLLEKAFKQNERMAMTLLTYELRNWSNSTCLKLAVSGGLRPFVSHTCTQMLLTDMWMGRLKMRKNSWLKIIISIILPPTILTLEFKSKAEMSHVPQSQDFQFMWYYSDQNASSSKESASVKEYDLERGHDEKLDENQHFGLESGHQHLPWTRKVYEFYSAPIVKFWFYTMAYLAFLMLFTYTVLVEMQPQPSVQEWLVSIYIFTNAIEVVREICISEPGKFTQKVKVWISEYWNLTETVAIGLFSAGFVLRWGDPPFHTAGRLIYCIDIIFWFSRLLDFFAVNQHAGPYVTMIAKMTANMFYIVIIMAIVLLSFGVARKAILSPKEPPSWSLARDIVFEPYWMIYGEVYAGEIDVCSSQPSCPPGSFLTPFLQAVYLFVQYIIMVNLLIAFFNNVYLDMESISNNLWKYNRYRYIMTYHEKPWLPPPLILLSHVGLLLRRLCCHRAPHDQEEGDVGLKLYLSKEDLKKLHDFEEQCVEKYFHEKMEDVNCSCEERIRVTSERVTEMYFQLKEMNEKVSFIKDSLLSLDSQVGHLQDLSALTVDTLKVLSAVDTLQEDEALLAKRKHSTCKKLPHSWSNVICAEVLGSMEIAGEKKYQYYSMPSSLLRSLAGGRHPPRVQRGALLEITNSKREATNVRNDQERQETQSSIVVSGVSPNRQAHSKYGQFLLVPSNLKRVPFSAETVLPLSRPSVPDVLATEQDIQTEVLVHLTGQTPVVSDWASVDEPKEKHEPIAHLLDGQDKAEQVLPTLSCTPEPMTMSSPLSQAKIMQTGGGYVNWAFSEGDETGVFSIKKKWQTCLPSTCDSDSSRSEQHQKQAQDSSLSDNSTRSAQSSECSEVGPWLQPNTSFWINPLRRYRPFARSHSFRFHKEEKLMKICKIKNLSGSSEIGQGAWVKAKMLTKDRRLSKKKKNTQGLQVPIITVNACSQSDQLNPEPGENSISEEEYSKNWFTVSKFSHTGVEPYIHQKMKTKEIGQCAIQISDYLKQSQEDLSKNSLWNSRSTNLNRNSLLKSSIGVDKISASLKSPQEPHHHYSAIERNNLMRLSQTIPFTPVQLFAGEEITVYRLEESSPLNLDKSMSSWSQRGRAAMIQVLSREEMDGGLRKAMRVVSTWSEDDILKPGQVFIVKSFLPEVVRTWHKIFQESTVLHLCLREIQQQRAAQKLIYTFNQVKPQTIPYTPRFLEVFLIYCHSANQWLTIEKYMTGEFRKYNNNNGDEITPTNTLEELMLAFSHWTYEYTRGELLVLDLQGVGENLTDPSVIKPEVKQSRGMVFGPANLGEDAIRNFIAKHHCNSCCRKLKLPDLKRNDYSPERINSTFGLEIKIESAEEPPARETGRNSPEDDMQL
Q9BXA6,273,TSSK6,MSGDKLLSELGYKLGRTIGEGSYSKVKVATSKKYKGTVAIKVVDRRRAPPDFVNKFLPRELSILRGVRHPHIVHVFEFIEVCNGKLYIVMEAAATDLLQAVQRNGRIPGVQARDLFAQIAGAVRYLHDHHLVHRDLKCENVLLSPDERRVKLTDFGFGRQAHGYPDLSTTYCGSAAYASPEVLLGIPYDPKKYDVWSMGVVLYVMVTGCMPFDDSDIAGLPRRQKRGVLYPEGLELSERCKALIAELLQFSPSARPSAGQVARNCWLRAGDSG
Q9BXA7,367,TSSK1B,MDDAAVLKRRGYLLGINLGEGSYAKVKSAYSERLKFNVAIKIIDRKKAPADFLEKFLPREIEILAMLNHCSIIKTYEIFETSHGKVYIVMELAVQGDLLELIKTRGALHEDEARKKFHQLSLAIKYCHDLDVVHRDLKCDNLLLDKDFNIKLSDFSFSKRCLRDDSGRMALSKTFCGSPAYAAPEVLQGIPYQPKVYDIWSLGVILYIMVCGSMPYDDSNIKKMLRIQKEHRVNFPRSKHLTGECKDLIYHMLQPDVNRRLHIDEILSHCWMQPKARGSPSVAINKEGESSRGTEPLWTPEPGSDKKSATKLEPEGEAQPQAQPETKPEGTAMQMSRQSEILGFPSKPSTMETEEGPPQQPPETRAQ
Q9BXM7,581,PINK1,MAVRQALGRGLQLGRALLLRFTGKPGRAYGLGRPGPAAGCVRGERPGWAAGPGAEPRRVGLGLPNRLRFFRQSVAGLAARLQRQFVVRAWGCAGPCGRAVFLAFGLGLGLIEEKQAESRRAVSACQEIQAIFTQKSKPGPDPLDTRRLQGFRLEEYLIGQSIGKGCSAAVYEATMPTLPQNLEVTKSTGLLPGRGPGTSAPGEGQERAPGAPAFPLAIKMMWNISAGSSSEAILNTMSQELVPASRVALAGEYGAVTYRKSKRGPKQLAPHPNIIRVLRAFTSSVPLLPGALVDYPDVLPSRLHPEGLGHGRTLFLVMKNYPCTLRQYLCVNTPSPRLAAMMLLQLLEGVDHLVQQGIAHRDLKSDNILVELDPDGCPWLVIADFGCCLADESIGLQLPFSSWYVDRGGNGCLMAPEVSTARPGPRAVIDYSKADAWAVGAIAYEIFGLVNPFYGQGKAHLESRSYQEAQLPALPESVPPDVRQLVRALLQREASKRPSARVAANVLHLSLWGEHILALKNLKLDKMVGWLLQQSAATLLANRLTEKCCVETKMKMLFLANLECETLCQAALLLCSWRAAL
Q9BXU1,1019,STK31,MWVQGHSSRASATESVSFSGIVQMDEDTHYDKVEDVVGSHIEDAVTFWAQSINRNKDIMKIGCSLSEVCPQASSVLGNLDPNKIYGGLFSEDQCWYRCKVLKIISVEKCLVRYIDYGNTEILNRSDIVEIPLELQFSSVAKKYKLWGLHIPSDQEVTQFDQGTTFLGSLIFEKEIKMRIKATSEDGTVIAQAEYGSVDIGEEVLKKGFAEKCRLASRTDICEEKKLDPGQLVLRNLKSPIPLWGHRSNQSTFSRPKGHLSEKMTLDLKDENDAGNLITFPKESLAVGDFNLGSNVSLEKIKQDQKLIEENEKLKTEKDALLESYKALELKVEQIAQELQQEKAAAVDLTNHLEYTLKTYIDTRMKNLAAKMEILKEMRHVDISVRFGKDLSDAIQVLDEGCFTTPASLNGLEIIWAEYSLAQENIKTCEYVSEGNILIAQRNEMQQKLYMSVEDFILEVDESSLNKRLKTLQDLSVSLEAVYGQAKEGANSDEILKKFYDWKCDKREEFTSVRSETDASLHRLVAWFQRTLKVFDLSVEGSLISEDAMDNIDEILEKTESSVCKELEIALVDQGDADKEIISNTYSQVLQKIHSEERLIATVQAKYKDSIEFKKQLIEYLNKSPSVDHLLSIKKTLKSLKALLRWKLVEKSNLEESDDPDGSQIEKIKEEITQLRNNVFQEIYHEREEYEMLTSLAQKWFPELPLLHPEIGLLKYMNSGGLLTMSLERDLLDAEPMKELSSKRPLVRSEVNGQIILLKGYSVDVDTEAKVIERAATYHRAWREAEGDSGLLPLIFLFLCKSDPMAYLMVPYYPRANLNAVQANMPLNSEETLKVMKGVAQGLHTLHKADIIHGSLHQNNVFALNREQGIVGDFDFTKSVSQRASVNMMVGDLSLMSPELKMGKPASPGSDLYAYGCLLLWLSVQNQEFEINKDGIPKVDQFHLDDKVKSLLCSLICYRSSMTAEQVLNAECFLMPKEQSVPNPEKDTEYTLYKKEEEIKTENLDKCMEKTRNGEANFDC
Q9BYP7,1800,WNK3,MATDSGDPASTEDSEKPDGISFENRVPQVAATLTVEARLKEKNSTFSASGETVERKRFFRKSVEMTEDDKVAESSPKDERIKAAMNIPRVDKLPSNVLRGGQEVKYEQCSKSTSEISKDCFKEKNEKEMEEEAEMKAVATSPSGRFLKFDIELGRGAFKTVYKGLDTETWVEVAWCELQDRKLTKAEQQRFKEEAEMLKGLQHPNIVRFYDSWESILKGKKCIVLVTELMTSGTLKTYLKRFKVMKPKVLRSWCRQILKGLQFLHTRTPPIIHRDLKCDNIFITGPTGSVKIGDLGLATLMRTSFAKSVIGTPEFMAPEMYEEHYDESVDVYAFGMCMLEMATSEYPYSECQNAAQIYRKVTSGIKPASFNKVTDPEVKEIIEGCIRQNKSERLSIRDLLNHAFFAEDTGLRVELAEEDDCSNSSLALRLWVEDPKKLKGKHKDNEAIEFSFNLETDTPEEVAYEMVKSGFFHESDSKAVAKSIRDRVTPIKKTREKKPAGCLEERRDSQCKSMGNVFPQPQNTTLPLAPAQQTGAECEETEVDQHVRQQLLQRKPQQHCSSVTGDNLSEAGAASVIHSDTSSQPSVAYSSNQTMGSQMVSNIPQAEVNVPGQIYSSQQLVGHYQQVSGLQKHSKLTQPQILPLVQGQSTVLPVHVLGPTVVSQPQVSPLTVQKVPQIKPVSQPVGAEQQAALLKPDLVRSLNQDVATTKENVSSPDNPSGNGKQDRIKQRRASCPRPEKGTKFQLTVLQVSTSGDNMVECQLETHNNKMVTFKFDVDGDAPEDIADYMVEDNFVLESEKEKFVEELRAIVGQAQEILHVHFATERATGVDSITVDSNSSQTGSSEQVQINSTSTQTSNESAPQSSPVGRWRFCINQTIRNRETQSPPSLQHSMSAVPGRHPLPSPKNTSNKEISRDTLLTIENNPCHRALFTSKSEHKDVVDGKISECASVETKQPAILYQVEDNRQIMAPVTNSSSYSTTSVRAVPAECEGLTKQASIFIPVYPCHQTASQADALMSHPGESTQTSGNSLTTLAFDQKPQTLSVQQPAMDAEFISQEGETTVNTEASSPKTVIPTQTPGLEPTTLQPTTVLESDGERPPKLEFADNRIKTLDEKLRNLLYQEHSISSIYPESQKDTQSIDSPFSSSAEDTLSCPVTEVIAISHCGIKDSPVQSPNFQQTGSKLLSNVAASQPANISVFKRDLNVITSVPSELCLHEMSSDASLPGDPEAYPAAVSSGGAIHLQTGGGYFGLSFTCPSLKNPISKKSWTRKLKSWAYRLRQSTSFFKRSKVRQVETEEMRSAIAPDPIPLTRESTADTRALNRCKAMSGSFQRGRFQVITIPQQQSAKMTSFGIEHISVFSETNHSSEEAFIKTAKSQLVEIEPATQNPKTSFSYEKLQALQETCKENKGVPKQGDNFLSFSAACETDVSSVTPEKEFEETSATGSSMQSGSELLLKEREILTAGKQPSSDSEFSASLAGSGKSVAKTGPESNQCLPHHEEQAYAQTQSSLFYSPSSPMSSDDESEIEDEDLKVELQRLREKHIQEVVNLQTQQNKELQELYERLRSIKDSKTQSTEIPLPPASPRRPRSFKSKLRSRPQSLTHVDNGIVATGKSCLINELENPLCVESNAASCQQSPASKKGMFTDDLHKLVDDWTKEAVGNSLIKPSLNQLKQSQHKLETENWNKVSENTPSTMGYTSTWISSLSQIRGAVPTSLPQGLSLPSFPGPLSSYGMPHVCQYNAVAGAGYPVQWVGISGTTQQSVVIPAQSGGPFQPGMNMQAFPTSSVQNPATIPPGPK
Q9BYT3,514,STK33,MADSGLDKKSTKCPDCSSASQKDVLCVCSSKTRVPPVLVVEMSQTSSIGSAESLISLERKKEKNINRDITSRKDLPSRTSNVERKASQQQWGRGNFTEGKVPHIRIENGAAIEEIYTFGRILGKGSFGIVIEATDKETETKWAIKKVNKEKAGSSAVKLLEREVNILKSVKHEHIIHLEQVFETPKKMYLVMELCEDGELKEILDRKGHFSENETRWIIQSLASAIAYLHNNDIVHRDLKLENIMVKSSLIDDNNEINLNIKVTDFGLAVKKQSRSEAMLQATCGTPIYMAPEVISAHDYSQQCDIWSIGVVMYMLLRGEPPFLASSEEKLFELIRKGELHFENAVWNSISDCAKSVLKQLMKVDPAHRITAKELLDNQWLTGNKLSSVRPTNVLEMMKEWKNNPESVEENTTEEKNKPSTEEKLKSYQPWGNVPDANYTSDEEEEKQSTAYEKQFPATSKDNFDMCSSSFTSSKLLPAEIKGEMEKTPVTPSQGTATKYPAKSGALSRTKKKL
Q9BZ23,570,PANK2,MRRLGPFHPRVHWAAPPSLSSGLHRLLFLRGTRIPSSTTLSPPRHDSLSLDGGTVNPPRVREPTGREAFGPSPASSDWLPARWRNGRGGRPRARLCSGWTAAEEARRNPTLGGLLGRQRLLLRMGGGRLGAPMERHGRASATSVSSAGEQAAGDPEGRRQEPLRRRASSASVPAVGASAEGTRRDRLGSYSGPTSVSRQRVESLRKKRPLFPWFGLDIGGTLVKLVYFEPKDITAEEEEEEVESLKSIRKYLTSNVAYGSTGIRDVHLELKDLTLCGRKGNLHFIRFPTHDMPAFIQMGRDKNFSSLHTVFCATGGGAYKFEQDFLTIGDLQLCKLDELDCLIKGILYIDSVGFNGRSQCYYFENPADSEKCQKLPFDLKNPYPLLLVNIGSGVSILAVYSKDNYKRVTGTSLGGGTFFGLCCLLTGCTTFEEALEMASRGDSTKVDKLVRDIYGGDYERFGLPGWAVASSFGNMMSKEKREAVSKEDLARATLITITNNIGSIARMCALNENINQVVFVGNFLRINTIAMRLLAYALDYWSKGQLKALFSEHEGYFGAVGALLELLKIP
Q9BZL6,878,PRKD2,MATAPSYPAGLPGSPGPGSPPPPGGLELQSPPPLLPQIPAPGSGVSFHIQIGLTREFVLLPAASELAHVKQLACSIVDQKFPECGFYGLYDKILLFKHDPTSANLLQLVRSSGDIQEGDLVEVVLSASATFEDFQIRPHALTVHSYRAPAFCDHCGEMLFGLVRQGLKCDGCGLNYHKRCAFSIPNNCSGARKRRLSSTSLASGHSVRLGTSESLPCTAEELSRSTTELLPRRPPSSSSSSSASSYTGRPIELDKMLLSKVKVPHTFLIHSYTRPTVCQACKKLLKGLFRQGLQCKDCKFNCHKRCATRVPNDCLGEALINGDVPMEEATDFSEADKSALMDESEDSGVIPGSHSENALHASEEEEGEGGKAQSSLGYIPLMRVVQSVRHTTRKSSTTLREGWVVHYSNKDTLRKRHYWRLDCKCITLFQNNTTNRYYKEIPLSEILTVESAQNFSLVPPGTNPHCFEIVTANATYFVGEMPGGTPGGPSGQGAEAARGWETAIRQALMPVILQDAPSAPGHAPHRQASLSISVSNSQIQENVDIATVYQIFPDEVLGSGQFGVVYGGKHRKTGRDVAVKVIDKLRFPTKQESQLRNEVAILQSLRHPGIVNLECMFETPEKVFVVMEKLHGDMLEMILSSEKGRLPERLTKFLITQILVALRHLHFKNIVHCDLKPENVLLASADPFPQVKLCDFGFARIIGEKSFRRSVVGTPAYLAPEVLLNQGYNRSLDMWSVGVIMYVSLSGTFPFNEDEDINDQIQNAAFMYPASPWSHISAGAIDLINNLLQVKMRKRYSVDKSLSHPWLQEYQTWLDLRELEGKMGERYITHESDDARWEQFAAEHPLPGSGLPTDRDLGGACPPQDHDMQGLAERISVL
Q9BZX2,261,UCK2,MAGDSEQTLQNHQQPNGGEPFLIGVSGGTASGKSSVCAKIVQLLGQNEVDYRQKQVVILSQDSFYRVLTSEQKAKALKGQFNFDHPDAFDNELILKTLKEITEGKTVQIPVYDFVSHSRKEETVTVYPADVVLFEGILAFYSQEVRDLFQMKLFVDTDADTRLSRRVLRDISERGRDLEQILSQYITFVKPAFEEFCLPTKKYADVIIPRGADNLVAINLIVQHIQDILNGGPSKRQTNGCLNGYTPSRKRQASESSSRPH
Q9C098,648,DCLK3,MGKEPLTLKSIQVAVEELYPNKARALTLAQHSRAPSPRLRSRLFSKALKGDHRCGETETPKSCSEVAGCKAAMRHQGKIPEELSLDDRARTQKKWGRGKWEPEPSSKPPREATLEERHARGEKHLGVEIEKTSGEIIRCEKCKRERELQQSLERERLSLGTSELDMGKGPMYDVEKLVRTRSCRRSPEANPASGEEGWKGDSHRSSPRNPTQELRRPSKSMDKKEDRGPEDQESHAQGAAKAKKDLVEVLPVTEEGLREVKKDTRPMSRSKHGGWLLREHQAGFEKLRRTRGEEKEAEKEKKPCMSGGRRMTLRDDQPAKLEKEPKTRPEENKPERPSGRKPRPMGIIAANVEKHYETGRVIGDGNFAVVKECRHRETRQAYAMKIIDKSRLKGKEDMVDSEILIIQSLSHPNIVKLHEVYETDMEIYLILEYVQGGDLFDAIIESVKFPEPDAALMIMDLCKALVHMHDKSIVHRDLKPENLLVQRNEDKSTTLKLADFGLAKHVVRPIFTVCGTPTYVAPEILSEKGYGLEVDMWAAGVILYILLCGFPPFRSPERDQDELFNIIQLGHFEFLPPYWDNISDAAKDLVSRLLVVDPKKRYTAHQVLQHPWIETAGKTNTVKRQKQVSPSSEGHFRSQHKRVVEQVS
Q9H093,628,NUAK2,MESLVFARRSGPTPSAAELARPLAEGLIKSPKPLMKKQAVKRHHHKHNLRHRYEFLETLGKGTYGKVKKARESSGRLVAIKSIRKDKIKDEQDLMHIRREIEIMSSLNHPHIIAIHEVFENSSKIVIVMEYASRGDLYDYISERQQLSEREARHFFRQIVSAVHYCHQNRVVHRDLKLENILLDANGNIKIADFGLSNLYHQGKFLQTFCGSPLYASPEIVNGKPYTGPEVDSWSLGVLLYILVHGTMPFDGHDHKILVKQISNGAYREPPKPSDACGLIRWLLMVNPTRRATLEDVASHWWVNWGYATRVGEQEAPHEGGHPGSDSARASMADWLRRSSRPLLENGAKVCSFFKQHAPGGGSTTPGLERQHSLKKSRKENDMAQSLHSDTADDTAHRPGKSNLKLPKGILKKKVSASAEGVQEDPPELSPIPASPGQAAPLLPKKGILKKPRQRESGYYSSPEPSESGELLDAGDVFVSGDPKEQKPPQASGLLLHRKGILKLNGKFSQTALELAAPTTFGSLDELAPPRPLARASRPSGAVSEDSILSSESFDQLDLPERLPEPPLRGCVSVDNLTGLEEPPSEGPGSCLRRWRQDPLGDSCFSLTDCQEVTATYRQALRVCSKLT
Q9H0K1,926,SIK2,MVMADGPRHLQRGPVRVGFYDIEGTLGKGNFAVVKLGRHRITKTEVAIKIIDKSQLDAVNLEKIYREVQIMKMLDHPHIIKLYQVMETKSMLYLVTEYAKNGEIFDYLANHGRLNESEARRKFWQILSAVDYCHGRKIVHRDLKAENLLLDNNMNIKIADFGFGNFFKSGELLATWCGSPPYAAPEVFEGQQYEGPQLDIWSMGVVLYVLVCGALPFDGPTLPILRQRVLEGRFRIPYFMSEDCEHLIRRMLVLDPSKRLTIAQIKEHKWMLIEVPVQRPVLYPQEQENEPSIGEFNEQVLRLMHSLGIDQQKTIESLQNKSYNHFAAIYFLLVERLKSHRSSFPVEQRLDGRQRRPSTIAEQTVAKAQTVGLPVTMHSPNMRLLRSALLPQASNVEAFSFPASGCQAEAAFMEEECVDTPKVNGCLLDPVPPVLVRKGCQSLPSNMMETSIDEGLETEGEAEEDPAHAFEAFQSTRSGQRRHTLSEVTNQLVVMPGAGKIFSMNDSPSLDSVDSEYDMGSVQRDLNFLEDNPSLKDIMLANQPSPRMTSPFISLRPTNPAMQALSSQKREVHNRSPVSFREGRRASDTSLTQGIVAFRQHLQNLARTKGILELNKVQLLYEQIGPEADPNLAPAAPQLQDLASSCPQEEVSQQQESVSTLPASVHPQLSPRQSLETQYLQHRLQKPSLLSKAQNTCQLYCKEPPRSLEQQLQEHRLQQKRLFLQKQSQLQAYFNQMQIAESSYPQPSQQLPLPRQETPPPSQQAPPFSLTQPLSPVLEPSSEQMQYSPFLSQYQEMQLQPLPSTSGPRAAPPLPTQLQQQQPPPPPPPPPPRQPGAAPAPLQFSYQTCELPSAASPAPDYPTPCQYPVDGAQQSDLTGPDCPRSPGLQEAPSSYDPLALSELPGLFDCEMLDAVDPQHNGYVLVN
Q9H1R3,596,MYLK2,MATENGAVELGIQNPSTDKAPKGPTGERPLAAGKDPGPPDPKKAPDPPTLKKDAKAPASEKGDGTLAQPSTSSQGPKGEGDRGGGPAEGSAGPPAALPQQTATPETSVKKPKAEQGASGSQDPGKPRVGKKAAEGQAAARRGSPAFLHSPSCPAIISSSEKLLAKKPPSEASELTFEGVPMTHSPTDPRPAKAEEGKNILAESQKEVGEKTPGQAGQAKMQGDTSRGIEFQAVPSEKSEVGQALCLTAREEDCFQILDDCPPPPAPFPHRMVELRTGNVSSEFSMNSKEALGGGKFGAVCTCMEKATGLKLAAKVIKKQTPKDKEMVLLEIEVMNQLNHRNLIQLYAAIETPHEIVLFMEYIEGGELFERIVDEDYHLTEVDTMVFVRQICDGILFMHKMRVLHLDLKPENILCVNTTGHLVKIIDFGLARRYNPNEKLKVNFGTPEFLSPEVVNYDQISDKTDMWSMGVITYMLLSGLSPFLGDDDTETLNNVLSGNWYFDEETFEAVSDEAKDFVSNLIVKDQRARMNAAQCLAHPWLNNLAEKAKRCNRRLKSQILLKKYLMKRRWKKNFIAVSAANRFKKISSSGALMALGV
Q9H2G2,1235,SLK,MSFFNFRKIFKLGSEKKKKQYEHVKRDLNPEDFWEIIGELGDGAFGKVYKAQNKETSVLAAAKVIDTKSEEELEDYMVEIDILASCDHPNIVKLLDAFYYENNLWILIEFCAGGAVDAVMLELERPLTESQIQVVCKQTLDALNYLHDNKIIHRDLKAGNILFTLDGDIKLADFGVSAKNTRTIQRRDSFIGTPYWMAPEVVMCETSKDRPYDYKADVWSLGITLIEMAEIEPPHHELNPMRVLLKIAKSEPPTLAQPSRWSSNFKDFLKKCLEKNVDARWTTSQLLQHPFVTVDSNKPIRELIAEAKAEVTEEVEDGKEEDEEEETENSLPIPASKRASSDLSIASSEEDKLSQNACILESVSEKTERSNSEDKLNSKILNEKPTTDEPEKAVEDINEHITDAQLEAMTELHDRTAVIKENEREKRPKLENLPDTEDQETVDINSVSEGKENNIMITLETNIEHNLKSEEEKDQEKQQMFENKLIKSEEIKDTILQTVDLVSQETGEKEANIQAVDSEVGLTKEDTQEKLGEDDKTQKDVISNTSDVIGTCEAADVAQKVDEDSAEDTQSNDGKEVVEVGQKLINKPMVGPEAGGTKEVPIKEIVEMNEIEEGKNKEQAINSSENIMDINEEPGTTEGEEITESSSTEEMEVRSVVADTDQKALGSEVQDASKVTTQIDKEKKEIPVSIKKEPEVTVVSQPTEPQPVLIPSININSDSGENKEEIGSLSKTETILPPESENPKENDNDSGTGSTADTSSIDLNLSISSFLSKTKDSGSISLQETRRQKKTLKKTRKFIVDGVEVSVTTSKIVTDSDSKTEELRFLRRQELRELRFLQKEEQRAQQQLNSKLQQQREQIFRRFEQEMMSKKRQYDQEIENLEKQQKQTIERLEQEHTNRLRDEAKRIKGEQEKELSKFQNMLKNRKKEVINEVEKAPKELRKELMKRRKEELAQSQHAQEQEFVQKQQQELDGSLKKIIQQQKAELANIERECLNNKQQLMRAREAAIWELEERHLQEKHQLLKQQLKDQYFMQRHQLLKRHEKETEQMQRYNQRLIEELKNRQTQERARLPKIQRSEAKTRMAMFKKSLRINSTATPDQDRDKIKQFAAQEEKRQKNERMAQHQKHENQMRDLQLQCEANVRELHQLQNEKCHLLVEHETQKLKELDEEHSQELKEWREKLRPRKKTLEEEFARKLQEQEVFFKMTGESECLNPSTQSRISKFYPIPSLHSTGS
Q9H2K8,898,TAOK3,MRKGVLKDPEIADLFYKDDPEELFIGLHEIGHGSFGAVYFATNAHTSEVVAIKKMSYSGKQTHEKWQDILKEVKFLRQLKHPNTIEYKGCYLKEHTAWLVMEYCLGSASDLLEVHKKPLQEVEIAAITHGALHGLAYLHSHALIHRDIKAGNILLTEPGQVKLADFGSASMASPANSFVGTPYWMAPEVILAMDEGQYDGKVDIWSLGITCIELAERKPPLFNMNAMSALYHIAQNDSPTLQSNEWTDSFRRFVDYCLQKIPQERPTSAELLRHDFVRRDRPLRVLIDLIQRTKDAVRELDNLQYRKMKKILFQETRNGPLNESQEDEEDSEHGTSLNREMDSLGSNHSIPSMSVSTGSQSSSVNSMQEVMDESSSELVMMHDDESTINSSSSVVHKKDHVFIRDEAGHGDPRPEPRPTQSVQSQALHYRNRERFATIKSASLVTRQIHEHEQENELREQMSGYKRMRRQHQKQLIALENKLKAEMDEHRLKLQKEVETHANNSSIELEKLAKKQVAIIEKEAKVAAADEKKFQQQILAQQKKDLTTFLESQKKQYKICKEKIKEEMNEDHSTPKKEKQERISKHKENLQHTQAEEEAHLLTQQRLYYDKNCRFFKRKIMIKRHEVEQQNIREELNKKRTQKEMEHAMLIRHDESTRELEYRQLHTLQKLRMDLIRLQHQTELENQLEYNKRRERELHRKHVMELRQQPKNLKAMEMQIKKQFQDTCKVQTKQYKALKNHQLEVTPKNEHKTILKTLKDEQTRKLAILAEQYEQSINEMMASQALRLDEAQEAECQALRLQLQQEMELLNAYQSKIKMQTEAQHERELQKLEQRVSLRRAHLEQKIEEELAALQKERSERIKNLLERQEREIETFDMESLRMGFGNLVTLDFPKEDYR
Q9H2X6,1198,HIPK2,MAPVYEGMASHVQVFSPHTLQSSAFCSVKKLKIEPSSNWDMTGYGSHSKVYSQSKNIPLSQPATTTVSTSLPVPNPSLPYEQTIVFPGSTGHIVVTSASSTSVTGQVLGGPHNLMRRSTVSLLDTYQKCGLKRKSEEIENTSSVQIIEEHPPMIQNNASGATVATATTSTATSKNSGSNSEGDYQLVQHEVLCSMTNTYEVLEFLGRGTFGQVVKCWKRGTNEIVAIKILKNHPSYARQGQIEVSILARLSTESADDYNFVRAYECFQHKNHTCLVFEMLEQNLYDFLKQNKFSPLPLKYIRPVLQQVATALMKLKSLGLIHADLKPENIMLVDPSRQPYRVKVIDFGSASHVSKAVCSTYLQSRYYRAPEIILGLPFCEAIDMWSLGCVIAELFLGWPLYPGASEYDQIRYISQTQGLPAEYLLSAGTKTTRFFNRDTDSPYPLWRLKTPDDHEAETGIKSKEARKYIFNCLDDMAQVNMTTDLEGSDMLVEKADRREFIDLLKKMLTIDADKRITPIETLNHPFVTMTHLLDFPHSTHVKSCFQNMEICKRRVNMYDTVNQSKTPFITHVAPSTSTNLTMTFNNQLTTVHNQAPSSTSATISLANPEVSILNYPSTLYQPSAASMAAVAQRSMPLQTGTAQICARPDPFQQALIVCPPGFQGLQASPSKHAGYSVRMENAVPIVTQAPGAQPLQIQPGLLAQQAWPSGTQQILLPPAWQQLTGVATHTSVQHATVIPETMAGTQQLADWRNTHAHGSHYNPIMQQPALLTGHVTLPAAQPLNVGVAHVMRQQPTSTTSSRKSKQHQSSVRNVSTCEVSSSQAISSPQRSKRVKENTPPRCAMVHSSPACSTSVTCGWGDVASSTTRERQRQTIVIPDTPSPTVSVITISSDTDEEEEQKHAPTSTVSKQRKNVISCVTVHDSPYSDSSSNTSPYSVQQRAGHNNANAFDTKGSLENHCTGNPRTIIVPPLKTQASEVLVECDSLVPVNTSHHSSSYKSKSSSNVTSTSGHSSGSSSGAITYRQQRPGPHFQQQQPLNLSQAQQHITTDRTGSHRRQQAYITPTMAQAPYSFPHNSPSHGTVHPHLAAAAAAAHLPTQPHLYTYTAPAALGSTGTVAHLVASQGSARHTVQHTAYPASIVHQVPVSMGPRVLPSPTIHPSQYPAQFAHQTYISASPASTVYTGYPLSPAKVNQYPYI
Q9H3S4,243,TPK1,MEHAFTPLEPLLSTGNLKYCLVILNQPLDNYFRHLWNKALLRACADGGANRLYDITEGERESFLPEFINGDFDSIRPEVREYYATKGCELISTPDQDHTDFTKCLKMLQKKIEEKDLKVDVIVTLGGLAGRFDQIMASVNTLFQATHITPFPIIIIQEESLIYLLQPGKHRLHVDTGMEGDWCGLIPVGQPCMQVTTTGLKWNLTNDVLAFGTLVSTSNTYDGSGVVTVETDHPLLWTMAIKS
Q9H3Y6,488,SRMS,MEPFLRRRLAFLSFFWDKIWPAGGEPDHGTPGSLDPNTDPVPTLPAEPCSPFPQLFLALYDFTARCGGELSVRRGDRLCALEEGGGYIFARRLSGQPSAGLVPITHVAKASPETLSDQPWYFSGVSRTQAQQLLLSPPNEPGAFLIRPSESSLGGYSLSVRAQAKVCHYRVSMAADGSLYLQKGRLFPGLEELLTYYKANWKLIQNPLLQPCMPQKAPRQDVWERPHSEFALGRKLGEGYFGEVWEGLWLGSLPVAIKVIKSANMKLTDLAKEIQTLKGLRHERLIRLHAVCSGGEPVYIVTELMRKGNLQAFLGTPEGRALRLPPLLGFACQVAEGMSYLEEQRVVHRDLAARNVLVDDGLACKVADFGLARLLKDDIYSPSSSSKIPVKWTAPEAANYRVFSQKSDVWSFGVLLHEVFTYGQCPYEGMTNHETLQQIMRGYRLPRPAACPAEVYVLMLECWRSSPEERPSFATLREKLHAIHRCHP
Q9H422,1215,HIPK3,MASQVLVYPPYVYQTQSSAFCSVKKLKVEPSSCVFQERNYPRTYVNGRNFGNSHPPTKGSAFQTKIPFNRPRGHNFSLQTSAVVLKNTAGATKVIAAQAQQAHVQAPQIGAWRNRLHFLEGPQRCGLKRKSEELDNHSSAMQIVDELSILPAMLQTNMGNPVTVVTATTGSKQNCTTGEGDYQLVQHEVLCSMKNTYEVLDFLGRGTFGQVVKCWKRGTNEIVAIKILKNHPSYARQGQIEVSILARLSTENADEYNFVRAYECFQHRNHTCLVFEMLEQNLYDFLKQNKFSPLPLKVIRPILQQVATALKKLKSLGLIHADLKPENIMLVDPVRQPYRVKVIDFGSASHVSKTVCSTYLQSRYYRAPEIILGLPFCEAIDMWSLGCVIAELFLGWPLYPGALEYDQIRYISQTQGLPGEQLLNVGTKSTRFFCKETDMSHSGWRLKTLEEHEAETGMKSKEARKYIFNSLDDVAHVNTVMDLEGSDLLAEKADRREFVSLLKKMLLIDADLRITPAETLNHPFVNMKHLLDFPHSNHVKSCFHIMDICKSHLNSCDTNNHNKTSLLRPVASSSTATLTANFTKIGTLRSQALTTSAHSVVHHGIPLQAGTAQFGCGDAFQQTLIICPPAIQGIPATHGKPTSYSIRVDNTVPLVTQAPAVQPLQIRPGVLSQTWSGRTQQMLVPAWQQVTPLAPATTTLTSESVAGSHRLGDWGKMISCSNHYNSVMPQPLLTNQITLSAPQPVSVGIAHVVWPQPATTKKNKQCQNRGILVKLMEWEPGREEINAFSWSNSLQNTNIPHSAFISPKIINGKDVEEVSCIETQDNQNSEGEARNCCETSIRQDSDSSVSDKQRQTIIIADSPSPAVSVITISSDTDEEETSQRHSLRECKGSLDCEACQSTLNIDRMCSLSSPDSTLSTSSSGQSSPSPCKRPNSMSDEEQESSCDTVDGSPTSDSSGHDSPFAESTFVEDTHENTELVSSADTETKPAVCSVVVPPVELENGLNADEHMANTDSICQPLIKGRSAPGRLNQPSAVGTRQQKLTSAFQQQHLNFSQVQHFGSGHQEWNGNFGHRRQQAYIPTSVTSNPFTLSHGSPNHTAVHAHLAGNTHLGGQPTLLPYPSSATLSSAAPVAHLLASPCTSRPMLQHPTYNISHPSGIVHQVPVGLNPRLLPSPTIHQTQYKPIFPPHSYIAASPAYTGFPLSPTKLSQYPYM
Q9H477,322,RBKS,MAASGEPQRQWQEEVAAVVVVGSCMTDLVSLTSRLPKTGETIHGHKFFIGFGGKGANQCVQAARLGAMTSMVCKVGKDSFGNDYIENLKQNDISTEFTYQTKDAATGTASIIVNNEGQNIIVIVAGANLLLNTEDLRAAANVISRAKVMVCQLEITPATSLEALTMARRSGVKTLFNPAPAIADLDPQFYTLSDVFCCNESEAEILTGLTVGSAADAGEAALVLLKRGCQVVIITLGAEGCVVLSQTEPEPKHIPTEKVKAVDTTGAGDSFVGALAFYLAYYPNLSLEDMLNRSNFIAAVSVQAAGTQSSYPYKKDLPLTLF
Q9H479,309,FN3K,MEQLLRAELRTATLRAFGGPGAGCISEGRAYDTDAGPVFVKVNRRTQARQMFEGEVASLEALRSTGLVRVPRPMKVIDLPGGGAAFVMEHLKMKSLSSQASKLGEQMADLHLYNQKLREKLKEEENTVGRRGEGAEPQYVDKFGFHTVTCCGFIPQVNEWQDDWPTFFARHRLQAQLDLIEKDYADREARELWSRLQVKIPDLFCGLEIVPALLHGDLWSGNVAEDDVGPIIYDPASFYGHSEFELAIALMFGGFPRSFFTAYHRKIPKAPGFDQRLLLYQLFNYLNHWNHFGREYRSPSLGTMRRLLK
Q9H4A3,2382,WNK1,MSGGAAEKQSSTPGSLFLSPPAPAPKNGSSSDSSVGEKLGAAAADAVTGRTEEYRRRRHTMDKDSRGAAATTTTTEHRFFRRSVICDSNATALELPGLPLSLPQPSIPAAVPQSAPPEPHREETVTATATSQVAQQPPAAAAPGEQAVAGPAPSTVPSSTSKDRPVSQPSLVGSKEEPPPARSGSGGGSAKEPQEERSQQQDDIEELETKAVGMSNDGRFLKFDIEIGRGSFKTVYKGLDTETTVEVAWCELQDRKLTKSERQRFKEEAEMLKGLQHPNIVRFYDSWESTVKGKKCIVLVTELMTSGTLKTYLKRFKVMKIKVLRSWCRQILKGLQFLHTRTPPIIHRDLKCDNIFITGPTGSVKIGDLGLATLKRASFAKSVIGTPEFMAPEMYEEKYDESVDVYAFGMCMLEMATSEYPYSECQNAAQIYRRVTSGVKPASFDKVAIPEVKEIIEGCIRQNKDERYSIKDLLNHAFFQEETGVRVELAEEDDGEKIAIKLWLRIEDIKKLKGKYKDNEAIEFSFDLERDVPEDVAQEMVESGYVCEGDHKTMAKAIKDRVSLIKRKREQRQLVREEQEKKKQEESSLKQQVEQSSASQTGIKQLPSASTGIPTASTTSASVSTQVEPEEPEADQHQQLQYQQPSISVLSDGTVDSGQGSSVFTESRVSSQQTVSYGSQHEQAHSTGTVPGHIPSTVQAQSQPHGVYPPSSVAQGQSQGQPSSSSLTGVSSSQPIQHPQQQQGIQQTAPPQQTVQYSLSQTSTSSEATTAQPVSQPQAPQVLPQVSAGKQLPVSQPVPTIQGEPQIPVATQPSVVPVHSGAHFLPVGQPLPTPLLPQYPVSQIPISTPHVSTAQTGFSSLPITMAAGITQPLLTLASSATTAAIPGVSTVVPSQLPTLLQPVTQLPSQVHPQLLQPAVQSMGIPANLGQAAEVPLSSGDVLYQGFPPRLPPQYPGDSNIAPSSNVASVCIHSTVLSPPMPTEVLATPGYFPTVVQPYVESNLLVPMGGVGGQVQVSQPGGSLAQAPTTSSQQAVLESTQGVSQVAPAEPVAVAQTQATQPTTLASSVDSAHSDVASGMSDGNENVPSSSGRHEGRTTKRHYRKSVRSRSRHEKTSRPKLRILNVSNKGDRVVECQLETHNRKMVTFKFDLDGDNPEEIATIMVNNDFILAIERESFVDQVREIIEKADEMLSEDVSVEPEGDQGLESLQGKDDYGFSGSQKLEGEFKQPIPASSMPQQIGIPTSSLTQVVHSAGRRFIVSPVPESRLRESKVFPSEITDTVAASTAQSPGMNLSHSASSLSLQQAFSELRRAQMTEGPNTAPPNFSHTGPTFPVVPPFLSSIAGVPTTAAATAPVPATSSPPNDISTSVIQSEVTVPTEEGIAGVATSTGVVTSGGLPIPPVSESPVLSSVVSSITIPAVVSISTTSPSLQVPTSTSEIVVSSTALYPSVTVSATSASAGGSTATPGPKPPAVVSQQAAGSTTVGATLTSVSTTTSFPSTASQLCIQLSSSTSTPTLAETVVVSAHSLDKTSHSSTTGLAFSLSAPSSSSSPGAGVSSYISQPGGLHPLVIPSVIASTPILPQAAGPTSTPLLPQVPSIPPLVQPVANVPAVQQTLIHSQPQPALLPNQPHTHCPEVDSDTQPKAPGIDDIKTLEEKLRSLFSEHSSSGAQHASVSLETSLVIESTVTPGIPTTAVAPSKLLTSTTSTCLPPTNLPLGTVALPVTPVVTPGQVSTPVSTTTSGVKPGTAPSKPPLTKAPVLPVGTELPAGTLPSEQLPPFPGPSLTQSQQPLEDLDAQLRRTLSPEMITVTSAVGPVSMAAPTAITEAGTQPQKGVSQVKEGPVLATSSGAGVFKMGRFQVSVAADGAQKEGKNKSEDAKSVHFESSTSESSVLSSSSPESTLVKPEPNGITIPGISSDVPESAHKTTASEAKSDTGQPTKVGRFQVTTTANKVGRFSVSKTEDKITDTKKEGPVASPPFMDLEQAVLPAVIPKKEKPELSEPSHLNGPSSDPEAAFLSRDVDDGSGSPHSPHQLSSKSLPSQNLSQSLSNSFNSSYMSSDNESDIEDEDLKLELRRLRDKHLKEIQDLQSRQKHEIESLYTKLGKVPPAVIIPPAAPLSGRRRRPTKSKGSKSSRSSSLGNKSPQLSGNLSGQSAASVLHPQQTLHPPGNIPESGQNQLLQPLKPSPSSDNLYSAFTSDGAISVPSLSAPGQGTSSTNTVGATVNSQAAQAQPPAMTSSRKGTFTDDLHKLVDNWARDAMNLSGRRGSKGHMNYEGPGMARKFSAPGQLCISMTSNLGGSAPISAASATSLGHFTKSMCPPQQYGFPATPFGAQWSGTGGPAPQPLGQFQPVGTASLQNFNISNLQKSISNPPGSNLRTT
Q9H4B4,646,PLK3,MEPAAGFLSPRPFQRAAAAPAPPAGPGPPPSALRGPELEMLAGLPTSDPGRLITDPRSGRTYLKGRLLGKGGFARCYEATDTETGSAYAVKVIPQSRVAKPHQREKILNEIELHRDLQHRHIVRFSHHFEDADNIYIFLELCSRKSLAHIWKARHTLLEPEVRYYLRQILSGLKYLHQRGILHRDLKLGNFFITENMELKVGDFGLAARLEPPEQRKKTICGTPNYVAPEVLLRQGHGPEADVWSLGCVMYTLLCGSPPFETADLKETYRCIKQVHYTLPASLSLPARQLLAAILRASPRDRPSIDQILRHDFFTKGYTPDRLPISSCVTVPDLTPPNPARSLFAKVTKSLFGRKKKSKNHAQERDEVSGLVSGLMRTSVGHQDARPEAPAASGPAPVSLVETAPEDSSPRGTLASSGDGFEEGLTVATVVESALCALRNCIAFMPPAEQNPAPLAQPEPLVWVSKWVDYSNKFGFGYQLSSRRVAVLFNDGTHMALSANRKTVHYNPTSTKHFSFSVGAVPRALQPQLGILRYFASYMEQHLMKGGDLPSVEEVEVPAPPLLLQWVKTDQALLMLFSDGTVQVNFYGDHTKLILSGWEPLLVTFVARNRSACTYLASHLRQLGCSPDLRQRLRYALRLLRDRSPA
Q9H5K3,350,POMK,MEKQPQNSRRGLAPREVPPAVGLLLIMALMNTLLYLCLDHFFIAPRQSTVDPTHCPYGHFRIGQMKNCSPWLSCEELRTEVRQLKRVGEGAVKRVFLSEWKEHKVALSQLTSLEMKDDFLHGLQMLKSLQGTHVVTLLGYCEDDNTMLTEYHPLGSLSNLEETLNLSKYQNVNTWQHRLELAMDYVSIINYLHHSPVGTRVMCDSNDLPKTLSQYLLTSNFSILANDLDALPLVNHSSGMLVKCGHRELHGDFVAPEQLWPYGEDVPFHDDLMPSYDEKIDIWKIPDISSFLLGHIEGSDMVRFHLFDIHKACKSQTPSERPTAQDVLETYQKVLDTLRDAMMSQAREML
Q9H8X2,491,IPPK,MEEGKMDENEWGYHGEGNKSLVVAHAQRCVVLRFLKFPPNRKKTSEEIFQHLQNIVDFGKNVMKEFLGENYVHYGEVVQLPLEFVKQLCLKIQSERPESRCDKDLDTLSGYAMCLPNLTRLQTYRFAEHRPILCVEIKPKCGFIPFSSDVTHEMKHKVCRYCMHQHLKVATGKWKQISKYCPLDLYSGNKQRMHFALKSLLQEAQNNLKIFKNGELIYGCKDARSPVADWSELAHHLKPFFFPSNGLASGPHCTRAVIRELVHVITRVLLSGSDKGRAGTLSPGLGPQGPRVCEASPFSRSLRCQGKNTPERSGLPKGCLLYKTLQVQMLDLLDIEGLYPLYNRVERYLEEFPEERKTLQIDGPYDEAFYQKLLDLSTEDDGTVAFALTKVQQYRVAMTAKDCSIMIALSPCLQDASSDQRPVVPSSRSRFAFSVSVLDLDLKPYESIPHQYKLDGKIVNYYSKTVRAKDNAVMSTRFKESEDCTLVLHKV
Q9H999,370,PANK3,MKIKDAKKPSFPWFGMDIGGTLVKLSYFEPIDITAEEEQEEVESLKSIRKYLTSNVAYGSTGIRDVHLELKDLTLFGRRGNLHFIRFPTQDLPTFIQMGRDKNFSTLQTVLCATGGGAYKFEKDFRTIGNLHLHKLDELDCLVKGLLYIDSVSFNGQAECYYFANASEPERCQKMPFNLDDPYPLLVVNIGSGVSILAVHSKDNYKRVTGTSLGGGTFLGLCSLLTGCESFEEALEMASKGDSTQADKLVRDIYGGDYERFGLPGWAVASSFGNMIYKEKRESVSKEDLARATLVTITNNIGSVARMCAVNEKINRVVFVGNFLRVNTLSMKLLAYALDYWSKGQLKALFLEHEGYFGAVGALLGLPNFS
Q9HA47,277,UCK1,MASAGGEDCESPAPEADRPHQRPFLIGVSGGTASGKSTVCEKIMELLGQNEVEQRQRKVVILSQDRFYKVLTAEQKAKALKGQYNFDHPDAFDNDLMHRTLKNIVEGKTVEVPTYDFVTHSRLPETTVVYPADVVLFEGILVFYSQEIRDMFHLRLFVDTDSDVRLSRRVLRDVRRGRDLEQILTQYTTFVKPAFEEFCLPTKKYADVIIPRGVDNMVAINLIVQHIQDILNGDICKWHRGGSNGRSYKRTFSEPGDHPGMLTSGKRSHLESSSRPH
Q9HA64,309,FN3KRP,MEELLRRELGCSSVRATGHSGGGCISQGRSYDTDQGRVFVKVNPKAEARRMFEGEMASLTAILKTNTVKVPKPIKVLDAPGGGSVLVMEHMDMRHLSSHAAKLGAQLADLHLDNKKLGEMRLKEAGTVGRGGGQEERPFVARFGFDVVTCCGYLPQVNDWQEDWVVFYARQRIQPQMDMVEKESGDREALQLWSALQLKIPDLFRDLEIIPALLHGDLWGGNVAEDSSGPVIFDPASFYGHSEYELAIAGMFGGFSSSFYSAYHGKIPKAPGFEKRLQLYQLFHYLNHWNHFGSGYRGSSLNIMRNLVK
Q9HAZ1,481,CLK4,MRHSKRTHCPDWDSRESWGHESYRGSHKRKRRSHSSTQENRHCKPHHQFKESDCHYLEARSLNERDYRDRRYVDEYRNDYCEGYVPRHYHRDIESGYRIHCSKSSVRSRRSSPKRKRNRHCSSHQSRSKSHRRKRSRSIEDDEEGHLICQSGDVLRARYEIVDTLGEGAFGKVVECIDHGMDGMHVAVKIVKNVGRYREAARSEIQVLEHLNSTDPNSVFRCVQMLEWFDHHGHVCIVFELLGLSTYDFIKENSFLPFQIDHIRQMAYQICQSINFLHHNKLTHTDLKPENILFVKSDYVVKYNSKMKRDERTLKNTDIKVVDFGSATYDDEHHSTLVSTRHYRAPEVILALGWSQPCDVWSIGCILIEYYLGFTVFQTHDSKEHLAMMERILGPIPQHMIQKTRKRKYFHHNQLDWDEHSSAGRYVRRRCKPLKEFMLCHDEEHEKLFDLVRRMLEYDPTQRITLDEALQHPFFDLLKKK
Q9HBH9,465,MKNK2,MVQKKPAELQGFHRSFKGQNPFELAFSLDQPDHGDSDFGLQCSARPDMPASQPIDIPDAKKRGKKKKRGRATDSFSGRFEDVYQLQEDVLGEGAHARVQTCINLITSQEYAVKIIEKQPGHIRSRVFREVEMLYQCQGHRNVLELIEFFEEEDRFYLVFEKMRGGSILSHIHKRRHFNELEASVVVQDVASALDFLHNKGIAHRDLKPENILCEHPNQVSPVKICDFDLGSGIKLNGDCSPISTPELLTPCGSAEYMAPEVVEAFSEEASIYDKRCDLWSLGVILYILLSGYPPFVGRCGSDCGWDRGEACPACQNMLFESIQEGKYEFPDKDWAHISCAAKDLISKLLVRDAKQRLSAAQVLQHPWVQGCAPENTLPTPMVLQRNSCAKDLTSFAAEAIAMNRQLAQHDEDLAEEEAAGQGQPVLVRATSRCLQLSPPSQSKLAQRRQRASLSSAPVVLVGDHA
Q9HBU6,452,ETNK1,MLCGRPRSSSDNRNFLRERAGLSSAAVQTRIGNSAASRRSPAARPPVPAPPALPRGRPGTEGSTSLSAPAVLVVAVAVVVVVVSAVAWAMANYIHVPPGSPEVPKLNVTVQDQEEHRCREGALSLLQHLRPHWDPQEVTLQLFTDGITNKLIGCYVGNTMEDVVLVRIYGNKTELLVDRDEEVKSFRVLQAHGCAPQLYCTFNNGLCYEFIQGEALDPKHVCNPAIFRLIARQLAKIHAIHAHNGWIPKSNLWLKMGKYFSLIPTGFADEDINKRFLSDIPSSQILQEEMTWMKEILSNLGSPVVLCHNDLLCKNIIYNEKQGDVQFIDYEYSGYNYLAYDIGNHFNEFAGVSDVDYSLYPDRELQSQWLRAYLEAYKEFKGFGTEVTEKEVEILFIQVNQFALASHFFWGLWALIQAKYSTIEFDFLGYAIVRFNQYFKMKPEVTALKVPE
Q9HBY8,367,SGK2,MNSSPAGTPSPQPSRANGNINLGPSANPNAQPTDFDFLKVIGKGNYGKVLLAKRKSDGAFYAVKVLQKKSILKKKEQSHIMAERSVLLKNVRHPFLVGLRYSFQTPEKLYFVLDYVNGGELFFHLQRERRFLEPRARFYAAEVASAIGYLHSLNIIYRDLKPENILLDCQGHVVLTDFGLCKEGVEPEDTTSTFCGTPEYLAPEVLRKEPYDRAVDWWCLGAVLYEMLHGLPPFYSQDVSQMYENILHQPLQIPGGRTVAACDLLQSLLHKDQRQRLGSKADFLEIKNHVFFSPINWDDLYHKRLTPPFNPNVTGPADLKHFDPEFTQEAVSKSIGCTPDTVASSSGASSAFLGFSYAPEDDDILDC
Q9HC98,313,NEK6,MAGQPGHMPHGGSSNNLCHTLGPVHPPDPQRHPNTLSFRCSLADFQIEKKIGRGQFSEVYKATCLLDRKTVALKKVQIFEMMDAKARQDCVKEIGLLKQLNHPNIIKYLDSFIEDNELNIVLELADAGDLSQMIKYFKKQKRLIPERTVWKYFVQLCSAVEHMHSRRVMHRDIKPANVFITATGVVKLGDLGLGRFFSSETTAAHSLVGTPYYMSPERIHENGYNFKSDIWSLGCLLYEMAALQSPFYGDKMNLFSLCQKIEQCDYPPLPGEHYSEKLRELVSMCICPDPHQRPDIGYVHQVAKQMHIWMSST
Q9HCP0,422,CSNK1G1,MDHPSREKDERQRTTKPMAQRSAHCSRPSGSSSSSGVLMVGPNFRVGKKIGCGNFGELRLGKNLYTNEYVAIKLEPIKSRAPQLHLEYRFYKQLGSAGEGLPQVYYFGPCGKYNAMVLELLGPSLEDLFDLCDRTFTLKTVLMIAIQLLSRMEYVHSKNLIYRDVKPENFLIGRQGNKKEHVIHIIDFGLAKEYIDPETKKHIPYREHKSLTGTARYMSINTHLGKEQSRRDDLEALGHMFMYFLRGSLPWQGLKADTLKERYQKIGDTKRNTPIEALCENFPEEMATYLRYVRRLDFFEKPDYEYLRTLFTDLFEKKGYTFDYAYDWVGRPIPTPVGSVHVDSGASAITRESHTHRDRPSQQQPLRNQVVSSTNGELNVDDPTGAHSNAPITAHAEVEVVEEAKCCCFFKRKRKKTAQRHK
