Entry,Gene Names (primary),Length,Sequence
Q9H9J4,USP42,1324,MTIVDKASESSDPSAYQNQPGSSEAVSPGDMDAGSASWGAVSSLNDVSNHTLSLGPVPGAVVYSSSSVPDKSKPSPQKDQALGDGIAPPQKVLFPSEKICLKWQQTHRVGAGLQNLGNTCFANAALQCLTYTPPLANYMLSHEHSKTCHAEGFCMMCTMQAHITQALSNPGDVIKPMFVINEMRRIARHFRFGNQEDAHEFLQYTVDAMQKACLNGSNKLDRHTQATTLVCQIFGGYLRSRVKCLNCKGVSDTFDPYLDITLEIKAAQSVNKALEQFVKPEQLDGENSYKCSKCKKMVPASKRFTIHRSSNVLTLSLKRFANFTGGKIAKDVKYPEYLDIRPYMSQPNGEPIVYVLYAVLVHTGFNCHAGHYFCYIKASNGLWYQMNDSIVSTSDIRSVLSQQAYVLFYIRSHDVKNGGELTHPTHSPGQSSPRPVISQRVVTNKQAAPGFIGPQLPSHMIKNPPHLNGTGPLKDTPSSSMSSPNGNSSVNRASPVNASASVQNWSVNRSSVIPEHPKKQKITISIHNKLPVRQCQSQPNLHSNSLENPTKPVPSSTITNSAVQSTSNASTMSVSSKVTKPIPRSESCSQPVMNGKSKLNSSVLVPYGAESSEDSDEESKGLGKENGIGTIVSSHSPGQDAEDEEATPHELQEPMTLNGANSADSDSDPKENGLAPDGASCQGQPALHSENPFAKANGLPGKLMPAPLLSLPEDKILETFRLSNKLKGSTDEMSAPGAERGPPEDRDAEPQPGSPAAESLEEPDAAAGLSSTKKAPPPRDPGTPATKEGAWEAMAVAPEEPPPSAGEDIVGDTAPPDLCDPGSLTGDASPLSQDAKGMIAEGPRDSALAEAPEGLSPAPPARSEEPCEQPLLVHPSGDHARDAQDPSQSLGAPEAAERPPAPVLDMAPAGHPEGDAEPSPGERVEDAAAPKAPGPSPAKEKIGSLRKVDRGHYRSRRERSSSGEPARESRSKTEGHRHRRRRTCPRERDRQDRHAPEHHPGHGDRLSPGERRSLGRCSHHHSRHRSGVELDWVRHHYTEGERGWGREKFYPDRPRWDRCRYYHDRYALYAARDWKPFHGGREHERAGLHERPHKDHNRGRRGCEPARERERHRPSSPRAGAPHALAPHPDRFSHDRTALVAGDNCNLSDRFHEHENGKSRKRRHDSVENSDSHVEKKARRSEQKDPLEEPKAKKHKKSKKKKKSKDKHRDRDSRHQQDSDLSAACSDADLHRHKKKKKKKKRHSRKSEDFVKDSELHLPRVTSLETVAQFRRAQGGFPLSGGPPLEGVGPFREKTKHLRMESRDDRCRLFEYGQGKRRYLELGR
Q70EL4,USP43,1123,MDLGPGDAAGGGPLAPRPRRRRSLRRLFSRFLLALGSRSRPGDSPPRPQPGHCDGDGEGGFACAPGPVPAAPGSPGEERPPGPQPQLQLPAGDGARPPGAQGLKNHGNTCFMNAVVQCLSNTDLLAEFLALGRYRAAPGRAEVTEQLAALVRALWTREYTPQLSAEFKNAVSKYGSQFQGNSQHDALEFLLWLLDRVHEDLEGSSRGPVSEKLPPEATKTSENCLSPSAQLPLGQSFVQSHFQAQYRSSLTCPHCLKQSNTFDPFLCVSLPIPLRQTRFLSVTLVFPSKSQRFLRVGLAVPILSTVAALRKMVAEEGGVPADEVILVELYPSGFQRSFFDEEDLNTIAEGDNVYAFQVPPSPSQGTLSAHPLGLSASPRLAAREGQRFSLSLHSESKVLILFCNLVGSGQQASRFGPPFLIREDRAVSWAQLQQSILSKVRHLMKSEAPVQNLGSLFSIRVVGLSVACSYLSPKDSRPLCHWAVDRVLHLRRPGGPPHVKLAVEWDSSVKERLFGSLQEERAQDADSVWQQQQAHQQHSCTLDECFQFYTKEEQLAQDDAWKCPHCQVLQQGMVKLSLWTLPDILIIHLKRFCQVGERRNKLSTLVKFPLSGLNMAPHVAQRSTSPEAGLGPWPSWKQPDCLPTSYPLDFLYDLYAVCNHHGNLQGGHYTAYCRNSLDGQWYSYDDSTVEPLREDEVNTRGAYILFYQKRNSIPPWSASSSMRGSTSSSLSDHWLLRLGSHAGSTRGSLLSWSSAPCPSLPQVPDSPIFTNSLCNQEKGGLEPRRLVRGVKGRSISMKAPTTSRAKQGPFKTMPLRWSFGSKEKPPGASVELVEYLESRRRPRSTSQSIVSLLTGTAGEDEKSASPRSNVALPANSEDGGRAIERGPAGVPCPSAQPNHCLAPGNSDGPNTARKLKENAGQDIKLPRKFDLPLTVMPSVEHEKPARPEGQKAMNWKESFQMGSKSSPPSPYMGFSGNSKDSRRGTSELDRPLQGTLTLLRSVFRKKENRRNERAEVSPQVPPVSLVSGGLSPAMDGQAPGSPPALRIPEGLARGLGSRLERDVWSAPSSLRLPRKASRAPRGSALGMSQRTVPGEQASYGTFQRVKYHTLSLGRKKTLPESSF
Q9H0E7,USP44,712,MLAMDTCKHVGQLQLAQDHSSLNPQKWHCVDCNTTESIWACLSCSHVACGRYIEEHALKHFQESSHPVALEVNEMYVFCYLCDDYVLNDNTTGDLKLLRRTLSAIKSQNYHCTTRSGRFLRSMGTGDDSYFLHDGAQSLLQSEDQLYTALWHRRRILMGKIFRTWFEQSPIGRKKQEEPFQEKIVVKREVKKRRQELEYQVKAELESMPPRKSLRLQGLAQSTIIEIVSVQVPAQTPASPAKDKVLSTSENEISQKVSDSSVKRRPIVTPGVTGLRNLGNTCYMNSVLQVLSHLLIFRQCFLKLDLNQWLAMTASEKTRSCKHPPVTDTVVYQMNECQEKDTGFVCSRQSSLSSGLSGGASKGRKMELIQPKEPTSQYISLCHELHTLFQVMWSGKWALVSPFAMLHSVWRLIPAFRGYAQQDAQEFLCELLDKIQRELETTGTSLPALIPTSQRKLIKQVLNVVNNIFHGQLLSQVTCLACDNKSNTIEPFWDLSLEFPERYQCSGKDIASQPCLVTEMLAKFTETEALEGKIYVCDQCNSKRRRFSSKPVVLTEAQKQLMICHLPQVLRLHLKRFRWSGRNNREKIGVHVGFEEILNMEPYCCRETLKSLRPECFIYDLSAVVMHHGKGFGSGHYTAYCYNSEGGFWVHCNDSKLSMCTMDEVCKAQAYILFYTQRVTENGHSKLLPPELLLGSQHPNEDADTSSNEILS
Q70EL2,USP45,814,MRVKDPTKALPEKAKRSKRPTVPHDEDSSDDIAVGLTCQHVSHAISVNHVKRAIAENLWSVCSECLKERRFYDGQLVLTSDIWLCLKCGFQGCGKNSESQHSLKHFKSSRTEPHCIIINLSTWIIWCYECDEKLSTHCNKKVLAQIVDFLQKHASKTQTSAFSRIMKLCEEKCETDEIQKGGKCRNLSVRGITNLGNTCFFNAVMQNLAQTYTLTDLMNEIKESSTKLKIFPSSDSQLDPLVVELSRPGPLTSALFLFLHSMKETEKGPLSPKVLFNQLCQKAPRFKDFQQQDSQELLHYLLDAVRTEETKRIQASILKAFNNPTTKTADDETRKKVKAYGKEGVKMNFIDRIFIGELTSTVMCEECANISTVKDPFIDISLPIIEERVSKPLLWGRMNKYRSLRETDHDRYSGNVTIENIHQPRAAKKHSSSKDKSQLIHDRKCIRKLSSGETVTYQKNENLEMNGDSLMFASLMNSESRLNESPTDDSEKEASHSESNVDADSEPSESESASKQTGLFRSSSGSGVQPDGPLYPLSAGKLLYTKETDSGDKEMAEAISELRLSSTVTGDQDFDRENQPLNISNNLCFLEGKHLRSYSPQNAFQTLSQSYITTSKECSIQSCLYQFTSMELLMGNNKLLCENCTKNKQKYQEETSFAEKKVEGVYTNARKQLLISAVPAVLILHLKRFHQAGLSLRKVNRHVDFPLMLDLAPFCSATCKNASVGDKVLYGLYGIVEHSGSMREGHYTAYVKVRTPSRKLSEHNTKKKNVPGLKAADNESAGQWVHVSDTYLQVVPESRALSAQAYLLFYERVL
P62068,USP46,366,MTVRNIASICNMGTNASALEKDIGPEQFPINEHYFGLVNFGNTCYCNSVLQALYFCRPFRENVLAYKAQQKKKENLLTCLADLFHSIATQKKKVGVIPPKKFISRLRKENDLFDNYMQQDAHEFLNYLLNTIADILQEEKKQEKQNGKLKNGNMNEPAENNKPELTWVHEIFQGTLTNETRCLNCETVSSKDEDFLDLSVDVEQNTSITHCLRDFSNTETLCSEQKYYCETCCSKQEAQKRMRVKKLPMILALHLKRFKYMEQLHRYTKLSYRVVFPLELRLFNTSSDAVNLDRMYDLVAVVVHCGSGPNRGHYITIVKSHGFWLLFDDDIVEKIDAQAIEEFYGLTSDISKNSESGYILFYQSRE
Q96K76,USP47,1375,MVPGEENQLVPKEDVFWRCRQNIFDEMKKKFLQIENAAEEPRVLCIIQDTTNSKTVNERITLNLPASTPVRKLFEDVANKVGYINGTFDLVWGNGINTADMAPLDHTSDKSLLDANFEPGKKNFLHLTDKDGEQPQILLEDSSAGEDSVHDRFIGPLPREGSGGSTSDYVSQSYSYSSILNKSETGYVGLVNQAMTCYLNSLLQTLFMTPEFRNALYKWEFEESEEDPVTSIPYQLQRLFVLLQTSKKRAIETTDVTRSFGWDSSEAWQQHDVQELCRVMFDALEQKWKQTEQADLINELYQGKLKDYVRCLECGYEGWRIDTYLDIPLVIRPYGSSQAFASVEEALHAFIQPEILDGPNQYFCERCKKKCDARKGLRFLHFPYLLTLQLKRFDFDYTTMHRIKLNDRMTFPEELDMSTFIDVEDEKSPQTESCTDSGAENEGSCHSDQMSNDFSNDDGVDEGICLETNSGTEKISKSGLEKNSLIYELFSVMVHSGSAAGGHYYACIKSFSDEQWYSFNDQHVSRITQEDIKKTHGGSSGSRGYYSSAFASSTNAYMLIYRLKDPARNAKFLEVDEYPEHIKNLVQKERELEEQEKRQREIERNTCKIKLFCLHPTKQVMMENKLEVHKDKTLKEAVEMAYKMMDLEEVIPLDCCRLVKYDEFHDYLERSYEGEEDTPMGLLLGGVKSTYMFDLLLETRKPDQVFQSYKPGEVMVKVHVVDLKAESVAAPITVRAYLNQTVTEFKQLISKAIHLPAETMRIVLERCYNDLRLLSVSSKTLKAEGFFRSNKVFVESSETLDYQMAFADSHLWKLLDRHANTIRLFVLLPEQSPVSYSKRTAYQKAGGDSGNVDDDCERVKGPVGSLKSVEAILEESTEKLKSLSLQQQQDGDNGDSSKSTETSDFENIESPLNERDSSASVDNRELEQHIQTSDPENFQSEERSDSDVNNDRSTSSVDSDILSSSHSSDTLCNADNAQIPLANGLDSHSITSSRRTKANEGKKETWDTAEEDSGTDSEYDESGKSRGEMQYMYFKAEPYAADEGSGEGHKWLMVHVDKRITLAAFKQHLEPFVGVLSSHFKVFRVYASNQEFESVRLNETLSSFSDDNKITIRLGRALKKGEYRVKVYQLLVNEQEPCKFLLDAVFAKGMTVRQSKEELIPQLREQCGLELSIDRFRLRKKTWKNPGTVFLDYHIYEEDINISSNWEVFLEVLDGVEKMKSMSQLAVLSRRWKPSEMKLDPFQEVVLESSSVDELREKLSEISGIPLDDIEFAKGRGTFPCDISVLDIHQDLDWNPKVSTLNVWPLYICDDGAVIFYRDKTEELMELTDEQRNELMKKESSRLQKTGHRVTYSPRKEKALKIYLDGAPNKDLTQD
Q86UV5,USP48,1035,MAPRLQLEKAAWRWAETVRPEEVSQEHIETAYRIWLEPCIRGVCRRNCKGNPNCLVGIGEHIWLGEIDENSFHNIDDPNCERRKKNSFVGLTNLGATCYVNTFLQVWFLNLELRQALYLCPSTCSDYMLGDGIQEEKDYEPQTICEHLQYLFALLQNSNRRYIDPSGFVKALGLDTGQQQDAQEFSKLFMSLLEDTLSKQKNPDVRNIVQQQFCGEYAYVTVCNQCGRESKLLSKFYELELNIQGHKQLTDCISEFLKEEKLEGDNRYFCENCQSKQNATRKIRLLSLPCTLNLQLMRFVFDRQTGHKKKLNTYIGFSEILDMEPYVEHKGGSYVYELSAVLIHRGVSAYSGHYIAHVKDPQSGEWYKFNDEDIEKMEGKKLQLGIEEDLAEPSKSQTRKPKCGKGTHCSRNAYMLVYRLQTQEKPNTTVQVPAFLQELVDRDNSKFEEWCIEMAEMRKQSVDKGKAKHEEVKELYQRLPAGAEPYEFVSLEWLQKWLDESTPTKPIDNHACLCSHDKLHPDKISIMKRISEYAADIFYSRYGGGPRLTVKALCKECVVERCRILRLKNQLNEDYKTVNNLLKAAVKGSDGFWVGKSSLRSWRQLALEQLDEQDGDAEQSNGKMNGSTLNKDESKEERKEEEELNFNEDILCPHGELCISENERRLVSKEAWSKLQQYFPKAPEFPSYKECCSQCKILEREGEENEALHKMIANEQKTSLPNLFQDKNRPCLSNWPEDTDVLYIVSQFFVEEWRKFVRKPTRCSPVSSVGNSALLCPHGGLMFTFASMTKEDSKLIALIWPSEWQMIQKLFVVDHVIKITRIEVGDVNPSETQYISEPKLCPECREGLLCQQQRDLREYTQATIYVHKVVDNKKVMKDSAPELNVSSSETEEDKEEAKPDGEKDPDFNQSNGGTKRQKISHQNYIAYQKQVIRRSMRHRKVRGEKALLVSANQTLKELKIQIMHAFSVAPFDQNLSIDGKILSDDCATLGTLGVIPESVILLKADEPIADYAAMDDVMQVCMPEEGFKGTGLLGH
Q70CQ1,USP49,688,MDRCKHVGRLRLAQDHSILNPQKWCCLECATTESVWACLKCSHVACGRYIEDHALKHFEETGHPLAMEVRDLYVFCYLCKDYVLNDNPEGDLKLLRSSLLAVRGQKQDTPVRRGRTLRSMASGEDVVLPQRAPQGQPQMLTALWYRRQRLLARTLRLWFEKSSRGQAKLEQRRQEEALERKKEEARRRRREVKRRLLEELASTPPRKSARLLLHTPRDAGPAASRPAALPTSRRVPAATLKLRRQPAMAPGVTGLRNLGNTCYMNSILQVLSHLQKFRECFLNLDPSKTEHLFPKATNGKTQLSGKPTNSSATELSLRNDRAEACEREGFCWNGRASISRSLELIQNKEPSSKHISLCRELHTLFRVMWSGKWALVSPFAMLHSVWSLIPAFRGYDQQDAQEFLCELLHKVQQELESEGTTRRILIPFSQRKLTKQVLKVVNTIFHGQLLSQVTCISCNYKSNTIEPFWDLSLEFPERYHCIEKGFVPLNQTECLLTEMLAKFTETEALEGRIYACDQCNSKRRKSNPKPLVLSEARKQLMIYRLPQVLRLHLKRFRWSGRNHREKIGVHVVFDQVLTMEPYCCRDMLSSLDKETFAYDLSAVVMHHGKGFGSGHYTAYCYNTEGGFWVHCNDSKLNVCSVEEVCKTQAYILFYTQRTVQGNARISETHLQAQVQSSNNDEGRPQTFS
P45974,USP5,858,MAELSEEALLSVLPTIRVPKAGDRVHKDECAFSFDTPESEGGLYICMNTFLGFGKQYVERHFNKTGQRVYLHLRRTRRPKEEDPATGTGDPPRKKPTRLAIGVEGGFDLSEEKFELDEDVKIVILPDYLEIARDGLGGLPDIVRDRVTSAVEALLSADSASRKQEVQAWDGEVRQVSKHAFSLKQLDNPARIPPCGWKCSKCDMRENLWLNLTDGSILCGRRYFDGSGGNNHAVEHYRETGYPLAVKLGTITPDGADVYSYDEDDMVLDPSLAEHLSHFGIDMLKMQKTDKTMTELEIDMNQRIGEWELIQESGVPLKPLFGPGYTGIRNLGNSCYLNSVVQVLFSIPDFQRKYVDKLEKIFQNAPTDPTQDFSTQVAKLGHGLLSGEYSKPVPESGDGERVPEQKEVQDGIAPRMFKALIGKGHPEFSTNRQQDAQEFFLHLINMVERNCRSSENPNEVFRFLVEEKIKCLATEKVKYTQRVDYIMQLPVPMDAALNKEELLEYEEKKRQAEEEKMALPELVRAQVPFSSCLEAYGAPEQVDDFWSTALQAKSVAVKTTRFASFPDYLVIQIKKFTFGLDWVPKKLDVSIEMPEELDISQLRGTGLQPGEEELPDIAPPLVTPDEPKGSLGFYGNEDEDSFCSPHFSSPTSPMLDESVIIQLVEMGFPMDACRKAVYYTGNSGAEAAMNWVMSHMDDPDFANPLILPGSSGPGSTSAAADPPPEDCVTTIVSMGFSRDQALKALRATNNSLERAVDWIFSHIDDLDAEAAMDISEGRSAADSISESVPVGPKVRDGPGKYQLFAFISHMGTSTMCGHYVCHIKKEGRWVIYNDQKVCASEKPPKDLGYIYFYQRVAS
Q70EL3,USP50,339,MTSQPSLPADDFDIYHVLAECTDYYDTLPVKEADGNQPHFQGVTGLWNLGNTCCVNAISQCLCSILPLVEYFLTGKYITALQKFLLPSDCSEVATAFAYLMTDMWLGDSDCVSPEIFWSALGNLYPAFTKKMQQDAQEFLICVLNELHEALKKYHYSRRRSYEKGSTQRCCRKWITTETSIITQLFEEQLNYSIVCLKCEKCTYKNEVFTVFSLPIPSKYECSLRDCLQCFFQQDALTWNNEIHCSFCETKQETAVRASISKAPKIIIFHLKRFDIQGTTKRKLRTDIHYPLTNLDLTPYICSIFRKYPKYNLCAVVNHFGDLDGGHYTAFCKNSVTQA
Q70EK9,USP51,711,MAQVRETSLPSGSGVRWISGGGGGASPEEAVEKAGKMEEAAAGATKASSRREAEEMKLEPLQEREPAPEENLTWSSSGGDEKVLPSIPLRCHSSSSPVCPRRKPRPRPQPRARSRSQPGLSAPPPPPARPPPPPPPPPPPAPRPRAWRGSRRRSRPGSRPQTRRSCSGDLDGSGDPGGLGDWLLEVEFGQGPTGCSHVESFKVGKNWQKNLRLIYQRFVWSGTPETRKRKAKSCICHVCSTHMNRLHSCLSCVFFGCFTEKHIHKHAETKQHHLAVDLYHGVIYCFMCKDYVYDKDIEQIAKETKEKILRLLTSTSTDVSHQQFMTSGFEDKQSTCETKEQEPKLVKPKKKRRKKSVYTVGLRGLINLGNTCFMNCIVQALTHIPLLKDFFLSDKHKCIMTSPSLCLVCEMSSLFHAMYSGSRTPHIPYKLLHLIWIHAEHLAGYRQQDAHEFLIAILDVLHRHSKDDSGGQEANNPNCCNCIIDQIFTGGLQSDVTCQACHSVSTTIDPCWDISLDLPGSCATFDSQNPERADSTVSRDDHIPGIPSLTDCLQWFTRPEHLGSSAKIKCNSCQSYQESTKQLTMKKLPIVACFHLKRFEHVGKQRRKINTFISFPLELDMTPFLASTKESRMKEGQPPTDCVPNENKYSLFAVINHHGTLESGHYTSFIRQQKDQWFSCDDAIITKATIEDLLYSEGYLLFYHKQGLEKD
Q70EK8,USP53,1073,MAWVKFLRKPGGNLGKVYQPGSMLSLAPTKGLLNEPGQNSCFLNSAVQVLWQLDIFRRSLRVLTGHVCQGDACIFCALKTIFAQFQHSREKALPSDNIRHALAESFKDEQRFQLGLMDDAAECFENMLERIHFHIVPSRDADMCTSKSCITHQKFAMTLYEQCVCRSCGASSDPLPFTEFVRYISTTALCNEVERMLERHERFKPEMFAELLQAANTTDDYRKCPSNCGQKIKIRRVLMNCPEIVTIGLVWDSEHSDLTEAVVRNLATHLYLPGLFYRVTDENAKNSELNLVGMICYTSQHYCAFAFHTKSSKWVFFDDANVKEIGTRWKDVVSKCIRCHFQPLLLFYANPDGTAVSTEDALRQVISWSHYKSVAENMGCEKPVIHKSDNLKENGFGDQAKQRENQKFPTDNISSSNRSHSHTGVGKGPAKLSHIDQREKIKDISRECALKAIEQKNLLSSQRKDLEKGQRKDLGRHRDLVDEDLSHFQSGSPPAPNGFKQHGNPHLYHSQGKGSYKHDRVVPQSRASAQIISSSKSQILAPGEKITGKVKSDNGTGYDTDSSQDSRDRGNSCDSSSKSRNRGWKPMRETLNVDSIFSESEKRQHSPRHKPNISNKPKSSKDPSFSNWPKENPKQKGLMTIYEDEMKQEIGSRSSLESNGKGAEKNKGLVEGKVHGDNWQMQRTESGYESSDHISNGSTNLDSPVIDGNGTVMDISGVKETVCFSDQITTSNLNKERGDCTSLQSQHHLEGFRKELRNLEAGYKSHEFHPESHLQIKNHLIKRSHVHEDNGKLFPSSSLQIPKDHNAREHIHQSDEQKLEKPNECKFSEWLNIENSERTGLPFHVDNSASGKRVNSNEPSSLWSSHLRTVGLKPETAPLIQQQNIMDQCYFENSLSTECIIRSASRSDGCQMPKLFCQNLPPPLPPKKYAITSVPQSEKSESTPDVKLTEVFKATSHLPKHSLSTASEPSLEVSTHMNDERHKETFQVRECFGNTPNCPSSSSTNDFQANSGAIDAFCQPELDSISTCPNETVSLTTYFSVDSCMTDTYRLKYHQRPKLSFPESSGFCNNSLS
Q70EL1,USP54,1684,MSWKRNYFSGGRGSVQGMFAPRSSTSIAPSKGLSNEPGQNSCFLNSALQVLWHLDIFRRSFRQLTTHKCMGDSCIFCALKGIFNQFQCSSEKVLPSDTLRSALAKTFQDEQRFQLGIMDDAAECFENLLMRIHFHIADETKEDICTAQHCISHQKFAMTLFEQCVCTSCGATSDPLPFIQMVHYISTTSLCNQAICMLERREKPSPSMFGELLQNASTMGDLRNCPSNCGERIRIRRVLMNAPQIITIGLVWDSDHSDLAEDVIHSLGTCLKLGDLFFRVTDDRAKQSELYLVGMICYYGKHYSTFFFQTKIRKWMYFDDAHVKEIGPKWKDVVTKCIKGHYQPLLLLYADPQGTPVSTQDLPPQAEFQSYSRTCYDSEDSGREPSISSDTRTDSSTESYPYKHSHHESVVSHFSSDSQGTVIYNVENDSMSQSSRDTGHLTDSECNQKHTSKKGSLIERKRSSGRVRRKGDEPQASGYHSEGETLKEKQAPRNASKPSSSTNRLRDFKETVSNMIHNRPSLASQTNVGSHCRGRGGDQPDKKPPRTLPLHSRDWEIESTSSESKSSSSSKYRPTWRPKRESLNIDSIFSKDKRKHCGYTQLSPFSEDSAKEFIPDEPSKPPSYDIKFGGPSPQYKRWGPARPGSHLLEQHPRLIQRMESGYESSERNSSSPVSLDAALPESSNVYRDPSAKRSAGLVPSWRHIPKSHSSSILEVDSTASMGGWTKSQPFSGEEISSKSELDELQEEVARRAQEQELRRKREKELEAAKGFNPHPSRFMDLDELQNQGRSDGFERSLQEAESVFEESLHLEQKGDCAAALALCNEAISKLRLALHGASCSTHSRALVDKKLQISIRKARSLQDRMQQQQSPQQPSQPSACLPTQAGTLSQPTSEQPIPLQVLLSQEAQLESGMDTEFGASSFFHSPASCHESHSSLSPESSAPQHSSPSRSALKLLTSVEVDNIEPSAFHRQGLPKAPGWTEKNSHHSWEPLDAPEGKLQGSRCDNSSCSKLPPQEGRGIAQEQLFQEKKDPANPSPVMPGIATSERGDEHSLGCSPSNSSAQPSLPLYRTCHPIMPVASSFVLHCPDPVQKTNQCLQGQSLKTSLTLKVDRGSEETYRPEFPSTKGLVRSLAEQFQRMQGVSMRDSTGFKDRSLSGSLRKNSSPSDSKPPFSQGQEKGHWPWAKQQSSLEGGDRPLSWEESTEHSSLALNSGLPNGETSSGGQPRLAEPDIYQEKLSQVRDVRSKDLGSSTDLGTSLPLDSWVNITRFCDSQLKHGAPRPGMKSSPHDSHTCVTYPERNHILLHPHWNQDTEQETSELESLYQASLQASQAGCSGWGQQDTAWHPLSQTGSADGMGRRLHSAHDPGLSKTSTAEMEHGLHEARTVRTSQATPCRGLSRECGEDEQYSAENLRRISRSLSGTVVSEREEAPVSSHSFDSSNVRKPLETGHRCSSSSSLPVIHDPSVFLLGPQLYLPQPQFLSPDVLMPTMAGEPNRLPGTSRSVQQFLAMCDRGETSQGAKYTGRTLNYQSLPHRSRTDNSWAPWSETNQHIGTRFLTTPGCNPQLTYTATLPERSKGLQVPHTQSWSDLFHSPSHPPIVHPVYPPSSSLHVPLRSAWNSDPVPGSRTPGPRRVDMPPDDDWRQSSYASHSGHRRTVGEGFLFVLSDAPRREQIRARVLQHSQW
Q92738,USP6NL,828,MNSDQDVALKLAQERAEIVAKYDRGREGAEIEPWEDADYLVYKVTDRFGFLHEEELPDHNVAVERQKHLEIERTTKWLKMLKGWEKYKNTEKFHRRIYKGIPLQLRGEVWALLLEIPKMKEETRDLYSKLKHRARGCSPDIRQIDLDVNRTFRDHIMFRDRYGVKQQSLFHVLAAYSIYNTEVGYCQGMSQITALLLMYMNEEDAFWALVKLFSGPKHAMHGFFVQGFPKLLRFQEHHEKILNKFLSKLKQHLDSQEIYTSFYTMKWFFQCFLDRTPFTLNLRIWDIYIFEGERVLTAMSYTILKLHKKHLMKLSMEELVEFFQETLAKDFFFEDDFVIEQLQISMTELKRAKLDLPEPGKEDEYPKKPLGQLPPELQSWGVHHLSNGQRSVGRPSPLASGRRESGAPHRRHEHSPHPQSRTGTPERAQPPRRKSVEEESKKLKDEADFQRKLPSGPQDSSRQYNHAAANQNSNATSNIRKEFVPKWNKPSDVSATERTAKYTMEGKGRAAHPALAVTVPGPAEVRVSNVRPKMKALDAEDGKRGSTASQYDNVPGPELDSGASVEEALERAYSQSPRHALYPPSPRKHAEPSSSPSKVSNKFTFKVQPPSHARYPSQLDGEARGLAHPPSYSNPPVYHGNSPKHFPTANSSFASPQFSPGTQLNPSRRPHGSTLSVSASPEKSYSRPSPLVLPSSRIEVLPVDTGAGGYSGNSGSPKNGKLIIPPVDYLPDNRTWSEVSYTYRPETQGQSWTRDASRGNLPKYSAFQLAPFQDHGLPAVSVDSPVRYKASPAAEDASPSGYPYSGPPPPAYHYRNRDGLSIQESVLL
Q93009,USP7,1102,MNHQQQQQQQKAGEQQLSEPEDMEMEAGDTDDPPRITQNPVINGNVALSDGHNTAEEDMEDDTSWRSEATFQFTVERFSRLSESVLSPPCFVRNLPWKIMVMPRFYPDRPHQKSVGFFLQCNAESDSTSWSCHAQAVLKIINYRDDEKSFSRRISHLFFHKENDWGFSNFMAWSEVTDPEKGFIDDDKVTFEVFVQADAPHGVAWDSKKHTGYVGLKNQGATCYMNSLLQTLFFTNQLRKAVYMMPTEGDDSSKSVPLALQRVFYELQHSDKPVGTKKLTKSFGWETLDSFMQHDVQELCRVLLDNVENKMKGTCVEGTIPKLFRGKMVSYIQCKEVDYRSDRREDYYDIQLSIKGKKNIFESFVDYVAVEQLDGDNKYDAGEHGLQEAEKGVKFLTLPPVLHLQLMRFMYDPQTDQNIKINDRFEFPEQLPLDEFLQKTDPKDPANYILHAVLVHSGDNHGGHYVVYLNPKGDGKWCKFDDDVVSRCTKEEAIEHNYGGHDDDLSVRHCTNAYMLVYIRESKLSEVLQAVTDHDIPQQLVERLQEEKRIEAQKRKERQEAHLYMQVQIVAEDQFCGHQGNDMYDEEKVKYTVFKVLKNSSLAEFVQSLSQTMGFPQDQIRLWPMQARSNGTKRPAMLDNEADGNKTMIELSDNENPWTIFLETVDPELAASGATLPKFDKDHDVMLFLKMYDPKTRSLNYCGHIYTPISCKIRDLLPVMCDRAGFIQDTSLILYEEVKPNLTERIQDYDVSLDKALDELMDGDIIVFQKDDPENDNSELPTAKEYFRDLYHRVDVIFCDKTIPNDPGFVVTLSNRMNYFQVAKTVAQRLNTDPMLLQFFKSQGYRDGPGNPLRHNYEGTLRDLLQFFKPRQPKKLYYQQLKMKITDFENRRSFKCIWLNSQFREEEITLYPDKHGCVRDLLEECKKAVELGEKASGKLRLLEIVSYKIIGVHQEDELLECLSPATSRTFRIEEIPLDQVDIDKENEMLVTVAHFHKEVFGTFGIPFLLRIHQGEHFREVMKRIQSLLDIQEKEFEKFKFAIVMMGRHQYINEDEYEVNLKDFEPQPGNMSHPRPWLGLDHFNKAPKRSRYTYLEKAIKIHN
P40818,USP8,1118,MPAVASVPKELYLSSSLKDLNKKTEVKPEKISTKSYVHSALKIFKTAEECRLDRDEERAYVLYMKYVTVYNLIKKRPDFKQQQDYFHSILGPGNIKKAVEEAERLSESLKLRYEEAEVRKKLEEKDRQEEAQRLQQKRQETGREDGGTLAKGSLENVLDSKDKTQKSNGEKNEKCETKEKGAITAKELYTMMTDKNISLIIMDARRMQDYQDSCILHSLSVPEEAISPGVTASWIEAHLPDDSKDTWKKRGNVEYVVLLDWFSSAKDLQIGTTLRSLKDALFKWESKTVLRNEPLVLEGGYENWLLCYPQYTTNAKVTPPPRRQNEEVSISLDFTYPSLEESIPSKPAAQTPPASIEVDENIELISGQNERMGPLNISTPVEPVAASKSDVSPIIQPVPSIKNVPQIDRTKKPAVKLPEEHRIKSESTNHEQQSPQSGKVIPDRSTKPVVFSPTLMLTDEEKARIHAETALLMEKNKQEKELRERQQEEQKEKLRKEEQEQKAKKKQEAEENEITEKQQKAKEEMEKKESEQAKKEDKETSAKRGKEITGVKRQSKSEHETSDAKKSVEDRGKRCPTPEIQKKSTGDVPHTSVTGDSGSGKPFKIKGQPESGILRTGTFREDTDDTERNKAQREPLTRARSEEMGRIVPGLPSGWAKFLDPITGTFRYYHSPTNTVHMYPPEMAPSSAPPSTPPTHKAKPQIPAERDREPSKLKRSYSSPDITQAIQEEEKRKPTVTPTVNRENKPTCYPKAEISRLSASQIRNLNPVFGGSGPALTGLRNLGNTCYMNSILQCLCNAPHLADYFNRNCYQDDINRSNLLGHKGEVAEEFGIIMKALWTGQYRYISPKDFKITIGKINDQFAGYSQQDSQELLLFLMDGLHEDLNKADNRKRYKEENNDHLDDFKAAEHAWQKHKQLNESIIVALFQGQFKSTVQCLTCHKKSRTFEAFMYLSLPLASTSKCTLQDCLRLFSKEEKLTDNNRFYCSHCRARRDSLKKIEIWKLPPVLLVHLKRFSYDGRWKQKLQTSVDFPLENLDLSQYVIGPKNNLKKYNLFSVSNHYGGLDGGHYTAYCKNAARQRWFKFDDHEVSDISVSSVKSSAAYILFYTSLGPRVTDVAT
Q93008,USP9X,2554,MTATTRGSPVGGNDNQGQAPDGQSQPPLQQNQTSSPDSSNENSPATPPDEQGQGDAPPQLEDEEPAFPHTDLAKLDDMINRPRWVVPVLPKGELEVLLEAAIDLSKKGLDVKSEACQRFFRDGLTISFTKILTDEAVSGWKFEIHRCIINNTHRLVELCVAKLSQDWFPLLELLAMALNPHCKFHIYNGTRPCESVSSSVQLPEDELFARSPDPRSPKGWLVDLLNKFGTLNGFQILHDRFINGSALNVQIIAALIKPFGQCYEFLTLHTVKKYFLPIIEMVPQFLENLTDEELKKEAKNEAKNDALSMIIKSLKNLASRVPGQEETVKNLEIFRLKMILRLLQISSFNGKMNALNEVNKVISSVSYYTHRHGNPEEEEWLTAERMAEWIQQNNILSIVLRDSLHQPQYVEKLEKILRFVIKEKALTLQDLDNIWAAQAGKHEAIVKNVHDLLAKLAWDFSPEQLDHLFDCFKASWTNASKKQREKLLELIRRLAEDDKDGVMAHKVLNLLWNLAHSDDVPVDIMDLALSAHIKILDYSCSQDRDTQKIQWIDRFIEELRTNDKWVIPALKQIREICSLFGEAPQNLSQTQRSPHVFYRHDLINQLQHNHALVTLVAENLATYMESMRLYARDHEDYDPQTVRLGSRYSHVQEVQERLNFLRFLLKDGQLWLCAPQAKQIWKCLAENAVYLCDREACFKWYSKLMGDEPDLDPDINKDFFESNVLQLDPSLLTENGMKCFERFFKAVNCREGKLVAKRRAYMMDDLELIGLDYLWRVVIQSNDDIASRAIDLLKEIYTNLGPRLQVNQVVIHEDFIQSCFDRLKASYDTLCVLDGDKDSVNCARQEAVRMVRVLTVLREYINECDSDYHEERTILPMSRAFRGKHLSFVVRFPNQGRQVDDLEVWSHTNDTIGSVRRCILNRIKANVAHTKIELFVGGELIDPADDRKLIGQLNLKDKSLITAKLTQISSNMPSSPDSSSDSSTGSPGNHGNHYSDGPNPEVESCLPGVIMSLHPRYISFLWQVADLGSSLNMPPLRDGARVLMKLMPPDSTTIEKLRAICLDHAKLGESSLSPSLDSLFFGPSASQVLYLTEVVYALLMPAGAPLADDSSDFQFHFLKSGGLPLVLSMLTRNNFLPNADMETRRGAYLNALKIAKLLLTAIGYGHVRAVAEACQPGVEGVNPMTQINQVTHDQAVVLQSALQSIPNPSSECMLRNVSVRLAQQISDEASRYMPDICVIRAIQKIIWASGCGSLQLVFSPNEEITKIYEKTNAGNEPDLEDEQVCCEALEVMTLCFALIPTALDALSKEKAWQTFIIDLLLHCHSKTVRQVAQEQFFLMCTRCCMGHRPLLFFITLLFTVLGSTARERAKHSGDYFTLLRHLLNYAYNSNINVPNAEVLLNNEIDWLKRIRDDVKRTGETGIEETILEGHLGVTKELLAFQTSEKKFHIGCEKGGANLIKELIDDFIFPASNVYLQYMRNGELPAEQAIPVCGSPPTINAGFELLVALAVGCVRNLKQIVDSLTEMYYIGTAITTCEALTEWEYLPPVGPRPPKGFVGLKNAGATCYMNSVIQQLYMIPSIRNGILAIEGTGSDVDDDMSGDEKQDNESNVDPRDDVFGYPQQFEDKPALSKTEDRKEYNIGVLRHLQVIFGHLAASRLQYYVPRGFWKQFRLWGEPVNLREQHDALEFFNSLVDSLDEALKALGHPAMLSKVLGGSFADQKICQGCPHRYECEESFTTLNVDIRNHQNLLDSLEQYVKGDLLEGANAYHCEKCNKKVDTVKRLLIKKLPPVLAIQLKRFDYDWERECAIKFNDYFEFPRELDMEPYTVAGVAKLEGDNVNPESQLIQQSEQSESETAGSTKYRLVGVLVHSGQASGGHYYSYIIQRNGGDGERNRWYKFDDGDVTECKMDDDEEMKNQCFGGEYMGEVFDHMMKRMSYRRQKRWWNAYILFYERMDTIDQDDELIRYISELAITTRPHQIIMPSAIERSVRKQNVQFMHNRMQYSMEYFQFMKKLLTCNGVYLNPPPGQDHLLPEAEEITMISIQLAARFLFTTGFHTKKVVRGSASDWYDALCILLRHSKNVRFWFAHNVLFNVSNRFSEYLLECPSAEVRGAFAKLIVFIAHFSLQDGPCPSPFASPGPSSQAYDNLSLSDHLLRAVLNLLRREVSEHGRHLQQYFNLFVMYANLGVAEKTQLLKLSVPATFMLVSLDEGPGPPIKYQYAELGKLYSVVSQLIRCCNVSSRMQSSINGNPPLPNPFGDPNLSQPIMPIQQNVADILFVRTSYVKKIIEDCSNSEETVKLLRFCCWENPQFSSTVLSELLWQVAYSYTYELRPYLDLLLQILLIEDSWQTHRIHNALKGIPDDRDGLFDTIQRSKNHYQKRAYQCIKCMVALFSNCPVAYQILQGNGDLKRKWTWAVEWLGDELERRPYTGNPQYTYNNWSPPVQSNETSNGYFLERSHSARMTLAKACELCPEEEPDDQDAPDEHESPPPEDAPLYPHSPGSQYQQNNHVHGQPYTGPAAHHMNNPQRTGQRAQENYEGSEEVSPPQTKDQ
O00507,USP9Y,2555,MTAITHGSPVGGNDSQGQVLDGQSQHLFQQNQTSSPDSSNENSVATPPPEEQGQGDAPPQHEDEEPAFPHTELANLDDMINRPRWVVPVLPKGELEVLLEAAIDLSVKGLDVKSEACQRFFRDGLTISFTKILMDEAVSGWKFEIHRCIINNTHRLVELCVAKLSQDWFPLLELLAMALNPHCKFHIYNGTRPCELISSNAQLPEDELFARSSDPRSPKGWLVDLINKFGTLNGFQILHDRFFNGSALNIQIIAALIKPFGQCYEFLSQHTLKKYFIPVIEIVPHLLENLTDEELKKEAKNEAKNDALSMIIKSLKNLASRISGQDETIKNLEIFRLKMILRLLQISSFNGKMNALNEINKVISSVSYYTHRHSNPEEEEWLTAERMAEWIQQNNILSIVLQDSLHQPQYVEKLEKILRFVIKEKALTLQDLDNIWAAQAGKHEAIVKNVHDLLAKLAWDFSPGQLDHLFDCFKASWTNASKKQREKLLELIRRLAEDDKDGVMAHKVLNLLWNLAQSDDVPVDIMDLALSAHIKILDYSCSQDRDAQKIQWIDHFIEELRTNDKWVIPALKQIREICSLFGEASQNLSQTQRSPHIFYRHDLINQLQQNHALVTLVAENLATYMNSIRLYAGDHEDYDPQTVRLGSRYSHVQEVQERLNFLRFLLKDGQLWLCAPQAKQIWKCLAENAVYLCDREACFKWYSKLMGDEPDLDPDINKDFFESNVLQLDPSLLTENGMKCFERFFKAVNCRERKLIAKRRSYMMDDLELIGLDYLWRVVIQSSDEIANRAIDLLKEIYTNLGPRLKANQVVIHEDFIQSCFDRLKASYDTLCVFDGDKNSINCARQEAIRMVRVLTVIKEYINECDSDYHKERMILPMSRAFRGKHLSLIVRFPNQGRQVDELDIWSHTNDTIGSVRRCIVNRIKANVAHKKIELFVGGELIDSEDDRKLIGQLNLKDKSLITAKLTQINFNMPSSPDSSSDSSTASPGNHRNHYNDGPNLEVESCLPGVIMSVHPRYISFLWQVADLGSNLNMPPLRDGARVLMKLMPPDRTAVEKLRAVCLDHAKLGEGKLSPPLDSLFFGPSASQVLYLTEVVYALLMPAGVPLTDGSSDFQVHFLKSGGLPLVLSMLIRNNFLPNTDMETRRGAYLNALKIAKLLLTAIGYGHVRAVAEACQPVVDGTDPITQINQVTHDQAVVLQSALQSIPNPSSECVLRNESILLAQEISNEASRYMPDICVIRAIQKIIWASACGALGLVFSPNEEITKIYQMTTNGSNKLEVEDEQVCCEALEVMTLCFALLPTALDALSKEKAWQTFIIDLLLHCPSKTVRQLAQEQFFLMCTRCCMGHRPLLFFITLLFTILGSTAREKGKYSGDYFTLLRHLLNYAYNGNINIPNAEVLLVSEIDWLKRIRDNVKNTGETGVEEPILEGHLGVTKELLAFQTSEKKYHFGCEKGGANLIKELIDDFIFPASKVYLQYLRSGELPAEQAIPVCSSPVTINAGFELLVALAIGCVRNLKQIVDCLTEMYYMGTAITTCEALTEWEYLPPVGPRPPKGFVGLKNAGATCYMNSVIQQLYMIPSIRNSILAIEGTGSDLHDDMFGDEKQDSESNVDPRDDVFGYPHQFEDKPALSKTEDRKEYNIGVLRHLQVIFGHLAASQLQYYVPRGFWKQFRLWGEPVNLREQHDALEFFNSLVDSLDEALKALGHPAILSKVLGGSFADQKICQGCPHRYECEESFTTLNVDIRNHQNLLDSLEQYIKGDLLEGANAYHCEKCDKKVDTVKRLLIKKLPRVLAIQLKRFDYDWERECAIKFNDYFEFPRELDMGPYTVAGVANLERDNVNSENELIEQKEQSDNETAGGTKYRLVGVLVHSGQASGGHYYSYIIQRNGKDDQTDHWYKFDDGDVTECKMDDDEEMKNQCFGGEYMGEVFDHMMKRMSYRRQKRWWNAYILFYEQMDMIDEDDEMIRYISELTIARPHQIIMSPAIERSVRKQNVKFMHNRLQYSLEYFQFVKKLLTCNGVYLNPAPGQDYLLPEAEEITMISIQLAARFLFTTGFHTKKIVRGPASDWYDALCVLLRHSKNVRFWFTHNVLFNVSNRFSEYLLECPSAEVRGAFAKLIVFIAHFSLQDGSCPSPFASPGPSSQACDNLSLSDHLLRATLNLLRREVSEHGHHLQQYFNLFVMYANLGVAEKTQLLKLNVPATFMLVSLDEGPGPPIKYQYAELGKLYSVVSQLIRCCNVSSTMQSSINGNPPLPNPFGDLNLSQPIMPIQQNVLDILFVRTSYVKKIIEDCSNSEDTIKLLRFCSWENPQFSSTVLSELLWQVAYSYTYELRPYLDLLFQILLIEDSWQTHRIHNALKGIPDDRDGLFDTIQRSKNHYQKRAYQCIKCMVALFSSCPVAYQILQGNGDLKRKWTWAVEWLGDELERRPYTGNPQYSYNNWSPPVQSNETANGYFLERSHSARMTLAKACELCPEEEPDDQDAPDEHEPSPSEDAPLYPHSPASQYQQNNHVHGQPYTGPAAHHLNNPQKTGQRTQENYEGNEEVSSPQMKDQ
Q5W0Q7,USPL1,1092,MMDSPKIGNGLPVIGPGTDIGISSLHMVGYLGKNFDSAKVPSDEYCPACREKGKLKALKTYRISFQESIFLCEDLQCIYPLGSKSLNNLISPDLEECHTPHKPQKRKSLESSYKDSLLLANSKKTRNYIAIDGGKVLNSKHNGEVYDETSSNLPDSSGQQNPIRTADSLERNEILEADTVDMATTKDPATVDVSGTGRPSPQNEGCTSKLEMPLESKCTSFPQALCVQWKNAYALCWLDCILSALVHSEELKNTVTGLCSKEESIFWRLLTKYNQANTLLYTSQLSGVKDGDCKKLTSEIFAEIETCLNEVRDEIFISLQPQLRCTLGDMESPVFAFPLLLKLETHIEKLFLYSFSWDFECSQCGHQYQNRHMKSLVTFTNVIPEWHPLNAAHFGPCNNCNSKSQIRKMVLEKVSPIFMLHFVEGLPQNDLQHYAFHFEGCLYQITSVIQYRANNHFITWILDADGSWLECDDLKGPCSERHKKFEVPASEIHIVIWERKISQVTDKEAACLPLKKTNDQHALSNEKPVSLTSCSVGDAASAETASVTHPKDISVAPRTLSQDTAVTHGDHLLSGPKGLVDNILPLTLEETIQKTASVSQLNSEAFLLENKPVAENTGILKTNTLLSQESLMASSVSAPCNEKLIQDQFVDISFPSQVVNTNMQSVQLNTEDTVNTKSVNNTDATGLIQGVKSVEIEKDAQLKQFLTPKTEQLKPERVTSQVSNLKKKETTADSQTTTSKSLQNQSLKENQKKPFVGSWVKGLISRGASFMPLCVSAHNRNTITDLQPSVKGVNNFGGFKTKGINQKASHVSKKARKSASKPPPISKPPAGPPSSNGTAAHPHAHAASEVLEKSGSTSCGAQLNHSSYGNGISSANHEDLVEGQIHKLRLKLRKKLKAEKKKLAALMSSPQSRTVRSENLEQVPQDGSPNDCESIEDLLNELPYPIDIASESACTTVPGVSLYSSQTHEEILAELLSPTPVSTELSENGEGDFRYLGMGDSHIPPPVPSEFNDVSQNTHLRQDHNYCSPTKKNPCEVQPDSLTNNACVRTLNLESPMKTDIFDEFFSSSALNALANDTLDLPHFDEYLFENY
Q96JH7,VCPIP1,1222,MSQPPPPPPPLPPPPPPPEAPQTPSSLASAAASGGLLKRRDRRILSGSCPDPKCQARLFFPASGSVSIECTECGQRHEQQQLLGVEEVTDPDVVLHNLLRNALLGVTGAPKKNTELVKVMGLSNYHCKLLSPILARYGMDKQTGRAKLLRDMNQGELFDCALLGDRAFLIEPEHVNTVGYGKDRSGSLLYLHDTLEDIKRANKSQECLIPVHVDGDGHCLVHAVSRALVGRELFWHALRENLKQHFQQHLARYQALFHDFIDAAEWEDIINECDPLFVPPEGVPLGLRNIHIFGLANVLHRPIILLDSLSGMRSSGDYSATFLPGLIPAEKCTGKDGHLNKPICIAWSSSGRNHYIPLVGIKGAALPKLPMNLLPKAWGVPQDLIKKYIKLEEDGGCVIGGDRSLQDKYLLRLVAAMEEVFMDKHGIHPSLVADVHQYFYRRTGVIGVQPEEVTAAAKKAVMDNRLHKCLLCGALSELHVPPEWLAPGGKLYNLAKSTHGQLRTDKNYSFPLNNLVCSYDSVKDVLVPDYGMSNLTACNWCHGTSVRKVRGDGSIVYLDGDRTNSRSTGGKCGCGFKHFWDGKEYDNLPEAFPITLEWGGRVVRETVYWFQYESDSSLNSNVYDVAMKLVTKHFPGEFGSEILVQKVVHTILHQTAKKNPDDYTPVNIDGAHAQRVGDVQGQESESQLPTKIILTGQKTKTLHKEELNMSKTERTIQQNITEQASVMQKRKTEKLKQEQKGQPRTVSPSTIRDGPSSAPATPTKAPYSPTTSKEKKIRITTNDGRQSMVTLKSSTTFFELQESIAREFNIPPYLQCIRYGFPPKELMPPQAGMEKEPVPLQHGDRITIEILKSKAEGGQSAAAHSAHTVKQEDIAVTGKLSSKELQEQAEKEMYSLCLLATLMGEDVWSYAKGLPHMFQQGGVFYSIMKKTMGMADGKHCTFPHLPGKTFVYNASEDRLELCVDAAGHFPIGPDVEDLVKEAVSQVRAEATTRSRESSPSHGLLKLGSGGVVKKKSEQLHNVTAFQGKGHSLGTASGNPHLDPRARETSVVRKHNTGTDFSNSSTKTEPSVFTASSSNSELIRIAPGVVTMRDGRQLDPDLVEAQRKKLQEMVSSIQASMDRHLRDQSTEQSPSDLPQRKTEVVSSSAKSGSLQTGLPESFPLTGGTENLNTETTDGCVADALGAAFATRSKAQRGNSVEELEEMDSQDAEMTNTTEPMDHS
Q5VVQ6,YOD1,348,MFGPAKGRHFGVHPAPGFPGGVSQQAAGTKAGPAGAWPVGSRTDTMWRLRCKAKDGTHVLQGLSSRTRVRELQGQIAAITGIAPGGQRILVGYPPECLDLSNGDTILEDLPIQSGDMLIIEEDQTRPRSSPAFTKRGASSYVRETLPVLTRTVVPADNSCLFTSVYYVVEGGVLNPACAPEMRRLIAQIVASDPDFYSEAILGKTNQEYCDWIKRDDTWGGAIEISILSKFYQCEICVVDTQTVRIDRFGEDAGYTKRVLLIYDGIHYDPLQRNFPDPDTPPLTIFSSNDDIVLVQALELADEARRRRQFTDVNRFTLRCMVCQKGLTGQAEAREHAKETGHTNFGEV
Q9UGI0,ZRANB1,708,MSERGIKWACEYCTYENWPSAIKCTMCRAQRPSGTIITEDPFKSGSSDVGRDWDPSSTEGGSSPLICPDSSARPRVKSSYSMENANKWSCHMCTYLNWPRAIRCTQCLSQRRTRSPTESPQSSGSGSRPVAFSVDPCEEYNDRNKLNTRTQHWTCSVCTYENWAKAKRCVVCDHPRPNNIEAIELAETEEASSIINEQDRARWRGSCSSGNSQRRSPPATKRDSEVKMDFQRIELAGAVGSKEELEVDFKKLKQIKNRMKKTDWLFLNACVGVVEGDLAAIEAYKSSGGDIARQLTADEVRLLNRPSAFDVGYTLVHLAIRFQRQDMLAILLTEVSQQAAKCIPAMVCPELTEQIRREIAASLHQRKGDFACYFLTDLVTFTLPADIEDLPPTVQEKLFDEVLDRDVQKELEEESPIINWSLELATRLDSRLYALWNRTAGDCLLDSVLQATWGIYDKDSVLRKALHDSLHDCSHWFYTRWKDWESWYSQSFGLHFSLREEQWQEDWAFILSLASQPGASLEQTHIFVLAHILRRPIIVYGVKYYKSFRGETLGYTRFQGVYLPLLWEQSFCWKSPIALGYTRGHFSALVAMENDGYGNRGAGANLNTDDDVTITFLPLVDSERKLLHVHFLSAQELGNEEQQEKLLREWLDCCVTEGGVLVAMQKSSRRRNHPLVTQMVEKWLDRYRQIRPCTSLSDGEEDEDDEDE