Entry,Gene Names (primary),Length,Sequence
A4D256,CDC14C,447,MRSSTLQDPRRRDPQDDVYVDITDRLRFAILYSRPKSASNVHYFSIDNELEYENFSEDFGPLNLAMVYRYCCKINKKLKSITMLRKKIVHFTGSDQRKQANAAFLVGCYMVIYLGRTPEAAYRILIFGDTPYIPFRDAAYGSCNFYITLLDCFHAVKKAMQYGFLNFNSFNLDEYEHYEKAENGDLNWIIPDRFIAFCGPHSRARLESGYHQHSPETYIQYFKNHNVTTIIRLNKRMYDAKRFTDAGFDHHDLFFADGSTPTDAIVKRFLDICENAEGAIAVHCKAGLGRTGTLIACYIMKHYRMTAAETIAWVRICRPGLVIGPQQQFLVMKQTSLWLEGDYFRQRLKGQENGQHRAAFSKLLSGVDDISINGVENQDQQEPKPYSDDDEINGVTQGDRSRALKRRRQSKTNDILLPSPLAVLTFTLCSVVIWWIVCDYILPILLF
A6NDG6,PGP,321,MAAAEAGGDDARCVRLSAERAQALLADVDTLLFDCDGVLWRGETAVPGAPEALRALRARGKRLGFITNNSSKTRAAYAEKLRRLGFGGPAGPGASLEVFGTAYCTALYLRQRLAGAPAPKAYVLGSPALAAELEAVGVASVGVGPEPLQGEGPGDWLHAPLEPDVRAVVVGFDPHFSYMKLTKALRYLQQPGCLLVGTNMDNRLPLENGRFIAGTGCLVRAVEMAAQRQADIIGKPSRFIFDCVSQEYGINPERTVMVGDRLDTDILLGATCGLKTILTLTGVSTLGDVKNNQESDCVSKKKMVPDFYVDSIADLLPALQG
O00167,EYA2,538,MVELVISPSLTVNSDCLDKLKFNRADAAVWTLSDRQGITKSAPLRVSQLFSRSCPRVLPRQPSTAMAAYGQTQYSAGIQQATPYTAYPPPAQAYGIPSYSIKTEDSLNHSPGQSGFLSYGSSFSTSPTGQSPYTYQMHGTTGFYQGGNGLGNAAGFGSVHQDYPSYPGFPQSQYPQYYGSSYNPPYVPASSICPSPLSTSTYVLQEASHNVPNQSSESLAGEYNTHNGPSTPAKEGDTDRPHRASDGKLRGRSKRSSDPSPAGDNEIERVFVWDLDETIIIFHSLLTGTFASRYGKDTTTSVRIGLMMEEMIFNLADTHLFFNDLEDCDQIHVDDVSSDDNGQDLSTYNFSADGFHSSAPGANLCLGSGVHGGVDWMRKLAFRYRRVKEMYNTYKNNVGGLIGTPKRETWLQLRAELEALTDLWLTHSLKALNLINSRPNCVNVLVTTTQLIPALAKVLLYGLGSVFPIENIYSATKTGKESCFERIMQRFGRKAVYVVIGDGVEEEQGAKKHNMPFWRISCHADLEALRHALELEYL
O00743,PPP6C,305,MAPLDLDKYVEIARLCKYLPENDLKRLCDYVCDLLLEESNVQPVSTPVTVCGDIHGQFYDLCELFRTGGQVPDTNYIFMGDFVDRGYYSLETFTYLLALKAKWPDRITLLRGNHESRQITQVYGFYDECQTKYGNANAWRYCTKVFDMLTVAALIDEQILCVHGGLSPDIKTLDQIRTIERNQEIPHKGAFCDLVWSDPEDVDTWAISPRGAGWLFGAKVTNEFVHINNLKLICRAHQLVHEGYKFMFDEKLVTVWSAPNYCYRCGNIASIMVFKDVNTREPKLFRAVPDSERVIPPRTTTPYFL
O14522,PTPRT,1441,MASLAALALSLLLRLQLPPLPGARAQSAAGGCSFDEHYSNCGYSVALGTNGFTWEQINTWEKPMLDQAVPTGSFMMVNSSGRASGQKAHLLLPTLKENDTHCIDFHYYFSSRDRSSPGALNVYVKVNGGPQGNPVWNVSGVVTEGWVKAELAISTFWPHFYQVIFESVSLKGHPGYIAVDEVRVLAHPCRKAPHFLRLQNVEVNVGQNATFQCIAGGKWSQHDKLWLQQWNGRDTALMVTRVVNHRRFSATVSVADTAQRSVSKYRCVIRSDGGSGVSNYAELIVKEPPTPIAPPELLAVGATYLWIKPNANSIIGDGPIILKEVEYRTTTGTWAETHIVDSPNYKLWHLDPDVEYEIRVLLTRPGEGGTGPPGPPLTTRTKCADPVHGPQNVEIVDIRARQLTLQWEPFGYAVTRCHSYNLTVQYQYVFNQQQYEAEEVIQTSSHYTLRGLRPFMTIRLRLLLSNPEGRMESEELVVQTEEDVPGAVPLESIQGGPFEEKIYIQWKPPNETNGVITLYEINYKAVGSLDPSADLSSQRGKVFKLRNETHHLFVGLYPGTTYSFTIKASTAKGFGPPVTTRIATKISAPSMPEYDTDTPLNETDTTITVMLKPAQSRGAPVSVYQLVVKEERLQKSRRAADIIECFSVPVSYRNASSLDSLHYFAAELKPANLPVTQPFTVGDNKTYNGYWNPPLSPLKSYSIYFQALSKANGETKINCVRLATKGASTQNSNTVEPEKQVDNTVKMAGVIAGLLMFIIILLGVMLTIKRRRNAYSYSYYLKLAKKQKETQSGAQREMGPVASADKPTTKLSASRNDEGFSSSSQDVNGFTDGSRGELSQPTLTIQTHPYRTCDPVEMSYPRDQFQPAIRVADLLQHITQMKRGQGYGFKEEYEALPEGQTASWDTAKEDENRNKNRYGNIISYDHSRVRLLVLDGDPHSDYINANYIDGYHRPRHYIATQGPMQETVKDFWRMIWQENSASIVMVTNLVEVGRVKCVRYWPDDTEVYGDIKVTLIETEPLAEYVIRTFTVQKKGYHEIRELRLFHFTSWPDHGVPCYATGLLGFVRQVKFLNPPEAGPIVVHCSAGAGRTGCFIAIDTMLDMAENEGVVDIFNCVRELRAQRVNLVQTEEQYVFVHDAILEACLCGNTAIPVCEFRSLYYNISRLDPQTNSSQIKDEFQTLNIVTPRVRPEDCSIGLLPRNHDKNRSMDVLPLDRCLPFLISVDGESSNYINAALMDSHKQPAAFVVTQHPLPNTVADFWRLVFDYNCSSVVMLNEMDTAQFCMQYWPEKTSGCYGPIQVEFVSADIDEDIIHRIFRICNMARPQDGYRIVQHLQYIGWPAYRDTPPSKRSLLKVVRRLEKWQEQYDGREGRTVVHCLNGGGRSGTFCAICSVCEMIQQQNIIDVFHIVKTLRNNKSNMVETLEQYKFVYEVALEYLSSF
O14595,CTDSP2,271,MEHGSIITQARREDALVLTKQGLVSKSSPKKPRGRNIFKALFCCFRAQHVGQSSSSTELAAYKEEANTIAKSDLLQCLQYQFYQIPGTCLLPEVTEEDQGRICVVIDLDETLVHSSFKPINNADFIVPIEIEGTTHQVYVLKRPYVDEFLRRMGELFECVLFTASLAKYADPVTDLLDRCGVFRARLFRESCVFHQGCYVKDLSRLGRDLRKTLILDNSPASYIFHPENAVPVQSWFDDMADTELLNLIPIFEELSGAEDVYTSLGQLRAP
O14829,PPEF1,653,MGCSSSSTKTRRSDTSLRAALIIQNWYRGYKARLKARQHYALTIFQSIEYADEQGQMQLSTFFSFMLENYTHIHKEELELRNQSLESEQDMRDRWDYVDSIDVPDSYNGPRLQFPLTCTDIDLLLEAFKEQQILHAHYVLEVLFETKKVLKQMPNFTHIQTSPSKEVTICGDLHGKLDDLFLIFYKNGLPSERNPYVFNGDFVDRGKNSIEILMILCVSFLVYPNDLHLNRGNHEDFMMNLRYGFTKEILHKYKLHGKRILQILEEFYAWLPIGTIVDNEILVIHGGISETTDLNLLHRVERNKMKSVLIPPTETNRDHDTDSKHNKVGVTFNAHGRIKTNGSPTEHLTEHEWEQIIDILWSDPRGKNGCFPNTCRGGGCYFGPDVTSKILNKYQLKMLIRSHECKPEGYEICHDGKVVTIFSASNYYEEGSNRGAYIKLCSGTTPRFFQYQVTKATCFQPLRQRVDTMENSAIKILRERVISRKSDLTRAFQLQDHRKSGKLSVSQWAFCMENILGLNLPWRSLSSNLVNIDQNGNVEYMSSFQNIRIEKPVQEAHSTLVETLYRYRSDLEIIFNAIDTDHSGLISVEEFRAMWKLFSSHYNVHIDDSQVNKLANIMDLNKDGSIDFNEFLKAFYVVHRYEDLMKPDVTNLG
O14830,PPEF2,753,MGSGTSTQHHFAFQNAERAFKAAALIQRWYRRYVARLEMRRRCTWSIFQSIEYAGQQDQVKLHDFFSYLMDHFIPSSHNDRDFLTRIFTEDRFAQDSEMKKCSDYESIEVPDSYTGPRLSFPLLPDHATALVEAFRLKQQLHARYVLNLLYETKKHLVQLPNINRVSTCYSEEITVCGDLHGQLDDLIFIFYKNGLPSPERSYVFNGDFVDRGKDSVEILMILFAFMLVYPKEFHLNRGNHEDHMVNLRYGFTKEVMNKYKVHGKEILRTLQDVFCWLPLATLIDEKVLILHGGVSDITDLELLDKIERSKIVSTMRCKTRQKSEKQMEEKRRANQKSSAQGPIPWFLPESRSLPSSPLRLGSYKAQKTSRSSSIPCSGSLDGRELSRQVRSSVELELERCRQQAGLLVTGEKEEPSRSASEADSEAGELRKPTQEEWRQVVDILWSDPMAQEGCKANTIRGGGCYFGPDVTQQLLQKYNMQFLIRSHECKPEGYEFCHNRKVLTIFSASNYYEVGSNRGAYVKLGPALTPHIVQYQANKVTHTLTMRQRISRVEESALRALREKLFAHSSDLLSEFKKHDADKVGLITLSDWAAAVESVLHLGLPWRMLRPQLVNSSADNMLEYKSWLKNLAKEQLSRENIQSSLLETLYRNRSNLETIFRIIDSDHSGFISLDEFRQTWKLFSSHMNIDITDDCICDLARSIDFNKDGHIDINEFLEAFRLVEKSCPEGDASECPQATNAKDSGCSSPGAH
O15194,CTDSPL,276,MDGPAIITQVTNPKEDEGRLPGAGEKASQCNVSLKKQRSRSILSSFFCCFRDYNVEAPPPSSPSVLPPLVEENGGLQKGDQRQVIPIPSPPAKYLLPEVTVLDYGKKCVVIDLDETLVHSSFKPISNADFIVPVEIDGTIHQVYVLKRPHVDEFLQRMGQLFECVLFTASLAKYADPVADLLDRWGVFRARLFRESCVFHRGNYVKDLSRLGRELSKVIIVDNSPASYIFHPENAVPVQSWFDDMTDTELLDLIPFFEGLSREDDVYSMLHRLCNR
O15297,PPM1D,605,MAGLYSLGVSVFSDQGGRKYMEDVTQIVVEPEPTAEEKPSPRRSLSQPLPPRPSPAALPGGEVSGKGPAVAAREARDPLPDAGASPAPSRCCRRRSSVAFFAVCDGHGGREAAQFAREHLWGFIKKQKGFTSSEPAKVCAAIRKGFLACHLAMWKKLAEWPKTMTGLPSTSGTTASVVIIRGMKMYVAHVGDSGVVLGIQDDPKDDFVRAVEVTQDHKPELPKERERIEGLGGSVMNKSGVNRVVWKRPRLTHNGPVRRSTVIDQIPFLAVARALGDLWSYDFFSGEFVVSPEPDTSVHTLDPQKHKYIILGSDGLWNMIPPQDAISMCQDQEEKKYLMGEHGQSCAKMLVNRALGRWRQRMLRADNTSAIVICISPEVDNQGNFTNEDELYLNLTDSPSYNSQETCVMTPSPCSTPPVKSLEEDPWPRVNSKDHIPALVRSNAFSENFLEVSAEIARENVQGVVIPSKDPEPLEENCAKALTLRIHDSLNNSLPIGLVPTNSTNTVMDQKNLKMSTPGQMKAQEIERTPPTNFKRTLEESNSGPLMKKHRRNGLSRSSGAQPASLPTTSQRKNSVKLTMRRRLRGQKKIGNPLLHQHRKTVCVC
O15355,PPM1G,546,MGAYLSQPNTVKCSGDGVGAPRLPLPYGFSAMQGWRVSMEDAHNCIPELDSETAMFSVYDGHGGEEVALYCAKYLPDIIKDQKAYKEGKLQKALEDAFLAIDAKLTTEEVIKELAQIAGRPTEDEDEKEKVADEDDVDNEEAALLHEEATMTIEELLTRYGQNCHKGPPHSKSGGGTGEEPGSQGLNGEAGPEDSTRETPSQENGPTAKAYTGFSSNSERGTEAGQVGEPGIPTGEAGPSCSSASDKLPRVAKSKFFEDSEDESDEAEEEEEDSEECSEEEDGYSSEEAENEEDEDDTEEAEEDDEEEEEEMMVPGMEGKEEPGSDSGTTAVVALIRGKQLIVANAGDSRCVVSEAGKALDMSYDHKPEDEVELARIKNAGGKVTMDGRVNGGLNLSRAIGDHFYKRNKNLPPEEQMISALPDIKVLTLTDDHEFMVIACDGIWNVMSSQEVVDFIQSKISQRDENGELRLLSSIVEELLDQCLAPDTSGDGTGCDNMTCIIICFKPRNTAELQPESGKRKLEEVLSTEGAEENGNSDKKKKAKRD
O60346,PHLPP1,1717,MEPAAAATVQRLPELGREDRASAPAAAAAAAAAAAAAAAALAAAAGGGRSPEPALTPAAPSGGNGSGSGAREEAPGEAPPGPLPGRAGGAGRRRRRGAPQPIAGGAAPVPGAGGGANSLLLRRGRLKRNLSAAAAAASSSSSSSAAAASHSPGAAGLPASCSASASLCTRSLDRKTLLLKHRQTLQLQPSDRDWVRHQLQRGCVHVFDRHMASTYLRPVLCTLDTTAGEVAARLLQLGHKGGGVVKVLGQGPGAAAAREPAEPPPEAGPRLAPPEPRDSEVPPARSAPGAFGGPPRAPPADLPLPVGGPGGWSRRASPAPSDSSPGEPFVGGPVSSPRAPRPVVSDTESFSLSPSAESVSDRLDPYSSGGGSSSSSEELEADAASAPTGVPGQPRRPGHPAQPLPLPQTASSPQPQQKAPRAIDSPGGAVREGSCEEKAAAAVAPGGLQSTPGRSGVTAEKAPPPPPPPTLYVQLHGETTRRLEAEEKPLQIQNDYLFQLGFGELWRVQEEGMDSEIGCLIRFYAGKPHSTGSSERIQLSGMYNVRKGKMQLPVNRWTRRQVILCGTCLIVSSVKDSLTGKMHVLPLIGGKVEEVKKHQHCLAFSSSGPQSQTYYICFDTFTEYLRWLRQVSKVASQRISSVDLSCCSLEHLPANLFYSQDLTHLNLKQNFLRQNPSLPAARGLNELQRFTKLKSLNLSNNHLGDFPLAVCSIPTLAELNVSCNALRSVPAAVGVMHNLQTFLLDGNFLQSLPAELENMKQLSYLGLSFNEFTDIPEVLEKLTAVDKLCMSGNCVETLRLQALRKMPHIKHVDLRLNVIRKLIADEVDFLQHVTQLDLRDNKLGDLDAMIFNNIEVLHCERNQLVTLDICGYFLKALYASSNELVQLDVYPVPNYLSYMDVSRNRLENVPEWVCESRKLEVLDIGHNQICELPARLFCNSSLRKLLAGHNQLARLPERLERTSVEVLDVQHNQLLELPPNLLMKADSLRFLNASANKLESLPPATLSEETNSILQELYLTNNSLTDKCVPLLTGHPHLKILHMAYNRLQSFPASKMAKLEELEEIDLSGNKLKAIPTTIMNCRRMHTVIAHSNCIEVFPEVMQLPEIKCVDLSCNELSEVTLPENLPPKLQELDLTGNPRLVLDHKTLELLNNIRCFKIDQPSTGDASGAPAVWSHGYTEASGVKNKLCVAALSVNNFCDNREALYGVFDGDRNVEVPYLLQCTMSDILAEELQKTKNEEEYMVNTFIVMQRKLGTAGQKLGGAAVLCHIKHDPVDPGGSFTLTSANVGKCQTVLCRNGKPLPLSRSYIMSCEEELKRIKQHKAIITEDGKVNGVTESTRILGYTFLHPSVVPRPHVQSVLLTPQDEFFILGSKGLWDSLSVEEAVEAVRNVPDALAAAKKLCTLAQSYGCHDSISAVVVQLSVTEDSFCCCELSAGGAVPPPSPGIFPPSVNMVIKDRPSDGLGVPSSSSGMASEISSELSTSEMSSEVGSTASDEPPPGALSENSPAYPSEQRCMLHPICLSNSFQRQLSSATFSSAFSDNGLDSDDEEPIEGVFTNGSRVEVEVDIHCSRAKEKEKQQHLLQVPAEASDEGIVISANEDEPGLPRKADFSAVGTIGRRRANGSVAPQERSHNVIEVATDAPLRKPGGYFAAPAQPDPDDQFIIPPELEEEVKEIMKHHQEQQQQQQPPPPPQLQPQLPRHYQLDQLPDYYDTPL
O60729,CDC14B,498,MKRKSERRSSWAAAPPCSRRCSSTSPGVKKIRSSTQQDPRRRDPQDDVYLDITDRLCFAILYSRPKSASNVHYFSIDNELEYENFYADFGPLNLAMVYRYCCKINKKLKSITMLRKKIVHFTGSDQRKQANAAFLVGCYMVIYLGRTPEEAYRILIFGETSYIPFRDAAYGSCNFYITLLDCFHAVKKAMQYGFLNFNSFNLDEYEHYEKAENGDLNWIIPDRFIAFCGPHSRARLESGYHQHSPETYIQYFKNHNVTTIIRLNKRMYDAKRFTDAGFDHHDLFFADGSTPTDAIVKEFLDICENAEGAIAVHCKAGLGRTGTLIACYIMKHYRMTAAETIAWVRICRPGSVIGPQQQFLVMKQTNLWLEGDYFRQKLKGQENGQHRAAFSKLLSGVDDISINGVENQDQQEPEPYSDDDEINGVTQGDRLRALKSRRQSKTNAIPLTVILQSSVQSCKTSEPNISGSAGITKRTTRSASRKSSVKSLSISRTKTVLR
O60942,RNGTT,597,MAHNKIPPRWLNCPRRGQPVAGRFLPLKTMLGPRYDSQVAEENRFHPSMLSNYLKSLKVKMGLLVDLTNTSRFYDRNDIEKEGIKYIKLQCKGHGECPTTENTETFIRLCERFNERNPPELIGVHCTHGFNRTGFLICAFLVEKMDWSIEAAVATFAQARPPGIYKGDYLKELFRRYGDIEEAPPPPLLPDWCFEDDEDEDEDEDGKKESEPGSSASFGKRRKERLKLGAIFLEGVTVKGVTQVTTQPKLGEVQQKCHQFCGWEGSGFPGAQPVSMDKQNIKLLDLKPYKVSWKADGTRYMMLIDGTNEVFMIDRDNSVFHVSNLEFPFRKDLRMHLSNTLLDGEMIIDRVNGQAVPRYLIYDIIKFNSQPVGDCDFNVRLQCIEREIISPRHEKMKTGLIDKTQEPFSVRNKPFFDICTSRKLLEGNFAKEVSHEMDGLIFQPTGKYKPGRCDDILKWKPPSLNSVDFRLKITRMGGEGLLPQNVGLLYVGGYERPFAQIKVTKELKQYDNKIIECKFENNSWVFMRQRTDKSFPNAYNTAMAVCNSISNPVTKEMLFEFIDRCTAASQGQKRKHHLDPDTELMPPPPPKRPRPLT
O75061,DNAJC6,913,MKDSENKGASSPDMEPSYGGGLFDMVKGGAGRLFSNLKDNLKDTLKDTSSRVIQSVTSYTKGDLDFTYVTSRIIVMSFPLDNVDIGFRNQVDDIRSFLDSRHLDHYTVYNLSPKSYRTAKFHSRVSECSWPIRQAPSLHNLFAVCRNMYNWLLQNPKNVCVVHCLDGRAASSILVGAMFIFCNLYSTPGPAIRLLYAKRPGIGLSPSHRRYLGYMCDLLADKPYRPHFKPLTIKSITVSPIPFFNKQRNGCRPYCDVLIGETKIYSTCTDFERMKEYRVQDGKIFIPLNITVQGDVVVSMYHLRSTIGSRLQAKVTNTQIFQLQFHTGFIPLDTTVLKFTKPELDACDVPEKYPQLFQVTLDVELQPHDKVIDLTPPWEHYCTKDVNPSILFSSHQEHQDTLALGGQAPIDIPPDNPRHYGQSGFFASLCWQDQKSEKSFCEEDHAALVNQESEQSDDELLTLSSPHGNANGDKPHGVKKPSKKQQEPAAPPPPEDVDLLGLEGSAMSNSFSPPAAPPTNSELLSDLFGGGGAAGPTQAGQSGVEDVFHPSGPASTQSTPRRSATSTSASPTLRVGEGATFDPFGAPSKPSGQDLLGSFLNTSSASSDPFLQPTRSPSPTVHASSTPAVNIQPDVSGGWDWHAKPGGFGMGSKSAATSPTGSSHGTPTHQSKPQTLDPFADLGTLGSSSFASKPTTPTGLGGGFPPLSSPQKASPQPMGGGWQQGGAYNWQQPQPKPQPSMPHSSPQNRPNYNVSFSAMPGGQNERGKGSSNLEGKQKAADFEDLLSGQGFNAHKDKKGPRTIAEMRKEEMAKEMDPEKLKILEWIEGKERNIRALLSTMHTVLWAGETKWKPVGMADLVTPEQVKKVYRKAVLVVHPDKATGQPYEQYAKMIFMELNDAWSEFENQGQKPLY
O75319,DUSP11,330,MSQWHHPRSGWGRRRDFSGRSSAKKKGGNHIPERWKDYLPVGQRMPGTRFIAFKVPLQKSFEKKLAPEECFSPLDLFNKIREQNEELGLIIDLTYTQRYYKPEDLPETVPYLKIFTVGHQVPDDETIFKFKHAVNGFLKENKDNDKLIGVHCTHGLNRTGYLICRYLIDVEGVRPDDAIELFNRCRGHCLERQNYIEDLQNGPIRKNWNSSVPRSSDFEDSAHLMQPVHNKPVKQGPRYNLHQIQGHSAPRHFHTQTQSLQQSVRKFSENPHVYQRHHLPPPGPPGEDYSHRRYSWNVKPNASRAAQDRRRWYPYNYSRLSYPACWEWTQ
O75365,PTP4A3,173,MARMNRPAPVEVSYKHMRFLITHNPTNATLSTFIEDLKKYGATTVVRVCEVTYDKTPLEKDGITVVDWPFDDGAPPPGKVVEDWLSLVKAKFCEAPGSCVAVHCVAGLGRAPVLVALALIESGMKYEDAIQFIRQKRRGAINSKQLTYLEKYRPKQRLRFKDPHTHKTRCCVM
O75688,PPM1B,479,MGAFLDKPKTEKHNAHGAGNGLRYGLSSMQGWRVEMEDAHTAVVGIPHGLEDWSFFAVYDGHAGSRVANYCSTHLLEHITTNEDFRAAGKSGSALELSVENVKNGIRTGFLKIDEYMRNFSDLRNGMDRSGSTAVGVMISPKHIYFINCGDSRAVLYRNGQVCFSTQDHKPCNPREKERIQNAGGSVMIQRVNGSLAVSRALGDYDYKCVDGKGPTEQLVSPEPEVYEILRAEEDEFIILACDGIWDVMSNEELCEYVKSRLEVSDDLENVCNWVVDTCLHKGSRDNMSIVLVCFSNAPKVSDEAVKKDSELDKHLESRVEEIMEKSGEEGMPDLAHVMRILSAENIPNLPPGGGLAGKRNVIEAVYSRLNPHRESDGASDEAEESGSQGKLVEALRQMRINHRGNYRQLLEEMLTSYRLAKVEGEESPAEPAATATSSNSDAGNPVTMQESHTESESGLAELDSSNEDAGTKMSGEKI
O95147,DUSP14,198,MSSRGHSTLPRTLMAPRMISEGDIGGIAQITSSLFLGRGSVASNRHLLQARGITCIVNATIEIPNFNWPQFEYVKVPLADMPHAPIGLYFDTVADKIHSVSRKHGATLVHCAAGVSRSATLCIAYLMKFHNVCLLEAYNWVKARRPVIRPNVGFWRQLIDYERQLFGKSTVKMVQTPYGIVPDVYEKESRHLMPYWGI
O95278,EPM2A,331,MRFRFGVVVPPAVAGARPELLVVGSRPELGRWEPRGAVRLRPAGTAAGDGALALQEPGLWLGEVELAAEEAAQDGAEPGRVDTFWYKFLKREPGGELSWEGNGPHHDRCCTYNENNLVDGVYCLPIGHWIEATGHTNEMKHTTDFYFNIAGHQAMHYSRILPNIWLGSCPRQVEHVTIKLKHELGITAVMNFQTEWDIVQNSSGCNRYPEPMTPDTMIKLYREEGLAYIWMPTPDMSTEGRVQMLPQAVCLLHALLEKGHIVYVHCNAGVGRSTAAVCGWLQYVMGWNLRKVQYFLMAKRPAVYIDEEALARAQEDFFQKFGKVRSSVCSL
O95476,CTDNEP1,244,MMRTQCLLGLRTFVAFAAKLWSFFIYLLRRQIRTVIQYQTVRYDILPLSPVSRNRLAQVKRKILVLDLDETLIHSHHDGVLRPTVRPGTPPDFILKVVIDKHPVRFFVHKRPHVDFFLEVVSQWYELVVFTASMEIYGSAVADKLDNSRSILKRRYYRQHCTLELGSYIKDLSVVHSDLSSIVILDNSPGAYRSHPDNAIPIKSWFSDPSDTALLNLLPMLDALRFTADVRSVLSRNLHQHRLW
O95677,EYA4,639,MEDSQDLNEQSVKKTCTESDVSQSQNSRSMEMQDLASPHTLVGGGDTPGSSKLEKSNLSSTSVTTNGTGGENMTVLNTADWLLSCNTPSSATMSLLAVKTEPLNSSETTATTGDGALDTFTGSVITSSGYSPRSAHQYSPQLYPSKPYPHILSTPAAQTMSAYAGQTQYSGMQQPAVYTAYSQTGQPYSLPTYDLGVMLPAIKTESGLSQTQSPLQSGCLSYSPGFSTPQPGQTPYSYQMPGSSFAPSSTIYANNSVSNSTNFSGSQQDYPSYTAFGQNQYAQYYSASTYGAYMTSNNTADGTPSSTSTYQLQESLPGLTNQPGEFDTMQSPSTPIKDLDERTCRSSGSKSRGRGRKNNPSPPPDSDLERVFVWDLDETIIVFHSLLTGSYAQKYGKDPPMAVTLGLRMEEMIFNLADTHLFFNDLEECDQVHIDDVSSDDNGQDLSTYSFATDGFHAAASSANLCLPTGVRGGVDWMRKLAFRYRRVKELYNTYKNNVGGLLGPAKRDAWLQLRAEIEGLTDSWLTNALKSLSIISTRSNCINVLVTTTQLIPALAKVLLYSLGGAFPIENIYSATKIGKESCFERIMQRFGRKVVYVVIGDGVEEEQAAKKHNMPFWRISSHSDLLALHQALELEYL
P08575,PTPRC,1306,MTMYLWLKLLAFGFAFLDTEVFVTGQSPTPSPTGLTTAKMPSVPLSSDPLPTHTTAFSPASTFERENDFSETTTSLSPDNTSTQVSPDSLDNASAFNTTGVSSVQTPHLPTHADSQTPSAGTDTQTFSGSAANAKLNPTPGSNAISDVPGERSTASTFPTDPVSPLTTTLSLAHHSSAALPARTSNTTITANTSDAYLNASETTTLSPSGSAVISTTTIATTPSKPTCDEKYANITVDYLYNKETKLFTAKLNVNENVECGNNTCTNNEVHNLTECKNASVSISHNSCTAPDKTLILDVPPGVEKFQLHDCTQVEKADTTICLKWKNIETFTCDTQNITYRFQCGNMIFDNKEIKLENLEPEHEYKCDSEILYNNHKFTNASKIIKTDFGSPGEPQIIFCRSEAAHQGVITWNPPQRSFHNFTLCYIKETEKDCLNLDKNLIKYDLQNLKPYTKYVLSLHAYIIAKVQRNGSAAMCHFTTKSAPPSQVWNMTVSMTSDNSMHVKCRPPRDRNGPHERYHLEVEAGNTLVRNESHKNCDFRVKDLQYSTDYTFKAYFHNGDYPGEPFILHHSTSYNSKALIAFLAFLIIVTSIALLVVLYKIYDLHKKRSCNLDEQQELVERDDEKQLMNVEPIHADILLETYKRKIADEGRLFLAEFQSIPRVFSKFPIKEARKPFNQNKNRYVDILPYDYNRVELSEINGDAGSNYINASYIDGFKEPRKYIAAQGPRDETVDDFWRMIWEQKATVIVMVTRCEEGNRNKCAEYWPSMEEGTRAFGDVVVKINQHKRCPDYIIQKLNIVNKKEKATGREVTHIQFTSWPDHGVPEDPHLLLKLRRRVNAFSNFFSGPIVVHCSAGVGRTGTYIGIDAMLEGLEAENKVDVYGYVVKLRRQRCLMVQVEAQYILIHQALVEYNQFGETEVNLSELHPYLHNMKKRDPPSEPSPLEAEFQRLPSYRSWRTQHIGNQEENKSKNRNSNVIPYDYNRVPLKHELEMSKESEHDSDESSDDDSDSEEPSKYINASFIMSYWKPEVMIAAQGPLKETIGDFWQMIFQRKVKVIVMLTELKHGDQEICAQYWGEGKQTYGDIEVDLKDTDKSSTYTLRVFELRHSKRKDSRTVYQYQYTNWSVEQLPAEPKELISMIQVVKQKLPQKNSSEGNKHHKSTPLLIHCRDGSQQTGIFCALLNLLESAETEEVVDIFQVVKALRKARPGMVSTFEQYQFLYDVIASTYPAQNGQVKKNNHQEDKIEFDNEVDKVKQDANCVNPLGAPEKLPEAKEQAEGSEPTSGTEGPEHSVNGPASPALNQGS
P10586,PTPRF,1907,MAPEPAPGRTMVPLVPALVMLGLVAGAHGDSKPVFIKVPEDQTGLSGGVASFVCQATGEPKPRITWMKKGKKVSSQRFEVIEFDDGAGSVLRIQPLRVQRDEAIYECTATNSLGEINTSAKLSVLEEEQLPPGFPSIDMGPQLKVVEKARTATMLCAAGGNPDPEISWFKDFLPVDPATSNGRIKQLRSGALQIESSEESDQGKYECVATNSAGTRYSAPANLYVRVRRVAPRFSIPPSSQEVMPGGSVNLTCVAVGAPMPYVKWMMGAEELTKEDEMPVGRNVLELSNVVRSANYTCVAISSLGMIEATAQVTVKALPKPPIDLVVTETTATSVTLTWDSGNSEPVTYYGIQYRAAGTEGPFQEVDGVATTRYSIGGLSPFSEYAFRVLAVNSIGRGPPSEAVRARTGEQAPSSPPRRVQARMLSASTMLVQWEPPEEPNGLVRGYRVYYTPDSRRPPNAWHKHNTDAGLLTTVGSLLPGITYSLRVLAFTAVGDGPPSPTIQVKTQQGVPAQPADFQAEVESDTRIQLSWLLPPQERIIMYELVYWAAEDEDQQHKVTFDPTSSYTLEDLKPDTLYRFQLAARSDMGVGVFTPTIEARTAQSTPSAPPQKVMCVSMGSTTVRVSWVPPPADSRNGVITQYSVAYEAVDGEDRGRHVVDGISREHSSWDLVGLEKWTEYRVWVRAHTDVGPGPESSPVLVRTDEDVPSGPPRKVEVEPLNSTAVHVYWKLPVPSKQHGQIRGYQVTYVRLENGEPRGLPIIQDVMLAEAQWRPEESEDYETTISGLTPETTYSVTVAAYTTKGDGARSKPKIVTTTGAVPGRPTMMISTTAMNTALLQWHPPKELPGELLGYRLQYCRADEARPNTIDFGKDDQHFTVTGLHKGTTYIFRLAAKNRAGLGEEFEKEIRTPEDLPSGFPQNLHVTGLTTSTTELAWDPPVLAERNGRIISYTVVFRDINSQQELQNITTDTRFTLTGLKPDTTYDIKVRAWTSKGSGPLSPSIQSRTMPVEQVFAKNFRVAAAMKTSVLLSWEVPDSYKSAVPFKILYNGQSVEVDGHSMRKLIADLQPNTEYSFVLMNRGSSAGGLQHLVSIRTAPDLLPHKPLPASAYIEDGRFDLSMPHVQDPSLVRWFYIVVVPIDRVGGSMLTPRWSTPEELELDELLEAIEQGGEEQRRRRRQAERLKPYVAAQLDVLPETFTLGDKKNYRGFYNRPLSPDLSYQCFVLASLKEPMDQKRYASSPYSDEIVVQVTPAQQQEEPEMLWVTGPVLAVILIILIVIAILLFKRKRTHSPSSKDEQSIGLKDSLLAHSSDPVEMRRLNYQTPGMRDHPPIPITDLADNIERLKANDGLKFSQEYESIDPGQQFTWENSNLEVNKPKNRYANVIAYDHSRVILTSIDGVPGSDYINANYIDGYRKQNAYIATQGPLPETMGDFWRMVWEQRTATVVMMTRLEEKSRVKCDQYWPARGTETCGLIQVTLLDTVELATYTVRTFALHKSGSSEKRELRQFQFMAWPDHGVPEYPTPILAFLRRVKACNPLDAGPMVVHCSAGVGRTGCFIVIDAMLERMKHEKTVDIYGHVTCMRSQRNYMVQTEDQYVFIHEALLEAATCGHTEVPARNLYAHIQKLGQVPPGESVTAMELEFKLLASSKAHTSRFISANLPCNKFKNRLVNIMPYELTRVCLQPIRGVEGSDYINASFLDGYRQQKAYIATQGPLAESTEDFWRMLWEHNSTIIVMLTKLREMGREKCHQYWPAERSARYQYFVVDPMAEYNMPQYILREFKVTDARDGQSRTIRQFQFTDWPEQGVPKTGEGFIDFIGQVHKTKEQFGQDGPITVHCSAGVGRTGVFITLSIVLERMRYEGVVDMFQTVKTLRTQRPAMVQTEDQYQLCYRAALEYLGSFDHYAT
P16298,PPP3CB,524,MAAPEPARAAPPPPPPPPPPPGADRVVKAVPFPPTHRLTSEEVFDLDGIPRVDVLKNHLVKEGRVDEEIALRIINEGAAILRREKTMIEVEAPITVCGDIHGQFFDLMKLFEVGGSPANTRYLFLGDYVDRGYFSIECVLYLWVLKILYPSTLFLLRGNHECRHLTEYFTFKQECKIKYSERVYEACMEAFDSLPLAALLNQQFLCVHGGLSPEIHTLDDIRRLDRFKEPPAFGPMCDLLWSDPSEDFGNEKSQEHFSHNTVRGCSYFYNYPAVCEFLQNNNLLSIIRAHEAQDAGYRMYRKSQTTGFPSLITIFSAPNYLDVYNNKAAVLKYENNVMNIRQFNCSPHPYWLPNFMDVFTWSLPFVGEKVTEMLVNVLSICSDDELMTEGEDQFDGSAAARKEIIRNKIRAIGKMARVFSVLREESESVLTLKGLTPTGMLPSGVLAGGRQTLQSATVEAIEAEKAIRGFSPPHRICSFEEAKGLDRINERMPPRKDAVQQDGFNSLNTAHATENHGTGNHTAQ
P17706,PTPN2,415,MPTTIEREFEELDTQRRWQPLYLEIRNESHDYPHRVAKFPENRNRNRYRDVSPYDHSRVKLQNAENDYINASLVDIEEAQRSYILTQGPLPNTCCHFWLMVWQQKTKAVVMLNRIVEKESVKCAQYWPTDDQEMLFKETGFSVKLLSEDVKSYYTVHLLQLENINSGETRTISHFHYTTWPDFGVPESPASFLNFLFKVRESGSLNPDHGPAVIHCSAGIGRSGTFSLVDTCLVLMEKGDDINIKQVLLNMRKYRMGLIQTPDQLRFSYMAIIEGAKCIKGDSSIQKRWKELSKEDLSPAFDHSPNKIMTEKYNGNRIGLEEEKLTGDRCTGLSSKMQDTMEENSESALRKRIREDRKATTAQKVQQMKQRLNENERKRKRWLYWQPILTKMGFMSVILVGAFVGWTLFFQQNAL
P18031,PTPN1,435,MEMEKEFEQIDKSGSWAAIYQDIRHEASDFPCRVAKLPKNKNRNRYRDVSPFDHSRIKLHQEDNDYINASLIKMEEAQRSYILTQGPLPNTCGHFWEMVWEQKSRGVVMLNRVMEKGSLKCAQYWPQKEEKEMIFEDTNLKLTLISEDIKSYYTVRQLELENLTTQETREILHFHYTTWPDFGVPESPASFLNFLFKVRESGSLSPEHGPVVVHCSAGIGRSGTFCLADTCLLLMDKRKDPSSVDIKKVLLEMRKFRMGLIQTADQLRFSYLAVIEGAKFIMGDSSVQDQWKELSHEDLEPPPEHIPPPPRPPKRILEPHNGKCREFFPNHQWVKEETQEDKDCPIKEEKGSPLNAAPYGIESMSQDTEVRSRVVGGSLRGAQAASPAKGEPSLPEKDEDHALSYWKPFLVNMCVATVLTAGAYLCYRFLFNSNT
P18433,PTPRA,802,MDSWFILVLLGSGLICVSANNATTVAPSVGITRLINSSTAEPVKEEAKTSNPTSSLTSLSVAPTFSPNITLGPTYLTTVNSSDSDNGTTRTASTNSIGITISPNGTWLPDNQFTDARTEPWEGNSSTAATTPETFPPSGNSDSKDRRDETPIIAVMVALSSLLVIVFIIIVLYMLRFKKYKQAGSHSNSFRLSNGRTEDVEPQSVPLLARSPSTNRKYPPLPVDKLEEEINRRMADDNKLFREEFNALPACPIQATCEAASKEENKEKNRYVNILPYDHSRVHLTPVEGVPDSDYINASFINGYQEKNKFIAAQGPKEETVNDFWRMIWEQNTATIVMVTNLKERKECKCAQYWPDQGCWTYGNIRVSVEDVTVLVDYTVRKFCIQQVGDMTNRKPQRLITQFHFTSWPDFGVPFTPIGMLKFLKKVKACNPQYAGAIVVHCSAGVGRTGTFVVIDAMLDMMHTERKVDVYGFVSRIRAQRCQMVQTDMQYVFIYQALLEHYLYGDTELEVTSLETHLQKIYNKIPGTSNNGLEEEFKKLTSIKIQNDKMRTGNLPANMKKNRVLQIIPYEFNRVIIPVKRGEENTDYVNASFIDGYRQKDSYIASQGPLLHTIEDFWRMIWEWKSCSIVMLTELEERGQEKCAQYWPSDGLVSYGDITVELKKEEECESYTVRDLLVTNTRENKSRQIRQFHFHGWPEVGIPSDGKGMISIIAAVQKQQQQSGNHPITVHCSAGAGRTGTFCALSTVLERVKAEGILDVFQTVKSLRLQRPHMVQTLEQYEFCYKVVQEYIDAFSDYANFK
P23467,PTPRB,1997,MLSHGAGLALWITLSLLQTGLAEPERCNFTLAESKASSHSVSIQWRILGSPCNFSLIYSSDTLGAALCPTFRIDNTTYGCNLQDLQAGTIYNFRIISLDEERTVVLQTDPLPPARFGVSKEKTTSTSLHVWWTPSSGKVTSYEVQLFDENNQKIQGVQIQESTSWNEYTFFNLTAGSKYNIAITAVSGGKRSFSVYTNGSTVPSPVKDIGISTKANSLLISWSHGSGNVERYRLMLMDKGILVHGGVVDKHATSYAFHGLTPGYLYNLTVMTEAAGLQNYRWKLVRTAPMEVSNLKVTNDGSLTSLKVKWQRPPGNVDSYNITLSHKGTIKESRVLAPWITETHFKELVPGRLYQVTVSCVSGELSAQKMAVGRTFPDKVANLEANNNGRMRSLVVSWSPPAGDWEQYRILLFNDSVVLLNITVGKEETQYVMDDTGLVPGRQYEVEVIVESGNLKNSERCQGRTVPLAVLQLRVKHANETSLSIMWQTPVAEWEKYIISLADRDLLLIHKSLSKDAKEFTFTDLVPGRKYMATVTSISGDLKNSSSVKGRTVPAQVTDLHVANQGMTSSLFTNWTQAQGDVEFYQVLLIHENVVIKNESISSETSRYSFHSLKSGSLYSVVVTTVSGGISSRQVVVEGRTVPSSVSGVTVNNSGRNDYLSVSWLLAPGDVDNYEVTLSHDGKVVQSLVIAKSVRECSFSSLTPGRLYTVTITTRSGKYENHSFSQERTVPDKVQGVSVSNSARSDYLRVSWVHATGDFDHYEVTIKNKNNFIQTKSIPKSENECVFVQLVPGRLYSVTVTTKSGQYEANEQGNGRTIPEPVKDLTLRNRSTEDLHVTWSGANGDVDQYEIQLLFNDMKVFPPFHLVNTATEYRFTSLTPGRQYKILVLTISGDVQQSAFIEGFTVPSAVKNIHISPNGATDSLTVNWTPGGGDVDSYTVSAFRHSQKVDSQTIPKHVFEHTFHRLEAGEQYQIMIASVSGSLKNQINVVGRTVPASVQGVIADNAYSSYSLIVSWQKAAGVAERYDILLLTENGILLRNTSEPATTKQHKFEDLTPGKKYKIQILTVSGGLFSKEAQTEGRTVPAAVTDLRITENSTRHLSFRWTASEGELSWYNIFLYNPDGNLQERAQVDPLVQSFSFQNLLQGRMYKMVIVTHSGELSNESFIFGRTVPASVSHLRGSNRNTTDSLWFNWSPASGDFDFYELILYNPNGTKKENWKDKDLTEWRFQGLVPGRKYVLWVVTHSGDLSNKVTAESRTAPSPPSLMSFADIANTSLAITWKGPPDWTDYNDFELQWLPRDALTVFNPYNNRKSEGRIVYGLRPGRSYQFNVKTVSGDSWKTYSKPIFGSVRTKPDKIQNLHCRPQNSTAIACSWIPPDSDFDGYSIECRKMDTQEVEFSRKLEKEKSLLNIMMLVPHKRYLVSIKVQSAGMTSEVVEDSTITMIDRPPPPPPHIRVNEKDVLISKSSINFTVNCSWFSDTNGAVKYFTVVVREADGSDELKPEQQHPLPSYLEYRHNASIRVYQTNYFASKCAENPNSNSKSFNIKLGAEMESLGGKCDPTQQKFCDGPLKPHTAYRISIRAFTQLFDEDLKEFTKPLYSDTFFSLPITTESEPLFGAIEGVSAGLFLIGMLVAVVALLICRQKVSHGRERPSARLSIRRDRPLSVHLNLGQKGNRKTSCPIKINQFEGHFMKLQADSNYLLSKEYEELKDVGRNQSCDIALLPENRGKNRYNNILPYDATRVKLSNVDDDPCSDYINASYIPGNNFRREYIVTQGPLPGTKDDFWKMVWEQNVHNIVMVTQCVEKGRVKCDHYWPADQDSLYYGDLILQMLSESVLPEWTIREFKICGEEQLDAHRLIRHFHYTVWPDHGVPETTQSLIQFVRTVRDYINRSPGAGPTVVHCSAGVGRTGTFIALDRILQQLDSKDSVDIYGAVHDLRLHRVHMVQTECQYVYLHQCVRDVLRARKLRSEQENPLFPIYENVNPEYHRDPVYSRH
P23468,PTPRD,1912,MVHVARLLLLLLTFFLRTDAETPPRFTRTPVDQTGVSGGVASFICQATGDPRPKIVWNKKGKKVSNQRFEVIEFDDGSGSVLRIQPLRTPRDEAIYECVASNNVGEISVSTRLTVLREDQIPRGFPTIDMGPQLKVVERTRTATMLCAASGNPDPEITWFKDFLPVDTSNNNGRIKQLRSESIGGTPIRGALQIEQSEESDQGKYECVATNSAGTRYSAPANLYVRELREVRRVPPRFSIPPTNHEIMPGGSVNITCVAVGSPMPYVKWMLGAEDLTPEDDMPIGRNVLELNDVRQSANYTCVAMSTLGVIEAIAQITVKALPKPPGTPVVTESTATSITLTWDSGNPEPVSYYIIQHKPKNSEELYKEIDGVATTRYSVAGLSPYSDYEFRVVAVNNIGRGPPSEPVLTQTSEQAPSSAPRDVQARMLSSTTILVQWKEPEEPNGQIQGYRVYYTMDPTQHVNNWMKHNVADSQITTIGNLVPQKTYSVKVLAFTSIGDGPLSSDIQVITQTGVPGQPLNFKAEPESETSILLSWTPPRSDTIANYELVYKDGEHGEEQRITIEPGTSYRLQGLKPNSLYYFRLAARSPQGLGASTAEISARTMQSKPSAPPQDISCTSPSSTSILVSWQPPPVEKQNGIITEYSIKYTAVDGEDDKPHEILGIPSDTTKYLLEQLEKWTEYRITVTAHTDVGPGPESLSVLIRTNEDVPSGPPRKVEVEAVNSTSVKVSWRSPVPNKQHGQIRGYQVHYVRMENGEPKGQPMLKDVMLADAQWEFDDTTEHDMIISGLQPETSYSLTVTAYTTKGDGARSKPKLVSTTGAVPGKPRLVINHTQMNTALIQWHPPVDTFGPLQGYRLKFGRKDMEPLTTLEFSEKEDHFTATDIHKGASYVFRLSARNKVGFGEEMVKEISIPEEVPTGFPQNLHSEGTTSTSVQLSWQPPVLAERNGIITKYTLLYRDINIPLLPMEQLIVPADTTMTLTGLKPDTTYDVKVRAHTSKGPGPYSPSVQFRTLPVDQVFAKNFHVKAVMKTSVLLSWEIPENYNSAMPFKILYDDGKMVEEVDGRATQKLIVNLKPEKSYSFVLTNRGNSAGGLQHRVTAKTAPDVLRTKPAFIGKTNLDGMITVQLPEVPANENIKGYYIIIVPLKKSRGKFIKPWESPDEMELDELLKEISRKRRSIRYGREVELKPYIAAHFDVLPTEFTLGDDKHYGGFTNKQLQSGQEYVFFVLAVMEHAESKMYATSPYSDPVVSMDLDPQPITDEEEGLIWVVGPVLAVVFIICIVIAILLYKRKRAESDSRKSSIPNNKEIPSHHPTDPVELRRLNFQTPGMASHPPIPILELADHIERLKANDNLKFSQEYESIDPGQQFTWEHSNLEVNKPKNRYANVIAYDHSRVLLSAIEGIPGSDYVNANYIDGYRKQNAYIATQGSLPETFGDFWRMIWEQRSATVVMMTKLEERSRVKCDQYWPSRGTETHGLVQVTLLDTVELATYCVRTFALYKNGSSEKREVRQFQFTAWPDHGVPEHPTPFLAFLRRVKTCNPPDAGPMVVHCSAGVGRTGCFIVIDAMLERIKHEKTVDIYGHVTLMRAQRNYMVQTEDQYIFIHDALLEAVTCGNTEVPARNLYAYIQKLTQIETGENVTGMELEFKRLASSKAHTSRFISANLPCNKFKNRLVNIMPYESTRVCLQPIRGVEGSDYINASFIDGYRQQKAYIATQGPLAETTEDFWRMLWEHNSTIVVMLTKLREMGREKCHQYWPAERSARYQYFVVDPMAEYNMPQYILREFKVTDARDGQSRTVRQFQFTDWPEQGVPKSGEGFIDFIGQVHKTKEQFGQDGPISVHCSAGVGRTGVFITLSIVLERMRYEGVVDIFQTVKMLRTQRPAMVQTEDQYQFSYRAALEYLGSFDHYAT
P23469,PTPRE,700,MEPLCPLLLVGFSLPLARALRGNETTADSNETTTTSGPPDPGASQPLLAWLLLPLLLLLLVLLLAAYFFRFRKQRKAVVSTSDKKMPNGILEEQEQQRVMLLSRSPSGPKKYFPIPVEHLEEEIRIRSADDCKQFREEFNSLPSGHIQGTFELANKEENREKNRYPNILPNDHSRVILSQLDGIPCSDYINASYIDGYKEKNKFIAAQGPKQETVNDFWRMVWEQKSATIVMLTNLKERKEEKCHQYWPDQGCWTYGNIRVCVEDCVVLVDYTIRKFCIQPQLPDGCKAPRLVSQLHFTSWPDFGVPFTPIGMLKFLKKVKTLNPVHAGPIVVHCSAGVGRTGTFIVIDAMMAMMHAEQKVDVFEFVSRIRNQRPQMVQTDMQYTFIYQALLEYYLYGDTELDVSSLEKHLQTMHGTTTHFDKIGLEEEFRKLTNVRIMKENMRTGNLPANMKKARVIQIIPYDFNRVILSMKRGQEYTDYINASFIDGYRQKDYFIATQGPLAHTVEDFWRMIWEWKSHTIVMLTEVQEREQDKCYQYWPTEGSVTHGEITIEIKNDTLSEAISIRDFLVTLNQPQARQEEQVRVVRQFHFHGWPEIGIPAEGKGMIDLIAAVQKQQQQTGNHPITVHCSAGAGRTGTFIALSNILERVKAEGLLDVFQAVKSLRLQRPHMVQTLEQYEFCYKVVQDFIDIFSDYANFK
P23470,PTPRG,1445,MRRLLEPCWWILFLKITSSVLHYVVCFPALTEGYVGALHENRHGSAVQIRRRKASGDPYWAYSGAYGPEHWVTSSVSCGGRHQSPIDILDQYARVGEEYQELQLDGFDNESSNKTWMKNTGKTVAILLKDDYFVSGAGLPGRFKAEKVEFHWGHSNGSAGSEHSINGRRFPVEMQIFFYNPDDFDSFQTAISENRIIGAMAIFFQVSPRDNSALDPIIHGLKGVVHHEKETFLDPFVLRDLLPASLGSYYRYTGSLTTPPCSEIVEWIVFRRPVPISYHQLEAFYSIFTTEQQDHVKSVEYLRNNFRPQQRLHDRVVSKSAVRDSWNHDMTDFLENPLGTEASKVCSSPPIHMKVQPLNQTALQVSWSQPETIYHPPIMNYMISYSWTKNEDEKEKTFTKDSDKDLKATISHVSPDSLYLFRVQAVCRNDMRSDFSQTMLFQANTTRIFQGTRIVKTGVPTASPASSADMAPISSGSSTWTSSGIPFSFVSMATGMGPSSSGSQATVASVVTSTLLAGLGFGGGGISSFPSTVWPTRLPTAASASKQAARPVLATTEALASPGPDGDSSPTKDGEGTEEGEKDEKSESEDGEREHEEDGEKDSEKKEKSGVTHAAEERNQTEPSPTPSSPNRTAEGGHQTIPGHEQDHTAVPTDQTGGRRDAGPGLDPDMVTSTQVPPTATEEQYAGSDPKRPEMPSKKPMSRGDRFSEDSRFITVNPAEKNTSGMISRPAPGRMEWIIPLIVVSALTFVCLILLIAVLVYWRGCNKIKSKGFPRRFREVPSSGERGEKGSRKCFQTAHFYVEDSSSPRVVPNESIPIIPIPDDMEAIPVKQFVKHIGELYSNNQHGFSEDFEEVQRCTADMNITAEHSNHPENKHKNRYINILAYDHSRVKLRPLPGKDSKHSDYINANYVDGYNKAKAYIATQGPLKSTFEDFWRMIWEQNTGIIVMITNLVEKGRRKCDQYWPTENSEEYGNIIVTLKSTKIHACYTVRRFSIRNTKVKKGQKGNPKGRQNERVVIQYHYTQWPDMGVPEYALPVLTFVRRSSAARMPETGPVLVHCSAGVGRTGTYIVIDSMLQQIKDKSTVNVLGFLKHIRTQRNYLVQTEEQYIFIHDALLEAILGKETEVSSNQLHSYVNSILIPGVGGKTRLEKQFKLVTQCNAKYVECFSAQKECNKEKNRNSSVVPSERARVGLAPLPGMKGTDYINASYIMGYYRSNEFIITQHPLPHTTKDFWRMIWDHNAQIIVMLPDNQSLAEDEFVYWPSREESMNCEAFTVTLISKDRLCLSNEEQIIIHDFILEATQDDYVLEVRHFQCPKWPNPDAPISSTFELINVIKEEALTRDGPTIVHDEYGAVSAGMLCALTTLSQQLENENAVDVFQVAKMINLMRPGVFTDIEQYQFIYKAMLSLVSTKENGNGPMTVDKNGAVLIADESDPAESMESLV
P23471,PTPRZ1,2315,MRILKRFLACIQLLCVCRLDWANGYYRQQRKLVEEIGWSYTGALNQKNWGKKYPTCNSPKQSPINIDEDLTQVNVNLKKLKFQGWDKTSLENTFIHNTGKTVEINLTNDYRVSGGVSEMVFKASKITFHWGKCNMSSDGSEHSLEGQKFPLEMQIYCFDADRFSSFEEAVKGKGKLRALSILFEVGTEENLDFKAIIDGVESVSRFGKQAALDPFILLNLLPNSTDKYYIYNGSLTSPPCTDTVDWIVFKDTVSISESQLAVFCEVLTMQQSGYVMLMDYLQNNFREQQYKFSRQVFSSYTGKEEIHEAVCSSEPENVQADPENYTSLLVTWERPRVVYDTMIEKFAVLYQQLDGEDQTKHEFLTDGYQDLGAILNNLLPNMSYVLQIVAICTNGLYGKYSDQLIVDMPTDNPELDLFPELIGTEEIIKEEEEGKDIEEGAIVNPGRDSATNQIRKKEPQISTTTHYNRIGTKYNEAKTNRSPTRGSEFSGKGDVPNTSLNSTSQPVTKLATEKDISLTSQTVTELPPHTVEGTSASLNDGSKTVLRSPHMNLSGTAESLNTVSITEYEEESLLTSFKLDTGAEDSSGSSPATSAIPFISENISQGYIFSSENPETITYDVLIPESARNASEDSTSSGSEESLKDPSMEGNVWFPSSTDITAQPDVGSGRESFLQTNYTEIRVDESEKTTKSFSAGPVMSQGPSVTDLEMPHYSTFAYFPTEVTPHAFTPSSRQQDLVSTVNVVYSQTTQPVYNGETPLQPSYSSEVFPLVTPLLLDNQILNTTPAASSSDSALHATPVFPSVDVSFESILSSYDGAPLLPFSSASFSSELFRHLHTVSQILPQVTSATESDKVPLHASLPVAGGDLLLEPSLAQYSDVLSTTHAASETLEFGSESGVLYKTLMFSQVEPPSSDAMMHARSSGPEPSYALSDNEGSQHIFTVSYSSAIPVHDSVGVTYQGSLFSGPSHIPIPKSSLITPTASLLQPTHALSGDGEWSGASSDSEFLLPDTDGLTALNISSPVSVAEFTYTTSVFGDDNKALSKSEIIYGNETELQIPSFNEMVYPSESTVMPNMYDNVNKLNASLQETSVSISSTKGMFPGSLAHTTTKVFDHEISQVPENNFSVQPTHTVSQASGDTSLKPVLSANSEPASSDPASSEMLSPSTQLLFYETSASFSTEVLLQPSFQASDVDTLLKTVLPAVPSDPILVETPKVDKISSTMLHLIVSNSASSENMLHSTSVPVFDVSPTSHMHSASLQGLTISYASEKYEPVLLKSESSHQVVPSLYSNDELFQTANLEINQAHPPKGRHVFATPVLSIDEPLNTLINKLIHSDEILTSTKSSVTGKVFAGIPTVASDTFVSTDHSVPIGNGHVAITAVSPHRDGSVTSTKLLFPSKATSELSHSAKSDAGLVGGGEDGDTDDDGDDDDDDRGSDGLSIHKCMSCSSYRESQEKVMNDSDTHENSLMDQNNPISYSLSENSEEDNRVTSVSSDSQTGMDRSPGKSPSANGLSQKHNDGKEENDIQTGSALLPLSPESKAWAVLTSDEESGSGQGTSDSLNENETSTDFSFADTNEKDADGILAAGDSEITPGFPQSPTSSVTSENSEVFHVSEAEASNSSHESRIGLAEGLESEKKAVIPLVIVSALTFICLVVLVGILIYWRKCFQTAHFYLEDSTSPRVISTPPTPIFPISDDVGAIPIKHFPKHVADLHASSGFTEEFETLKEFYQEVQSCTVDLGITADSSNHPDNKHKNRYINIVAYDHSRVKLAQLAEKDGKLTDYINANYVDGYNRPKAYIAAQGPLKSTAEDFWRMIWEHNVEVIVMITNLVEKGRRKCDQYWPADGSEEYGNFLVTQKSVQVLAYYTVRNFTLRNTKIKKGSQKGRPSGRVVTQYHYTQWPDMGVPEYSLPVLTFVRKAAYAKRHAVGPVVVHCSAGVGRTGTYIVLDSMLQQIQHEGTVNIFGFLKHIRSQRNYLVQTEEQYVFIHDTLVEAILSKETEVLDSHIHAYVNALLIPGPAGKTKLEKQFQLLSQSNIQQSDYSAALKQCNREKNRTSSIIPVERSRVGISSLSGEGTDYINASYIMGYYQSNEFIITQHPLLHTIKDFWRMIWDHNAQLVVMIPDGQNMAEDEFVYWPNKDEPINCESFKVTLMAEEHKCLSNEEKLIIQDFILEATQDDYVLEVRHFQCPKWPNPDSPISKTFELISVIKEEAANRDGPMIVHDEHGGVTAGTFCALTTLMHQLEKENSVDVYQVAKMINLMRPGVFADIEQYQFLYKVILSLVSTRQEENPSTSLDSNGAALPDGNIAESLESLV
P24666,ACP1,158,MAEQATKSVLFVCLGNICRSPIAEAVFRKLVTDQNISENWRVDSAATSGYEIGNPPDYRGQSCMKRHGIPMSHVARQITKEDFATFDYILCMDESNLRDLNRKSNQVKTCKAKIELLGSYDPQKQLIIEDPYYGNDSDFETVYQQCVRCCRAFLEKAH
P26045,PTPN3,913,MTSRLRALGGRINNIRTSELPKEKTRSEVICSIHFLDGVVQTFKVTKQDTGQVLLDMVHNHLGVTEKEYFGLQHDDDSVDSPRWLEASKAIRKQLKGGFPCTLHFRVRFFIPDPNTLQQEQTRHLYFLQLKMDICEGRLTCPLNSAVVLASYAVQSHFGDYNSSIHHPGYLSDSHFIPDQNEDFLTKVESLHEQHSGLKQSEAESCYINIARTLDFYGVELHSGRDLHNLDLMIGIASAGVAVYRKYICTSFYPWVNILKISFKRKKFFIHQRQKQAESREHIVAFNMLNYRSCKNLWKSCVEHHTFFQAKKLLPQEKNVLSQYWTMGSRNTKKSVNNQYCKKVIGGMVWNPAMRRSLSVEHLETKSLPSRSPPITPNWRSPRLRHEIRKPRHSSADNLANEMTYITETEDVFYTYKGSLAPQDSDSEVSQNRSPHQESLSENNPAQSYLTQKSSSSVSPSSNAPGSCSPDGVDQQLLDDFHRVTKGGSTEDASQYYCDKNDNGDSYLVLIRITPDEDGKFGFNLKGGVDQKMPLVVSRINPESPADTCIPKLNEGDQIVLINGRDISEHTHDQVVMFIKASRESHSRELALVIRRRAVRSFADFKSEDELNQLFPEAIFPMCPEGGDTLEGSMAQLKKGLESGTVLIQFEQLYRKKPGLAITFAKLPQNLDKNRYKDVLPYDTTRVLLQGNEDYINASYVNMEIPAANLVNKYIATQGPLPHTCAQFWQVVWDQKLSLIVMLTTLTERGRTKCHQYWPDPPDVMNHGGFHIQCQSEDCTIAYVSREMLVTNTQTGEEHTVTHLQYVAWPDHGVPDDSSDFLEFVNYVRSLRVDSEPVLVHCSAGIGRTGVLVTMETAMCLTERNLPIYPLDIVRKMRDQRAMMVQTSSQYKFVCEAILRVYEEGLVQMLDPS
P28562,DUSP1,367,MVMEVGTLDAGGLRALLGERAAQCLLLDCRSFFAFNAGHIAGSVNVRFSTIVRRRAKGAMGLEHIVPNAELRGRLLAGAYHAVVLLDERSAALDGAKRDGTLALAAGALCREARAAQVFFLKGGYEAFSASCPELCSKQSTPMGLSLPLSTSVPDSAESGCSSCSTPLYDQGGPVEILPFLYLGSAYHASRKDMLDALGITALINVSANCPNHFEGHYQYKSIPVEDNHKADISSWFNEAIDFIDSIKNAGGRVFVHCQAGISRSATICLAYLMRTNRVKLDEAFEFVKQRRSIISPNFSFMGQLLQFESQVLAPHCSAEAGSPAMAVLDRGTSTTTVFNFPVSIPVHSTNSALSYLQSPITTSPSC
P28827,PTPRM,1452,MRGLGTCLATLAGLLLTAAGETFSGGCLFDEPYSTCGYSQSEGDDFNWEQVNTLTKPTSDPWMPSGSFMLVNASGRPEGQRAHLLLPQLKENDTHCIDFHYFVSSKSNSPPGLLNVYVKVNNGPLGNPIWNISGDPTRTWNRAELAISTFWPNFYQVIFEVITSGHQGYLAIDEVKVLGHPCTRTPHFLRIQNVEVNAGQFATFQCSAIGRTVAGDRLWLQGIDVRDAPLKEIKVTSSRRFIASFNVVNTTKRDAGKYRCMIRTEGGVGISNYAELVVKEPPVPIAPPQLASVGATYLWIQLNANSINGDGPIVAREVEYCTASGSWNDRQPVDSTSYKIGHLDPDTEYEISVLLTRPGEGGTGSPGPALRTRTKCADPMRGPRKLEVVEVKSRQITIRWEPFGYNVTRCHSYNLTVHYCYQVGGQEQVREEVSWDTENSHPQHTITNLSPYTNVSVKLILMNPEGRKESQELIVQTDEDLPGAVPTESIQGSTFEEKIFLQWREPTQTYGVITLYEITYKAVSSFDPEIDLSNQSGRVSKLGNETHFLFFGLYPGTTYSFTIRASTAKGFGPPATNQFTTKISAPSMPAYELETPLNQTDNTVTVMLKPAHSRGAPVSVYQIVVEEERPRRTKKTTEILKCYPVPIHFQNASLLNSQYYFAAEFPADSLQAAQPFTIGDNKTYNGYWNTPLLPYKSYRIYFQAASRANGETKIDCVQVATKGAATPKPVPEPEKQTDHTVKIAGVIAGILLFVIIFLGVVLVMKKRKLAKKRKETMSSTRQEMTVMVNSMDKSYAEQGTNCDEAFSFMDTHNLNGRSVSSPSSFTMKTNTLSTSVPNSYYPDETHTMASDTSSLVQSHTYKKREPADVPYQTGQLHPAIRVADLLQHITQMKCAEGYGFKEEYESFFEGQSAPWDSAKKDENRMKNRYGNIIAYDHSRVRLQTIEGDTNSDYINGNYIDGYHRPNHYIATQGPMQETIYDFWRMVWHENTASIIMVTNLVEVGRVKCCKYWPDDTEIYKDIKVTLIETELLAEYVIRTFAVEKRGVHEIREIRQFHFTGWPDHGVPYHATGLLGFVRQVKSKSPPSAGPLVVHCSAGAGRTGCFIVIDIMLDMAEREGVVDIYNCVRELRSRRVNMVQTEEQYVFIHDAILEACLCGDTSVPASQVRSLYYDMNKLDPQTNSSQIKEEFRTLNMVTPTLRVEDCSIALLPRNHEKNRCMDILPPDRCLPFLITIDGESSNYINAALMDSYKQPSAFIVTQHPLPNTVKDFWRLVLDYHCTSVVMLNDVDPAQLCPQYWPENGVHRHGPIQVEFVSADLEEDIISRIFRIYNAARPQDGYRMVQQFQFLGWPMYRDTPVSKRSFLKLIRQVDKWQEEYNGGEGRTVVHCLNGGGRSGTFCAISIVCEMLRHQRTVDVFHAVKTLRNNKPNMVDLLDQYKFCYEVALEYLNSG
P29074,PTPN4,926,MTSRFRLPAGRTYNVRASELARDRQHTEVVCNILLLDNTVQAFKVNKHDQGQVLLDVVFKHLDLTEQDYFGLQLADDSTDNPRWLDPNKPIRKQLKRGSPYSLNFRVKFFVSDPNKLQEEYTRYQYFLQIKQDILTGRLPCPSNTAALLASFAVQSELGDYDQSENLSGYLSDYSFIPNQPQDFEKEIAKLHQQHIGLSPAEAEFNYLNTARTLELYGVEFHYARDQSNNEIMIGVMSGGILIYKNRVRMNTFPWLKIVKISFKCKQFFIQLRKELHESRETLLGFNMVNYRACKNLWKACVEHHTFFRLDRPLPPQKNFFAHYFTLGSKFRYCGRTEVQSVQYGKEKANKDRVFARSPSKPLARKLMDWEVVSRNSISDDRLETQSLPSRSPPGTPNHRNSTFTQEGTRLRPSSVGHLVDHMVHTSPSEVFVNQRSPSSTQANSIVLESSPSQETPGDGKPPALPPKQSKKNSWNQIHYSHSQQDLESHINETFDIPSSPEKPTPNGGIPHDNLVLIRMKPDENGRFGFNVKGGYDQKMPVIVSRVAPGTPADLCVPRLNEGDQVVLINGRDIAEHTHDQVVLFIKASCERHSGELMLLVRPNAVYDVVEEKLENEPDFQYIPEKAPLDSVHQDDHSLRESMIQLAEGLITGTVLTQFDQLYRKKPGMTMSCAKLPQNISKNRYRDISPYDATRVILKGNEDYINANYINMEIPSSSIINQYIACQGPLPHTCTDFWQMTWEQGSSMVVMLTTQVERGRVKCHQYWPEPTGSSSYGCYQVTCHSEEGNTAYIFRKMTLFNQEKNESRPLTQIQYIAWPDHGVPDDSSDFLDFVCHVRNKRAGKEEPVVVHCSAGIGRTGVLITMETAMCLIECNQPVYPLDIVRTMRDQRAMMIQTPSQYRFVCEAILKVYEEGFVKPLTTSTNK
P29350,PTPN6,595,MVRWFHRDLSGLDAETLLKGRGVHGSFLARPSRKNQGDFSLSVRVGDQVTHIRIQNSGDFYDLYGGEKFATLTELVEYYTQQQGVLQDRDGTIIHLKYPLNCSDPTSERWYHGHMSGGQAETLLQAKGEPWTFLVRESLSQPGDFVLSVLSDQPKAGPGSPLRVTHIKVMCEGGRYTVGGLETFDSLTDLVEHFKKTGIEEASGAFVYLRQPYYATRVNAADIENRVLELNKKQESEDTAKAGFWEEFESLQKQEVKNLHQRLEGQRPENKGKNRYKNILPFDHSRVILQGRDSNIPGSDYINANYIKNQLLGPDENAKTYIASQGCLEATVNDFWQMAWQENSRVIVMTTREVEKGRNKCVPYWPEVGMQRAYGPYSVTNCGEHDTTEYKLRTLQVSPLDNGDLIREIWHYQYLSWPDHGVPSEPGGVLSFLDQINQRQESLPHAGPIIVHCSAGIGRTGTIIVIDMLMENISTKGLDCDIDIQKTIQMVRAQRSGMVQTEAQYKFIYVAIAQFIETTKKKLEVLQSQKGQESEYGNITYPPAMKNAHAKASRTSSKHKEDVYENLHTKNKREEKVKKQRSADKEKSKGSLKRK
P30304,CDC25A,524,MELGPEPPHRRRLLFACSPPPASQPVVKALFGASAAGGLSPVTNLTVTMDQLQGLGSDYEQPLEVKNNSNLQRMGSSESTDSGFCLDSPGPLDSKENLENPMRRIHSLPQKLLGCSPALKRSHSDSLDHDIFQLIDPDENKENEAFEFKKPVRPVSRGCLHSHGLQEGKDLFTQRQNSAPARMLSSNERDSSEPGNFIPLFTPQSPVTATLSDEDDGFVDLLDGENLKNEEETPSCMASLWTAPLVMRTTNLDNRCKLFDSPSLCSSSTRSVLKRPERSQEESPPGSTKRRKSMSGASPKESTNPEKAHETLHQSLSLASSPKGTIENILDNDPRDLIGDFSKGYLFHTVAGKHQDLKYISPEIMASVLNGKFANLIKEFVIIDCRYPYEYEGGHIKGAVNLHMEEEVEDFLLKKPIVPTDGKRVIVVFHCEFSSERGPRMCRYVRERDRLGNEYPKLHYPELYVLKGGYKEFFMKCQSYCEPPSYRPMHHEDFKEDLKKFRTKSRTWAGEKSKREMYSRLKKL
P30305,CDC25B,580,MEVPQPEPAPGSALSPAGVCGGAQRPGHLPGLLLGSHGLLGSPVRAAASSPVTTLTQTMHDLAGLGSETPKSQVGTLLFRSRSRLTHLSLSRRASESSLSSESSESSDAGLCMDSPSPMDPHMAEQTFEQAIQAASRIIRNEQFAIRRFQSMPVRLLGHSPVLRNITNSQAPDGRRKSEAGSGAASSSGEDKENDGFVFKMPWKPTHPSSTHALAEWASRREAFAQRPSSAPDLMCLSPDRKMEVEELSPLALGRFSLTPAEGDTEEDDGFVDILESDLKDDDAVPPGMESLISAPLVKTLEKEEEKDLVMYSKCQRLFRSPSMPCSVIRPILKRLERPQDRDTPVQNKRRRSVTPPEEQQEAEEPKARVLRSKSLCHDEIENLLDSDHRELIGDYSKAFLLQTVDGKHQDLKYISPETMVALLTGKFSNIVDKFVIVDCRYPYEYEGGHIKTAVNLPLERDAESFLLKSPIAPCSLDKRVILIFHCEFSSERGPRMCRFIRERDRAVNDYPSLYYPEMYILKGGYKEFFPQHPNFCEPQDYRPMNHEAFKDELKTFRLKTRSWAGERSRRELCSRLQDQ
P30307,CDC25C,473,MSTELFSSTREEGSSGSGPSFRSNQRKMLNLLLERDTSFTVCPDVPRTPVGKFLGDSANLSILSGGTPKRCLDLSNLSSGEITATQLTTSADLDETGHLDSSGLQEVHLAGMNHDQHLMKCSPAQLLCSTPNGLDRGHRKRDAMCSSSANKENDNGNLVDSEMKYLGSPITTVPKLDKNPNLGEDQAEEISDELMEFSLKDQEAKVSRSGLYRSPSMPENLNRPRLKQVEKFKDNTIPDKVKKKYFSGQGKLRKGLCLKKTVSLCDITITQMLEEDSNQGHLIGDFSKVCALPTVSGKHQDLKYVNPETVAALLSGKFQGLIEKFYVIDCRYPYEYLGGHIQGALNLYSQEELFNFFLKKPIVPLDTQKRIIIVFHCEFSSERGPRMCRCLREEDRSLNQYPALYYPELYILKGGYRDFFPEYMELCEPQSYCPMHHQDHKTELLRCRSQSKVQEGERQLREQIALLVKDMSP
P35236,PTPN7,360,MVQAHGGRSRAQPLTLSLGAAMTQPPPEKTPAKKHVRLQERRGSNVALMLDVRSLGAVEPICSVNTPREVTLHFLRTAGHPLTRWALQRQPPSPKQLEEEFLKIPSNFVSPEDLDIPGHASKDRYKTILPNPQSRVCLGRAQSQEDGDYINANYIRGYDGKEKVYIATQGPMPNTVSDFWEMVWQEEVSLIVMLTQLREGKEKCVHYWPTEEETYGPFQIRIQDMKECPEYTVRQLTIQYQEERRSVKHILFSAWPDHQTPESAGPLLRLVAEVEESPETAAHPGPIVVHCSAGIGRTGCFIATRIGCQQLKARGEVDILGIVCQLRLDRGGMIQTAEQYQFLHHTLALYAGQLPEEPSP
P35813,PPM1A,382,MGAFLDKPKMEKHNAQGQGNGLRYGLSSMQGWRVEMEDAHTAVIGLPSGLESWSFFAVYDGHAGSQVAKYCCEHLLDHITNNQDFKGSAGAPSVENVKNGIRTGFLEIDEHMRVMSEKKHGADRSGSTAVGVLISPQHTYFINCGDSRGLLCRNRKVHFFTQDHKPSNPLEKERIQNAGGSVMIQRVNGSLAVSRALGDFDYKCVHGKGPTEQLVSPEPEVHDIERSEEDDQFIILACDGIWDVMGNEELCDFVRSRLEVTDDLEKVCNEVVDTCLYKGSRDNMSVILICFPNAPKVSPEAVKKEAELDKYLECRVEEIIKKQGEGVPDLVHVMRTLASENIPSLPPGGELASKRNVIEAVYNRLNPYKNDDTDSTSTDDMW
P36873,PPP1CC,323,MADLDKLNIDSIIQRLLEVRGSKPGKNVQLQENEIRGLCLKSREIFLSQPILLELEAPLKICGDIHGQYYDLLRLFEYGGFPPESNYLFLGDYVDRGKQSLETICLLLAYKIKYPENFFLLRGNHECASINRIYGFYDECKRRYNIKLWKTFTDCFNCLPIAAIVDEKIFCCHGGLSPDLQSMEQIRRIMRPTDVPDQGLLCDLLWSDPDKDVLGWGENDRGVSFTFGAEVVAKFLHKHDLDLICRAHQVVEDGYEFFAKRQLVTLFSAPNYCGEFDNAGAMMSVDETLMCSFQILKPAEKKKPNATRPVTPPRGMITKQAKK
P43378,PTPN9,593,MEPATAPRPDMAPELTPEEEQATKQFLEEINKWTVQYNVSPLSWNVAVKFLMARKFDVLRAIELFHSYRETRRKEGIVKLKPHEEPLRSEILSGKFTILNVRDPTGASIALFTARLHHPHKSVQHVVLQALFYLLDRAVDSFETQRNGLVFIYDMCGSNYANFELDLGKKVLNLLKGAFPARLKKVLIVGAPIWFRVPYSIISLLLKDKVRERIQILKTSEVTQHLPRECLPENLGGYVKIDLATWNFQFLPQVNGHPDPFDEIILFSLPPALDWDSVHVPGPHAMTIQELVDYVNARQKQGIYEEYEDIRRENPVGTFHCSMSPGNLEKNRYGDVPCLDQTRVKLTKRSGHTQTDYINASFMDGYKQKNAYIGTQGPLENTYRDFWLMVWEQKVLVIVMTTRFEEGGRRKCGQYWPLEKDSRIRFGFLTVTNLGVENMNHYKKTTLEIHNTEERQKRQVTHFQFLSWPDYGVPSSAASLIDFLRVVRNQQSLAVSNMGARSKGQCPEPPIVVHCSAGIGRTGTFCSLDICLAQLEELGTLNVFQTVSRMRTQRAFSIQTPEQYYFCYKAILEFAEKEGMVSSGQNLLAVESQ
P48454,PPP3CC,512,MSGRRFHLSTTDRVIKAVPFPPTQRLTFKEVFENGKPKVDVLKNHLVKEGRLEEEVALKIINDGAAILRQEKTMIEVDAPITVCGDIHGQFFDLMKLFEVGGSPSNTRYLFLGDYVDRGYFSIECVLYLWSLKINHPKTLFLLRGNHECRHLTDYFTFKQECRIKYSEQVYDACMETFDCLPLAALLNQQFLCVHGGMSPEITSLDDIRKLDRFTEPPAFGPVCDLLWSDPSEDYGNEKTLEHYTHNTVRGCSYFYSYPAVCEFLQNNNLLSIIRAHEAQDAGYRMYRKSQATGFPSLITIFSAPNYLDVYNNKAAVLKYENNVMNIRQFNCSPHPYWLPNFMDVFTWSLPFVGEKVTEMLVNVLNICSDDELISDDEAEGSTTVRKEIIRNKIRAIGKMARVFSILRQESESVLTLKGLTPTGTLPLGVLSGGKQTIETATVEAVEAREAIRGFSLQHKIRSFEEARGLDRINERMPPRKDSIHAGGPMKSVTSAHSHAAHRSDQGKKAHS
P49593,PPM1F,454,MSSGAPQKSSPMASGAEETPGFLDTLLQDFPALLNPEDPLPWKAPGTVLSQEEVEGELAELAMGFLGSRKAPPPLAAALAHEAVSQLLQTDLSEFRKLPREEEEEEEDDDEEEKAPVTLLDAQSLAQSFFNRLWEVAGQWQKQVPLAARASQRQWLVSIHAIRNTRRKMEDRHVSLPSFNQLFGLSDPVNRAYFAVFDGHGGVDAARYAAVHVHTNAARQPELPTDPEGALREAFRRTDQMFLRKAKRERLQSGTTGVCALIAGATLHVAWLGDSQVILVQQGQVVKLMEPHRPERQDEKARIEALGGFVSHMDCWRVNGTLAVSRAIGDVFQKPYVSGEADAASRALTGSEDYLLLACDGFFDVVPHQEVVGLVQSHLTRQQGSGLRVAEELVAAARERGSHDNITVMVVFLRDPQELLEGGNQGEGDPQAEGRRQDLPSSLPEPETQAPPRS
P51452,DUSP3,185,MSGSFELSVQDLNDLLSDGSGCYSLPSQPCNEVTPRIYVGNASVAQDIPKLQKLGITHVLNAAEGRSFMHVNTNANFYKDSGITYLGIKANDTQEFNLSAYFERAADFIDQALAQKNGRVLVHCREGYSRSPTLVIAYLMMRQKMDVKSALSIVRQNREIGPNDGFLAQLCQLNDRLAKEGKLKP
P53041,PPP5C,499,MAMAEGERTECAEPPRDEPPADGALKRAEELKTQANDYFKAKDYENAIKFYSQAIELNPSNAIYYGNRSLAYLRTECYGYALGDATRAIELDKKYIKGYYRRAASNMALGKFRAALRDYETVVKVKPHDKDAKMKYQECNKIVKQKAFERAIAGDEHKRSVVDSLDIESMTIEDEYSGPKLEDGKVTISFMKELMQWYKDQKKLHRKCAYQILVQVKEVLSKLSTLVETTLKETEKITVCGDTHGQFYDLLNIFELNGLPSETNPYIFNGDFVDRGSFSVEVILTLFGFKLLYPDHFHLLRGNHETDNMNQIYGFEGEVKAKYTAQMYELFSEVFEWLPLAQCINGKVLIMHGGLFSEDGVTLDDIRKIERNRQPPDSGPMCDLLWSDPQPQNGRSISKRGVSCQFGPDVTKAFLEENNLDYIIRSHEVKAEGYEVAHGGRCVTVFSAPNYCDQMGNKASYIHLQGSDLRPQFHQFTAVPHPNVKPMAYANTLLQLGMM
P54829,PTPN5,565,MNYEGARSERENHAADDSEGGALDMCCSERLPGLPQPIVMEALDEAEGLQDSQREMPPPPPPSPPSDPAQKPPPRGAGSHSLTVRSSLCLFAASQFLLACGVLWFSGYGHIWSQNATNLVSSLLTLLKQLEPTAWLDSGTWGVPSLLLVFLSVGLVLVTTLVWHLLRTPPEPPTPLPPEDRRQSVSRQPSFTYSEWMEEKIEDDFLDLDPVPETPVFDCVMDIKPEADPTSLTVKSMGLQERRGSNVSLTLDMCTPGCNEEGFGYLMSPREESAREYLLSASRVLQAEELHEKALDPFLLQAEFFEIPMNFVDPKEYDIPGLVRKNRYKTILPNPHSRVCLTSPDPDDPLSSYINANYIRGYGGEEKVYIATQGPIVSTVADFWRMVWQEHTPIIVMITNIEEMNEKCTEYWPEEQVAYDGVEITVQKVIHTEDYRLRLISLKSGTEERGLKHYWFTSWPDQKTPDRAPPLLHLVREVEEAAQQEGPHCAPIIVHCSAGIGRTGCFIATSICCQQLRQEGVVDILKTTCQLRQDRGGMIQTCEQYQFVHHVMSLYEKQLSHQSPE
P56180,TPTE,551,MNESPDPTDLAGVIIELGPNDSPQTSEFKGATEEAPAKESPHTSEFKGAARVSPISESVLARLSKFEVEDAENVASYDSKIKKIVHSIVSSFAFGLFGVFLVLLDVTLILADLIFTDSKLYIPLEYRSISLAIALFFLMDVLLRVFVERRQQYFSDLFNILDTAIIVILLLVDVVYIFFDIKLLRNIPRWTHLLRLLRLIILLRIFHLFHQKRQLEKLIRRRVSENKRRYTRDGFDLDLTYVTERIIAMSFPSSGRQSFYRNPIKEVVRFLDKKHRNHYRVYNLCSERAYDPKHFHNRVVRIMIDDHNVPTLHQMVVFTKEVNEWMAQDLENIVAIHCKGGTDRTGTMVCAFLIASEICSTAKESLYYFGERRTDKTHSEKFQGVKTPSQKRYVAYFAQVKHLYNWNLPPRRILFIKHFIIYSIPRYVRDLKIQIEMEKKVVFSTISLGKCSVLDNITTDKILIDVFDGLPLYDDVKVQFFYSNLPTYYDNCSFYFWLHTSFIENNRLYLPKNELDNLHKQKARRIYPSDFAVEILFGEKMTSSDVVAGSD
P60484,PTEN,403,MTAIIKEIVSRNKRRYQEDGFDLDLTYIYPNIIAMGFPAERLEGVYRNNIDDVVRFLDSKHKNHYKIYNLCAERHYDTAKFNCRVAQYPFEDHNPPQLELIKPFCEDLDQWLSEDDNHVAAIHCKAGKGRTGVMICAYLLHRGKFLKAQEALDFYGEVRTRDKKGVTIPSQRRYVYYYSYLLKNHLDYRPVALLFHKMMFETIPMFSGGTCNPQFVVCQLKVKIYSSNSGPTRREDKFMYFEFPQPLPVCGDIKVEFFHKQNKMLKKDKMFHFWVNTFFIPGPEETSEKVENGSLCDQEIDSICSIERADNDKEYLVLTLTKNDLDKANKDKANRYFSPNFKVKLYFTKTVEEPSNPEASSSTSVTPDVSDNEPDHYRYSDTTDSDPENEPFDEDQHTQITKV
P60510,PPP4C,307,MAEISDLDRQIEQLRRCELIKESEVKALCAKAREILVEESNVQRVDSPVTVCGDIHGQFYDLKELFRVGGDVPETNYLFMGDFVDRGFYSVETFLLLLALKVRYPDRITLIRGNHESRQITQVYGFYDECLRKYGSVTVWRYCTEIFDYLSLSAIIDGKIFCVHGGLSPSIQTLDQIRTIDRKQEVPHDGPMCDLLWSDPEDTTGWGVSPRGAGYLFGSDVVAQFNAANDIDMICRAHQLVMEGYKWHFNETVLTVWSAPNYCYRCGNVAAILELDEHLQKDFIIFEAAPQETRGIPSKKPVADYFL
P62136,PPP1CA,330,MSDSEKLNLDSIIGRLLEVQGSRPGKNVQLTENEIRGLCLKSREIFLSQPILLELEAPLKICGDIHGQYYDLLRLFEYGGFPPESNYLFLGDYVDRGKQSLETICLLLAYKIKYPENFFLLRGNHECASINRIYGFYDECKRRYNIKLWKTFTDCFNCLPIAAIVDEKIFCCHGGLSPDLQSMEQIRRIMRPTDVPDQGLLCDLLWSDPDKDVQGWGENDRGVSFTFGAEVVAKFLHKHDLDLICRAHQVVEDGYEFFAKRQLVTLFSAPNYCGEFDNAGAMMSVDETLMCSFQILKPADKNKGKYGQFSGLNPGGRPITPPRNSAKAKK
P62140,PPP1CB,327,MADGELNVDSLITRLLEVRGCRPGKIVQMTEAEVRGLCIKSREIFLSQPILLELEAPLKICGDIHGQYTDLLRLFEYGGFPPEANYLFLGDYVDRGKQSLETICLLLAYKIKYPENFFLLRGNHECASINRIYGFYDECKRRFNIKLWKTFTDCFNCLPIAAIVDEKIFCCHGGLSPDLQSMEQIRRIMRPTDVPDTGLLCDLLWSDPDKDVQGWGENDRGVSFTFGADVVSKFLNRHDLDLICRAHQVVEDGYEFFAKRQLVTLFSAPNYCGEFDNAGGMMSVDETLMCSFQILKPSEKKAKYQYGGLNSGRPVTPPRTANPPKKR
P62714,PPP2CB,309,MDDKAFTKELDQWVEQLNECKQLNENQVRTLCEKAKEILTKESNVQEVRCPVTVCGDVHGQFHDLMELFRIGGKSPDTNYLFMGDYVDRGYYSVETVTLLVALKVRYPERITILRGNHESRQITQVYGFYDECLRKYGNANVWKYFTDLFDYLPLTALVDGQIFCLHGGLSPSIDTLDHIRALDRLQEVPHEGPMCDLLWSDPDDRGGWGISPRGAGYTFGQDISETFNHANGLTLVSRAHQLVMEGYNWCHDRNVVTIFSAPNYCYRCGNQAAIMELDDTLKYSFLQFDPAPRRGEPHVTRRTPDYFL
P67775,PPP2CA,309,MDEKVFTKELDQWIEQLNECKQLSESQVKSLCEKAKEILTKESNVQEVRCPVTVCGDVHGQFHDLMELFRIGGKSPDTNYLFMGDYVDRGYYSVETVTLLVALKVRYRERITILRGNHESRQITQVYGFYDECLRKYGNANVWKYFTDLFDYLPLTALVDGQIFCLHGGLSPSIDTLDHIRALDRLQEVPHEGPMCDLLWSDPDDRGGWGISPRGAGYTFGQDISETFNHANGLTLVSRAHQLVMEGYNWCHDRNVVTIFSAPNYCYRCGNQAAIMELDDTLKYSFLQFDPAPRRGEPHVTRRTPDYFL
Q05209,PTPN12,780,MEQVEILRKFIQRVQAMKSPDHNGEDNFARDFMRLRRLSTKYRTEKIYPTATGEKEENVKKNRYKDILPFDHSRVKLTLKTPSQDSDYINANFIKGVYGPKAYVATQGPLANTVIDFWRMIWEYNVVIIVMACREFEMGRKKCERYWPLYGEDPITFAPFKISCEDEQARTDYFIRTLLLEFQNESRRLYQFHYVNWPDHDVPSSFDSILDMISLMRKYQEHEDVPICIHCSAGCGRTGAICAIDYTWNLLKAGKIPEEFNVFNLIQEMRTQRHSAVQTKEQYELVHRAIAQLFEKQLQLYEIHGAQKIADGVNEINTENMVSSIEPEKQDSPPPKPPRTRSCLVEGDAKEEILQPPEPHPVPPILTPSPPSAFPTVTTVWQDNDRYHPKPVLHMVSSEQHSADLNRNYSKSTELPGKNESTIEQIDKKLERNLSFEIKKVPLQEGPKSFDGNTLLNRGHAIKIKSASPCIADKISKPQELSSDLNVGDTSQNSCVDCSVTQSNKVSVTPPEESQNSDTPPRPDRLPLDEKGHVTWSFHGPENAIPIPDLSEGNSSDINYQTRKTVSLTPSPTTQVETPDLVDHDNTSPLFRTPLSFTNPLHSDDSDSDERNSDGAVTQNKTNISTASATVSAATSTESISTRKVLPMSIARHNIAGTTHSGAEKDVDVSEDSPPPLPERTPESFVLASEHNTPVRSEWSELQSQERSEQKKSEGLITSENEKCDHPAGGIHYEMCIECPPTFSDKREQISENPTEATDIGFGNRCGKPKGPRDPPSEWT
Q05923,DUSP2,314,MGLEAARELECAALGTLLRDPREAERTLLLDCRPFLAFCRRHVRAARPVPWNALLRRRARGPPAAVLACLLPDRALRTRLVRGELARAVVLDEGSASVAELRPDSPAHVLLAALLHETRAGPTAVYFLRGGFDGFQGCCPDLCSEAPAPALPPTGDKTSRSDSRAPVYDQGGPVEILPYLFLGSCSHSSDLQGLQACGITAVLNVSASCPNHFEGLFRYKSIPVEDNQMVEISAWFQEAIGFIDWVKNSGGRVLVHCQAGISRSATICLAYLMQSRRVRLDEAFDFVKQRRGVISPNFSFMGQLLQFETQVLCH
Q06124,PTPN11,593,MTSRRWFHPNITGVEAENLLLTRGVDGSFLARPSKSNPGDFTLSVRRNGAVTHIKIQNTGDYYDLYGGEKFATLAELVQYYMEHHGQLKEKNGDVIELKYPLNCADPTSERWFHGHLSGKEAEKLLTEKGKHGSFLVRESQSHPGDFVLSVRTGDDKGESNDGKSKVTHVMIRCQELKYDVGGGERFDSLTDLVEHYKKNPMVETLGTVLQLKQPLNTTRINAAEIESRVRELSKLAETTDKVKQGFWEEFETLQQQECKLLYSRKEGQRQENKNKNRYKNILPFDHTRVVLHDGDPNEPVSDYINANIIMPEFETKCNNSKPKKSYIATQGCLQNTVNDFWRMVFQENSRVIVMTTKEVERGKSKCVKYWPDEYALKEYGVMRVRNVKESAAHDYTLRELKLSKVGQGNTERTVWQYHFRTWPDHGVPSDPGGVLDFLEEVHHKQESIMDAGPVVVHCSAGIGRTGTFIVIDILIDIIREKGVDCDIDVPKTIQMVRSQRSGMVQTEAQYRFIYMAVQHYIETLQRRIEEEQKSKRKGHEYTNIKYSLADQTSGDQSPLPPCTPTPPCAEMREDSARVYENVGLMQQQKSFR
Q08209,PPP3CA,521,MSEPKAIDPKLSTTDRVVKAVPFPPSHRLTAKEVFDNDGKPRVDILKAHLMKEGRLEESVALRIITEGASILRQEKNLLDIDAPVTVCGDIHGQFFDLMKLFEVGGSPANTRYLFLGDYVDRGYFSIECVLYLWALKILYPKTLFLLRGNHECRHLTEYFTFKQECKIKYSERVYDACMDAFDCLPLAALMNQQFLCVHGGLSPEINTLDDIRKLDRFKEPPAYGPMCDILWSDPLEDFGNEKTQEHFTHNTVRGCSYFYSYPAVCEFLQHNNLLSILRAHEAQDAGYRMYRKSQTTGFPSLITIFSAPNYLDVYNNKAAVLKYENNVMNIRQFNCSPHPYWLPNFMDVFTWSLPFVGEKVTEMLVNVLNICSDDELGSEEDGFDGATAAARKEVIRNKIRAIGKMARVFSVLREESESVLTLKGLTPTGMLPSGVLSGGKQTLQSATVEAIEADEAIKGFSPQHKITSFEEAKGLDRINERMPPRRDAMPSDANLNSINKALTSETNGTDSNGSNSSNIQ
Q12913,PTPRJ,1337,MKPAAREARLPPRSPGLRWALPLLLLLLRLGQILCAGGTPSPIPDPSVATVATGENGITQISSTAESFHKQNGTGTPQVETNTSEDGESSGANDSLRTPEQGSNGTDGASQKTPSSTGPSPVFDIKAVSISPTNVILTWKSNDTAASEYKYVVKHKMENEKTITVVHQPWCNITGLRPATSYVFSITPGIGNETWGDPRVIKVITEPIPVSDLRVALTGVRKAALSWSNGNGTASCRVLLESIGSHEELTQDSRLQVNISGLKPGVQYNINPYLLQSNKTKGDPLGTEGGLDASNTERSRAGSPTAPVHDESLVGPVDPSSGQQSRDTEVLLVGLEPGTRYNATVYSQAANGTEGQPQAIEFRTNAIQVFDVTAVNISATSLTLIWKVSDNESSSNYTYKIHVAGETDSSNLNVSEPRAVIPGLRSSTFYNITVCPVLGDIEGTPGFLQVHTPPVPVSDFRVTVVSTTEIGLAWSSHDAESFQMHITQEGAGNSRVEITTNQSIIIGGLFPGTKYCFEIVPKGPNGTEGASRTVCNRTVPSAVFDIHVVYVTTTEMWLDWKSPDGASEYVYHLVIESKHGSNHTSTYDKAITLQGLIPGTLYNITISPEVDHVWGDPNSTAQYTRPSNVSNIDVSTNTTAATLSWQNFDDASPTYSYCLLIEKAGNSSNATQVVTDIGITDATVTELIPGSSYTVEIFAQVGDGIKSLEPGRKSFCTDPASMASFDCEVVPKEPALVLKWTCPPGANAGFELEVSSGAWNNATHLESCSSENGTEYRTEVTYLNFSTSYNISITTVSCGKMAAPTRNTCTTGITDPPPPDGSPNITSVSHNSVKVKFSGFEASHGPIKAYAVILTTGEAGHPSADVLKYTYEDFKKGASDTYVTYLIRTEEKGRSQSLSEVLKYEIDVGNESTTLGYYNGKLEPLGSYRACVAGFTNITFHPQNKGLIDGAESYVSFSRYSDAVSLPQDPGVICGAVFGCIFGALVIVTVGGFIFWRKKRKDAKNNEVSFSQIKPKKSKLIRVENFEAYFKKQQADSNCGFAEEYEDLKLVGISQPKYAAELAENRGKNRYNNVLPYDISRVKLSVQTHSTDDYINANYMPGYHSKKDFIATQGPLPNTLKDFWRMVWEKNVYAIIMLTKCVEQGRTKCEEYWPSKQAQDYGDITVAMTSEIVLPEWTIRDFTVKNIQTSESHPLRQFHFTSWPDHGVPDTTDLLINFRYLVRDYMKQSPPESPILVHCSAGVGRTGTFIAIDRLIYQIENENTVDVYGIVYDLRMHRPLMVQTEDQYVFLNQCVLDIVRSQKDSKVDLIYQNTTAMTIYENLAPVTTFGKTNGYIA
Q12923,PTPN13,2485,MHVSLAEALEVRGGPLQEEEIWAVLNQSAESLQELFRKVSLADPAALGFIISPWSLLLLPSGSVSFTDENISNQDLRAFTAPEVLQNQSLTSLSDVEKIHIYSLGMTLYWGADYEVPQSQPIKLGDHLNSILLGMCEDVIYARVSVRTVLDACSAHIRNSNCAPSFSYVKHLVKLVLGNLSGTDQLSCNSEQKPDRSQAIRDRLRGKGLPTGRSSTSDVLDIQKPPLSHQTFLNKGLSKSMGFLSIKDTQDENYFKDILSDNSGREDSENTFSPYQFKTSGPEKKPIPGIDVLSKKKIWASSMDLLCTADRDFSSGETATYRRCHPEAVTVRTSTTPRKKEARYSDGSIALDIFGPQKMDPIYHTRELPTSSAISSALDRIRERQKKLQVLREAMNVEEPVRRYKTYHGDVFSTSSESPSIISSESDFRQVRRSEASKRFESSSGLPGVDETLSQGQSQRPSRQYETPFEGNLINQEIMLKRQEEELMQLQAKMALRQSRLSLYPGDTIKASMLDITRDPLREIALETAMTQRKLRNFFGPEFVKMTIEPFISLDLPRSILTKKGKNEDNRRKVNIMLLNGQRLELTCDTKTICKDVFDMVVAHIGLVEHHLFALATLKDNEYFFVDPDLKLTKVAPEGWKEEPKKKTKATVNFTLFFRIKFFMDDVSLIQHTLTCHQYYLQLRKDILEERMHCDDETSLLLASLALQAEYGDYQPEVHGVSYFRMEHYLPARVMEKLDLSYIKEELPKLHNTYVGASEKETELEFLKVCQRLTEYGVHFHRVHPEKKSQTGILLGVCSKGVLVFEVHNGVRTLVLRFPWRETKKISFSKKKITLQNTSDGIKHGFQTDNSKICQYLLHLCSYQHKFQLQMRARQSNQDAQDIERASFRSLNLQAESVRGFNMGRAISTGSLASSTLNKLAVRPLSVQAEILKRLSCSELSLYQPLQNSSKEKNDKASWEEKPREMSKSYHDLSQASLYPHRKNVIVNMEPPPQTVAELVGKPSHQMSRSDAESLAGVTKLNNSKSVASLNRSPERRKHESDSSSIEDPGQAYVLGMTMHSSGNSSSQVPLKENDVLHKRWSIVSSPEREITLVNLKKDAKYGLGFQIIGGEKMGRLDLGIFISSVAPGGPADLDGCLKPGDRLISVNSVSLEGVSHHAAIEILQNAPEDVTLVISQPKEKISKVPSTPVHLTNEMKNYMKKSSYMQDSAIDSSSKDHHWSRGTLRHISENSFGPSGGLREGSLSSQDSRTESASLSQSQVNGFFASHLGDQTWQESQHGSPSPSVISKATEKETFTDSNQSKTKKPGISDVTDYSDRGDSDMDEATYSSSQDHQTPKQESSSSVNTSNKMNFKTFSSSPPKPGDIFEVELAKNDNSLGISVTGGVNTSVRHGGIYVKAVIPQGAAESDGRIHKGDRVLAVNGVSLEGATHKQAVETLRNTGQVVHLLLEKGQSPTSKEHVPVTPQCTLSDQNAQGQGPEKVKKTTQVKDYSFVTEENTFEVKLFKNSSGLGFSFSREDNLIPEQINASIVRVKKLFPGQPAAESGKIDVGDVILKVNGASLKGLSQQEVISALRGTAPEVFLLLCRPPPGVLPEIDTALLTPLQSPAQVLPNSSKDSSQPSCVEQSTSSDENEMSDKSKKQCKSPSRRDSYSDSSGSGEDDLVTAPANISNSTWSSALHQTLSNMVSQAQSHHEAPKSQEDTICTMFYYPQKIPNKPEFEDSNPSPLPPDMAPGQSYQPQSESASSSSMDKYHIHHISEPTRQENWTPLKNDLENHLEDFELEVELLITLIKSEKGSLGFTVTKGNQRIGCYVHDVIQDPAKSDGRLKPGDRLIKVNDTDVTNMTHTDAVNLLRAASKTVRLVIGRVLELPRIPMLPHLLPDITLTCNKEELGFSLCGGHDSLYQVVYISDINPRSVAAIEGNLQLLDVIHYVNGVSTQGMTLEEVNRALDMSLPSLVLKATRNDLPVVPSSKRSAVSAPKSTKGNGSYSVGSCSQPALTPNDSFSTVAGEEINEISYPKGKCSTYQIKGSPNLTLPKESYIQEDDIYDDSQEAEVIQSLLDVVDEEAQNLLNENNAAGYSCGPGTLKMNGKLSEERTEDTDCDGSPLPEYFTEATKMNGCEEYCEEKVKSESLIQKPQEKKTDDDEITWGNDELPIERTNHEDSDKDHSFLTNDELAVLPVVKVLPSGKYTGANLKSVIRVLRGLLDQGIPSKELENLQELKPLDQCLIGQTKENRRKNRYKNILPYDATRVPLGDEGGYINASFIKIPVGKEEFVYIACQGPLPTTVGDFWQMIWEQKSTVIAMMTQEVEGEKIKCQRYWPNILGKTTMVSNRLRLALVRMQQLKGFVVRAMTLEDIQTREVRHISHLNFTAWPDHDTPSQPDDLLTFISYMRHIHRSGPIITHCSAGIGRSGTLICIDVVLGLISQDLDFDISDLVRCMRLQRHGMVQTEDQYIFCYQVILYVLTRLQAEEEQKQQPQLLK
Q12974,PTP4A2,167,MNRPAPVEISYENMRFLITHNPTNATLNKFTEELKKYGVTTLVRVCDATYDKAPVEKEGIHVLDWPFDDGAPPPNQIVDDWLNLLKTKFREEPGCCVAVHCVAGLGRAPVLVALALIECGMKYEDAVQFIRQKRRGAFNSKQLLYLEKYRPKMRLRFRDTNGHCCVQ
Q13115,DUSP4,394,MVTMEELREMDCSVLKRLMNRDENGGGAGGSGSHGTLGLPSGGKCLLLDCRPFLAHSAGYILGSVNVRCNTIVRRRAKGSVSLEQILPAEEEVRARLRSGLYSAVIVYDERSPRAESLREDSTVSLVVQALRRNAERTDICLLKGGYERFSSEYPEFCSKTKALAAIPPPVPPSATEPLDLGCSSCGTPLHDQGGPVEILPFLYLGSAYHAARRDMLDALGITALLNVSSDCPNHFEGHYQYKCIPVEDNHKADISSWFMEAIEYIDAVKDCRGRVLVHCQAGISRSATICLAYLMMKKRVRLEEAFEFVKQRRSIISPNFSFMGQLLQFESQVLATSCAAEAASPSGPLRERGKTPATPTSQFVFSFPVSVGVHSAPSSLPYLHSPITTSPSC
Q13202,DUSP8,625,MAGDRLPRKVMDAKKLASLLRGGPGGPLVIDSRSFVEYNSWHVLSSVNICCSKLVKRRLQQGKVTIAELIQPAARSQVEATEPQDVVVYDQSTRDASVLAADSFLSILLSKLDGCFDSVAILTGGFATFSSCFPGLCEGKPAALLPMSLSQPCLPVPSVGLTRILPHLYLGSQKDVLNKDLMTQNGISYVLNASNSCPKPDFICESRFMRVPINDNYCEKLLPWLDKSIEFIDKAKLSSCQVIVHCLAGISRSATIAIAYIMKTMGMSSDDAYRFVKDRRPSISPNFNFLGQLLEYERSLKLLAALQGDPGTPSGTPEPPPSPAAGAPLPRLPPPTSESAATGNAAAREGGLSAGGEPPAPPTPPATSALQQGLRGLHLSSDRLQDTNRLKRSFSLDIKSAYAPSRRPDGPGPPDPGEAPKLCKLDSPSGAALGLSSPSPDSPDAAPEARPRPRRRPRPPAGSPARSPAHSLGLNFGDAARQTPRHGLSALSAPGLPGPGQPAGPGAWAPPLDSPGTPSPDGPWCFSPEGAQGAGGVLFAPFGRAGAPGPGGGSDLRRREAARAEPRDARTGWPEEPAPETQFKRRSCQMEFEEGMVEGRARGEELAALGKQASFSGSVEVIEVS
Q13332,PTPRS,1948,MAPTWGPGMVSVVGPMGLLVVLLVGGCAAEEPPRFIKEPKDQIGVSGGVASFVCQATGDPKPRVTWNKKGKKVNSQRFETIEFDESAGAVLRIQPLRTPRDENVYECVAQNSVGEITVHAKLTVLREDQLPSGFPNIDMGPQLKVVERTRTATMLCAASGNPDPEITWFKDFLPVDPSASNGRIKQLRSETFESTPIRGALQIESSEETDQGKYECVATNSAGVRYSSPANLYVRELREVRRVAPRFSILPMSHEIMPGGNVNITCVAVGSPMPYVKWMQGAEDLTPEDDMPVGRNVLELTDVKDSANYTCVAMSSLGVIEAVAQITVKSLPKAPGTPMVTENTATSITITWDSGNPDPVSYYVIEYKSKSQDGPYQIKEDITTTRYSIGGLSPNSEYEIWVSAVNSIGQGPPSESVVTRTGEQAPASAPRNVQARMLSATTMIVQWEEPVEPNGLIRGYRVYYTMEPEHPVGNWQKHNVDDSLLTTVGSLLEDETYTVRVLAFTSVGDGPLSDPIQVKTQQGVPGQPMNLRAEARSETSITLSWSPPRQESIIKYELLFREGDHGREVGRTFDPTTSYVVEDLKPNTEYAFRLAARSPQGLGAFTPVVRQRTLQSKPSAPPQDVKCVSVRSTAILVSWRPPPPETHNGALVGYSVRYRPLGSEDPEPKEVNGIPPTTTQILLEALEKWTQYRITTVAHTEVGPGPESSPVVVRTDEDVPSAPPRKVEAEALNATAIRVLWRSPAPGRQHGQIRGYQVHYVRMEGAEARGPPRIKDVMLADAQWETDDTAEYEMVITNLQPETAYSITVAAYTMKGDGARSKPKVVVTKGAVLGRPTLSVQQTPEGSLLARWEPPAGTAEDQVLGYRLQFGREDSTPLATLEFPPSEDRYTASGVHKGATYVFRLAARSRGGLGEEAAEVLSIPEDTPRGHPQILEAAGNASAGTVLLRWLPPVPAERNGAIVKYTVAVREAGALGPARETELPAAAEPGAENALTLQGLKPDTAYDLQVRAHTRRGPGPFSPPVRYRTFLRDQVSPKNFKVKMIMKTSVLLSWEFPDNYNSPTPYKIQYNGLTLDVDGRTTKKLITHLKPHTFYNFVLTNRGSSLGGLQQTVTAWTAFNLLNGKPSVAPKPDADGFIMVYLPDGQSPVPVQSYFIVMVPLRKSRGGQFLTPLGSPEDMDLEELIQDISRLQRRSLRHSRQLEVPRPYIAARFSVLPPTFHPGDQKQYGGFDNRGLEPGHRYVLFVLAVLQKSEPTFAASPFSDPFQLDNPDPQPIVDGEEGLIWVIGPVLAVVFIICIVIAILLYKNKPDSKRKDSEPRTKCLLNNADLAPHHPKDPVEMRRINFQTPDSGLRSPLREPGFHFESMLSHPPIPIADMAEHTERLKANDSLKLSQEYESIDPGQQFTWEHSNLEVNKPKNRYANVIAYDHSRVILQPIEGIMGSDYINANYVDGYRCQNAYIATQGPLPETFGDFWRMVWEQRSATIVMMTRLEEKSRIKCDQYWPNRGTETYGFIQVTLLDTIELATFCVRTFSLHKNGSSEKREVRQFQFTAWPDHGVPEYPTPFLAFLRRVKTCNPPDAGPIVVHCSAGVGRTGCFIVIDAMLERIKPEKTVDVYGHVTLMRSQRNYMVQTEDQYSFIHEALLEAVGCGNTEVPARSLYAYIQKLAQVEPGEHVTGMELEFKRLANSKAHTSRFISANLPCNKFKNRLVNIMPYESTRVCLQPIRGVEGSDYINASFIDGYRQQKAYIATQGPLAETTEDFWRMLWENNSTIVVMLTKLREMGREKCHQYWPAERSARYQYFVVDPMAEYNMPQYILREFKVTDARDGQSRTVRQFQFTDWPEQGVPKSGEGFIDFIGQVHKTKEQFGQDGPISVHCSAGVGRTGVFITLSIVLERMRYEGVVDIFQTVKMLRTQRPAMVQTEDEYQFCYQAALEYLGSFDHYAT
Q13496,MTM1,603,MASASTSKYNSHSLENESIKRTSRDGVNRDLTEAVPRLPGETLITDKEVIYICPFNGPIKGRVYITNYRLYLRSLETDSSLILDVPLGVISRIEKMGGATSRGENSYGLDITCKDMRNLRFALKQEGHSRRDMFEILTRYAFPLAHSLPLFAFLNEEKFNVDGWTVYNPVEEYRRQGLPNHHWRITFINKCYELCDTYPALLVVPYRASDDDLRRVATFRSRNRIPVLSWIHPENKTVIVRCSQPLVGMSGKRNKDDEKYLDVIRETNKQISKLTIYDARPSVNAVANKATGGGYESDDAYHNAELFFLDIHNIHVMRESLKKVKDIVYPNVEESHWLSSLESTHWLEHIKLVLTGAIQVADKVSSGKSSVLVHCSDGWDRTAQLTSLAMLMLDSFYRSIEGFEILVQKEWISFGHKFASRIGHGDKNHTDADRSPIFLQFIDCVWQMSKQFPTAFEFNEQFLIIILDHLYSCRFGTFLFNCESARERQKVTERTVSLWSLINSNKEKFKNPFYTKEINRVLYPVASMRHLELWVNYYIRWNPRIKQQQPNPVEQRYMELLALRDEYIKRLEELQLANSAKLSDPPTSPSSPSQMMPHVQTHF
Q13615,MTMR3,1198,MDEETRHSLECIQANQIFPRKQLIREDENLQVPFLELHGESTEFVGRAEDAIIALSNYRLHIKFKESLVNVPLQLIESVECRDIFQLHLTCKDCKVIRCQFSTFEQCQEWLKRLNNAIRPPAKIEDLFSFAYHAWCMEVYASEKEQHGDLCRPGEHVTSRFKNEVERMGFDMNNAWRISNINEKYKLCGSYPQELIVPAWITDKELESVSSFRSWKRIPAVIYRHQSNGAVIARCGQPEVSWWGWRNADDEHLVQSVAKACASDSRSSGSKLSTRNTSRDFPNGGDLSDVEFDSSLSNASGAESLAIQPQKLLILDARSYAAAVANRAKGGGCECPEYYPNCEVVFMGMANIHSIRRSFQSLRLLCTQMPDPGNWLSALESTKWLHHLSVLLKSALLVVHAVDQDQRPVLVHCSDGWDRTPQIVALAKLLLDPYYRTIEGFQVLVEMEWLDFGHKFADRCGHGENSDDLNERCPVFLQWLDCVHQLQRQFPCSFEFNEAFLVKLVQHTYSCLFGTFLCNNAKERGEKHTQERTCSVWSLLRAGNKAFKNLLYSSQSEAVLYPVCHVRNLMLWSAVYLPCPSPTTPVDDSCAPYPAPGTSPDDPPLSRLPKTRSYDNLTTACDNTVPLASRRCSDPSLNEKWQEHRRSLELSSLAGPGEDPLSADSLGKPTRVPGGAELSVAAGVAEGQMENILQEATKEESGVEEPAHRAGIEIQEGKEDPLLEKESRRKTPEASAIGLHQDPELGDAALRSHLDMSWPLFSQGISEQQSGLSVLLSSLQVPPRGEDSLEVPVEQFRIEEIAEGREEAVLPIPVDAKVGYGTSQSCSLLPSQVPFETRGPNVDSSTDMLVEDKVKSVSGPQGHHRSCLVNSGKDRLPQTMEPSPSETSLVERPQVGSVVHRTSLGSTLSLTRSPCALPLAECKEGLVCNGAPETENRASEQPPGLSTLQMYPTPNGHCANGEAGRSKDSLSRQLSAMSCSSAHLHSRNLHHKWLHSHSGRPSATSSPDQPSRSHLDDDGMSVYTDTIQQRLRQIESGHQQEVETLKKQVQELKSRLESQYLTSSLHFNGDFGDEVTSIPDSESNLDQNCLSRCSTEIFSEASWEQVDKQDTEMTRWLPDHLAAHCYACDSAFWLASRKHHCRNCGNVFCSSCCNQKVPVPSQQLFEPSRVCKSCYSSLHPTSSSIDLELDKPIAATSN
Q15256,PTPRR,657,MRRAVCFPALCLLLNLHAAGCFSGNNDHFLAINQKKSGKPVFIYKHSQDIEKSLDIAPQKIYRHSYHSSSEAQVSKRHQIVNSAFPRPAYDPSLNLLAMDGQDLEVENLPIPAANVIVVTLQMDVNKLNITLLRIFRQGVAAALGLLPQQVHINRLIGKKNSIELFVSPINRKTGISDALPSEEVLRSLNINVLHQSLSQFGITEVSPEKNVLQGQHEADKIWSKEGFYAVVIFLSIFVIIVTCLMILYRLKERFQLSLRQDKEKNQEIHLSPITLQPALSEAKTVHSMVQPEQAPKVLNVVVDPQGRGAPEIKATTATSVCPSPFKMKPIGLQERRGSNVSLTLDMSSLGNIEPFVSIPTPREKVAMEYLQSASRILTRSQLRDVVASSHLLQSEFMEIPMNFVDPKEIDIPRHGTKNRYKTILPNPLSRVCLRPKNVTDSLSTYINANYIRGYSGKEKAFIATQGPMINTVDDFWQMVWQEDSPVIVMITKLKEKNEKCVLYWPEKRGIYGKVEVLVISVNECDNYTIRNLVLKQGSHTQHVKHYWYTSWPDHKTPDSAQPLLQLMLDVEEDRLASQGRGPVVVHCSAGIGRTGCFIATSIGCQQLKEEGVVDALSIVCQLRMDRGGMVQTSEQYEFVHHALCLYESRLSAETVQ
Q15262,PTPRK,1439,MDTTAAAALPAFVALLLLSPWPLLGSAQGQFSAGGCTFDDGPGACDYHQDLYDDFEWVHVSAQEPHYLPPEMPQGSYMIVDSSDHDPGEKARLQLPTMKENDTHCIDFSYLLYSQKGLNPGTLNILVRVNKGPLANPIWNVTGFTGRDWLRAELAVSTFWPNEYQVIFEAEVSGGRSGYIAIDDIQVLSYPCDKSPHFLRLGDVEVNAGQNATFQCIATGRDAVHNKLWLQRRNGEDIPVAQTKNINHRRFAASFRLQEVTKTDQDLYRCVTQSERGSGVSNFAQLIVREPPRPIAPPQLLGVGPTYLLIQLNANSIIGDGPIILKEVEYRMTSGSWTETHAVNAPTYKLWHLDPDTEYEIRVLLTRPGEGGTGLPGPPLITRTKCAEPMRTPKTLKIAEIQARRIAVDWESLGYNITRCHTFNVTICYHYFRGHNESKADCLDMDPKAPQHVVNHLPPYTNVSLKMILTNPEGRKESEETIIQTDEDVPGPVPVKSLQGTSFENKIFLNWKEPLDPNGIITQYEISYSSIRSFDPAVPVAGPPQTVSNLWNSTHHVFMHLHPGTTYQFFIRASTVKGFGPATAINVTTNISAPTLPDYEGVDASLNETATTITVLLRPAQAKGAPISAYQIVVEELHPHRTKREAGAMECYQVPVTYQNAMSGGAPYYFAAELPPGNLPEPAPFTVGDNRTYQGFWNPPLAPRKGYNIYFQAMSSVEKETKTQCVRIATKAATEEPEVIPDPAKQTDRVVKIAGISAGILVFILLLLVVILIVKKSKLAKKRKDAMGNTRQEMTHMVNAMDRSYADQSTLHAEDPLSITFMDQHNFSPRYENHSATAESSRLLDVPRYLCEGTESPYQTGQLHPAIRVADLLQHINLMKTSDSYGFKEEYESFFEGQSASWDVAKKDQNRAKNRYGNIIAYDHSRVILQPVEDDPSSDYINANYIDGYQRPSHYIATQGPVHETVYDFWRMIWQEQSACIVMVTNLVEVGRVKCYKYWPDDTEVYGDFKVTCVEMEPLAEYVVRTFTLERRGYNEIREVKQFHFTGWPDHGVPYHATGLLSFIRRVKLSNPPSAGPIVVHCSAGAGRTGCYIVIDIMLDMAEREGVVDIYNCVKALRSRRINMVQTEEQYIFIHDAILEACLCGETAIPVCEFKAAYFDMIRIDSQTNSSHLKDEFQTLNSVTPRLQAEDCSIACLPRNHDKNRFMDMLPPDRCLPFLITIDGESSNYINAALMDSYRQPAAFIVTQYPLPNTVKDFWRLVYDYGCTSIVMLNEVDLSQGCPQYWPEEGMLRYGPIQVECMSCSMDCDVINRIFRICNLTRPQEGYLMVQQFQYLGWASHREVPGSKRSFLKLILQVEKWQEECEEGEGRTIIHCLNGGGRSGMFCAIGIVVEMVKRQNVVDVFHAVKTLRNSKPNMVEAPEQYRFCYDVALEYLESS
Q15678,PTPN14,1187,MPFGLKLRRTRRYNVLSKNCFVTRIRLLDSNVIECTLSVESTGQECLEAVAQRLELRETHYFGLWFLSKSQQARWVELEKPLKKHLDKFANEPLLFFGVMFYVPNVSWLQQEATRYQYYLQVKKDVLEGRLRCTLDQVIRLAGLAVQADFGDYNQFDSQDFLREYVLFPMDLALEEAVLEELTQKVAQEHKAHSGILPAEAELMYINEVERLDGFGQEIFPVKDNHGNCVHLGIFFMGIFVRNRIGRQAVIYRWNDMGNITHNKSTILVELINKEETALFHTDDIENAKYISRLFATRHKFYKQNKICTEQSNSPPPIRRQPTWSRSSLPRQQPYILPPVHVQCGEHYSETHTSQDSIFHGNEEALYCNSHNSLDLNYLNGTVTNGSVCSVHSVNSLNCSQSFIQASPVSSNLSIPGSDIMRADYIPSHRHSAIIVPSYRPTPDYETVMRQMKRGILHTDSQSQSLRNLNIINTHAYNQPEDLVYSQPEMRERHPYTVPYGPQGVYSNKLVSPSDQRNPKNNVVPSKPGASAISHTVSTPELANMQLQGSHNYSTAHMLKNYLFRPPPPYPRPRPATSTPDLASHRHKYVSGSSPDLVTRKVQLSVKTFQEDSSPVVHQSLQEVSEPLTATKHHGTVNKRHSLEVMNSMVRGMEAMTLKSLHLPMARRNTLREQGPPEEGSGSHEVPQLPQYHHKKTFSDATMLIHSSESEEEEEEAPESVPQIPMLREKMEYSAQLQAALARIPNKPPPEYPGPRKSVSNGALRQDQASLPPAMARARVLRHGPAKAISMSRTDPPAVNGASLGPSISEPDLTSVKERVKKEPVKERPVSEMFSLEDSIIEREMMIRNLEKQKMAGLEAQKRPLMLAALNGLSVARVSGREENRVDATRVPMDERFRTLKKKLEEGMVFTEYEQIPKKKANGIFSTAALPENAERSRIREVVPYEENRVELIPTKENNTGYINASHIKVVVGGAEWHYIATQGPLPHTCHDFWQMVWEQGVNVIAMVTAEEEGGRTKSHRYWPKLGSKHSSATYGKFKVTTKFRTDSVCYATTGLKVKHLLSGQERTVWHLQYTDWPDHGCPEDVQGFLSYLEEIQSVRRHTNSMLEGTKNRHPPIVVHCSAGVGRTGVLILSELMIYCLEHNEKVEVPMMLRLLREQRMFMIQTIAQYKFVYQVLIQFLQNSRLI
Q16667,CDKN3,212,MKPPSSIQTSEFDSSDEEPIEDEQTPIHISWLSLSRVNCSQFLGLCALPGCKFKDVRRNVQKDTEELKSCGIQDIFVFCTRGELSKYRVPNLLDLYQQCGIITHHHPIADGGTPDIASCCEIMEELTTCLKNYRKTLIHCYGGLGRSCLVAACLLLYLSDTISPEQAIDSLRDLRGSGAIQTIKQYNYLHEFRDKLAAHLSSRDSQSRSVSR
Q16690,DUSP5,384,MKVTSLDGRQLRKMLRKEAAARCVVLDCRPYLAFAASNVRGSLNVNLNSVVLRRARGGAVSARYVLPDEAARARLLQEGGGGVAAVVVLDQGSRHWQKLREESAARVVLTSLLACLPAGPRVYFLKGGYETFYSEYPECCVDVKPISQEKIESERALISQCGKPVVNVSYRPAYDQGGPVEILPFLYLGSAYHASKCEFLANLHITALLNVSRRTSEACATHLHYKWIPVEDSHTADISSHFQEAIDFIDCVREKGGKVLVHCEAGISRSPTICMAYLMKTKQFRLKEAFDYIKQRRSMVSPNFGFMGQLLQYESEILPSTPNPQPPSCQGEAAGSSLIGHLQTLSPDMQGAYCTFPASVLAPVPTHSTVSELSRSPVATATSC
Q16825,PTPN21,1174,MPLPFGLKLKRTRRYTVSSKSCLVARIQLLNNEFVEFTLSVESTGQESLEAVAQRLELREVTYFSLWYYNKQNQRRWVDLEKPLKKQLDKYALEPTVYFGVVFYVPSVSQLQQEITRYQYYLQLKKDILEGSIPCTLEQAIQLAGLAVQADFGDFDQYESQDFLQKFALFPVGWLQDEKVLEEATQKVALLHQKYRGLTAPDAEMLYMQEVERMDGYGEESYPAKDSQGSDISIGACLEGIFVKHKNGRHPVVFRWHDIANMSHNKSFFALELANKEETIQFQTEDMETAKYIWRLCVARHKFYRLNQCNLQTQTVTVNPIRRRSSSRMSLPKPQPYVMPPPPQLHYNGHYTEPYASSQDNLFVPNQNGYYCHSQTSLDRAQIDLNGRIRNGSVYSAHSTNSLNNPQPYLQPSPMSSNPSITGSDVMRPDYLPSHRHSAVIPPSYRPTPDYETVMKQLNRGLVHAERQSHSLRNLNIGSSYAYSRPAALVYSQPEIREHAQLPSPAAAHCPFSLSYSFHSPSPYPYPAERRPVVGAVSVPELTNAQLQAQDYPSPNIMRTQVYRPPPPYPPPRPANSTPDLSRHLYISSSNPDLITRRVHHSVQTFQEDSLPVAHSLQEVSEPLTAARHAQLHKRNSIEVAGLSHGLEGLRLKERTLSASAAEVAPRAVSVGSQPSVFTERTQREGPEEAEGLRYGHKKSLSDATMLIHSSEEEEDEDFEEESGARAPPARAREPRPGLAQDPPGCPRVLLAGPLHILEPKAHVPDAEKRMMDSSPVRTTAEAQRPWRDGLLMPSMSESDLTTSGRYRARRDSLKKRPVSDLLSGKKNIVEGLPPLGGMKKTRVDAKKIGPLKLAALNGLSLSRVPLPDEGKEVATRATNDERCKILEQRLEQGMVFTEYERILKKRLVDGECSTARLPENAERNRFQDVLPYDDVRVELVPTKENNTGYINASHIKVSVSGIEWDYIATQGPLQNTCQDFWQMVWEQGIAIIAMVTAEEEGGREKSFRYWPRLGSRHNTVTYGRFKITTRFRTDSGCYATTGLKMKHLLTGQERTVWHLQYTDWPEHGCPEDLKGFLSYLEEIQSVRRHTNSTSDPQSPNPPLLVHCSAGVGRTGVVILSEIMIACLEHNEVLDIPRVLDMLRQQRMMLVQTLCQYTFVYRVLIQFLKSSRLI
Q16827,PTPRO,1216,MGHLPTGIHGARRLLPLLWLFVLFKNATAFHVTVQDDNNIVVSLEASDVISPASVYVVKITGESKNYFFEFEEFNSTLPPPVIFKASYHGLYYIITLVVVNGNVVTKPSRSITVLTKPLPVTSVSIYDYKPSPETGVLFEIHYPEKYNVFTRVNISYWEGKDFRTMLYKDFFKGKTVFNHWLPGMCYSNITFQLVSEATFNKSTLVEYSGVSHEPKQHRTAPYPPQNISVRIVNLNKNNWEEQSGNFPEESFMRSQDTIGKEKLFHFTEETPEIPSGNISSGWPDFNSSDYETTSQPYWWDSASAAPESEDEFVSVLPMEYENNSTLSETEKSTSGSFSFFPVQMILTWLPPKPPTAFDGFHIHIEREENFTEYLMVDEEAHEFVAELKEPGKYKLSVTTFSSSGSCETRKSQSAKSLSFYISPSGEWIEELTEKPQHVSVHVLSSTTALMSWTSSQENYNSTIVSVVSLTCQKQKESQRLEKQYCTQVNSSKPIIENLVPGAQYQVVIYLRKGPLIGPPSDPVTFAIVPTGIKDLMLYPLGPTAVVLSWTRPYLGVFRKYVVEMFYFNPATMTSEWTTYYEIAATVSLTASVRIANLLPAWYYNFRVTMVTWGDPELSCCDSSTISFITAPVAPEITSVEYFNSLLYISWTYGDDTTDLSHSRMLHWMVVAEGKKKIKKSVTRNVMTAILSLPPGDIYNLSVTACTERGSNTSMLRLVKLEPAPPKSLFAVNKTQTSVTLLWVEEGVADFFEVFCQQVGSSQKTKLQEPVAVSSHVVTISSLLPATAYNCSVTSFSHDSPSVPTFIAVSTMVTEMNPNVVVISVLAILSTLLIGLLLVTLIILRKKHLQMARECGAGTFVNFASLERDGKLPYNWRRSIFAFLTLLPSCLWTDYLLAFYINPWSKNGLKKRKLTNPVQLDDFDAYIKDMAKDSDYKFSLQFEELKLIGLDIPHFAADLPLNRCKNRYTNILPYDFSRVRLVSMNEEEGADYINANYIPGYNSPQEYIATQGPLPETRNDFWKMVLQQKSQIIVMLTQCNEKRRVKCDHYWPFTEEPIAYGDITVEMISEEEQDDWACRHFRINYADEMQDVMHFNYTAWPDHGVPTANAAESILQFVHMVRQQATKSKGPMIIHCSAGVGRTGTFIALDRLLQHIRDHEFVDILGLVSEMRSYRMSMVQTEEQYIFIHQCVQLMWMKKKQQFCISDVIYENVSKS
Q16828,DUSP6,381,MIDTLRPVPFASEMAISKTVAWLNEQLELGNERLLLMDCRPQELYESSHIESAINVAIPGIMLRRLQKGNLPVRALFTRGEDRDRFTRRCGTDTVVLYDESSSDWNENTGGESVLGLLLKKLKDEGCRAFYLEGGFSKFQAEFSLHCETNLDGSCSSSSPPLPVLGLGGLRISSDSSSDIESDLDRDPNSATDSDGSPLSNSQPSFPVEILPFLYLGCAKDSTNLDVLEEFGIKYILNVTPNLPNLFENAGEFKYKQIPISDHWSQNLSQFFPEAISFIDEARGKNCGVLVHCLAGISRSVTVTVAYLMQKLNLSMNDAYDIVKMKKSNISPNFNFMGQLLDFERTLGLSSPCDNRVPAQQLYFTTPSNQNVYQVDSLQST
Q16829,DUSP7,419,MKNQLRGPPARAHMSTSGAAAAGGTRAGSEPGAGSGSGAGTGAGAATGAGAMPCKSAEWLQEELEARGGASLLLLDCRPHELFESSHIETAINLAIPGLMLRRLRKGNLPIRSIIPNHADKERFATRCKAATVLLYDEATAEWQPEPGAPASVLGLLLQKLRDDGCQAYYLQGGFNKFQTEYSEHCETNVDSSSSPSSSPPTSVLGLGGLRISSDCSDGESDRELPSSATESDGSPVPSSQPAFPVQILPYLYLGCAKDSTNLDVLGKYGIKYILNVTPNLPNAFEHGGEFTYKQIPISDHWSQNLSQFFPEAISFIDEARSKKCGVLVHCLAGISRSVTVTVAYLMQKMNLSLNDAYDFVKRKKSNISPNFNFMGQLLDFERTLGLSSPCDNHASSEQLYFSTPTNHNLFPLNTLEST
Q4G0W2,DUSP28,176,MGPAEAGRRGAASPVPPPLVRVAPSLFLGSARAAGAEEQLARAGVTLCVNVSRQQPGPRAPGVAELRVPVFDDPAEDLLAHLEPTCAAMEAAVRAGGACLVYCKNGRSRSAAVCTAYLMRHRGLSLAKAFQMVKSARPVAEPNPGFWSQLQKYEEALQAQSCLQGEPPALGLGPEA
Q4JDL3,PTPN20,420,MSSPRDFRAEPVNDYEGNDSEAEDLNFRETLPSSSQENTPRSKVFENKVNSEKVKLSLRNFPHNDYEDVFEEPSESGSDPSMWTARGPFRRDRWSSEDEEAAGPSQALSPLLSDTRKIVSEGELDQLAQIRPLIFNFHEQTAIKDCLKILEEKTAAYDIMQEFMALELKNLPGEFNSGNQPSNREKNRYRDILPYDSTRVPLGKSKDYINASYIRIVNCGEEYFYIATQGPLLSTIDDFWQMVLENNSNVIAMITREIEGGIIKCYHYWPISLKKPLELKHFRVFLENYQILQYFIIRMFQVVEKSTGTSHSVKQLQFTKWPDHGTPASADSFIKYIRYARKSHLTGPMVVHCSAGIGRTGVFLCVDVVFCAIVKNCSFNIMDIVAQMREQRSGMVQTKEQYHFCYDIVLEVLRKLLTLD
Q5SGD2,PPM1L,360,MIEDTMTLLSLLGRIMRYFLLRPETLFLLCISLALWSYFFHTDEVKTIVKSSRDAVKMVKGKVAEIMQNDRLGGLDVLEAEFSKTWEFKNHNVAVYSIQGRRDHMEDRFEVLTDLANKTHPSIFGIFDGHGGETAAEYVKSRLPEALKQHLQDYEKDKENSVLSYQTILEQQILSIDREMLEKLTVSYDEAGTTCLIALLSDKDLTVANVGDSRGVLCDKDGNAIPLSHDHKPYQLKERKRIKRAGGFISFNGSWRVQGILAMSRSLGDYPLKNLNVVIPDPDILTFDLDKLQPEFMILASDGLWDAFSNEEAVRFIKERLDEPHFGAKSIVLQSFYRGCPDNITVMVVKFRNSSKTEEQ
Q63HR2,TNS2,1409,MKSSGPVERLLRALGRRDSSRAASRPRKAEPHSFREKVFRKKPPVCAVCKVTIDGTGVSCRVCKVATHRKCEAKVTSACQALPPVELRRNTAPVRRIEHLGSTKSLNHSKQRSTLPRSFSLDPLMERRWDLDLTYVTERILAAAFPARPDEQRHRGHLRELAHVLQSKHRDKYLLFNLSEKRHDLTRLNPKVQDFGWPELHAPPLDKLCSICKAMETWLSADPQHVVVLYCKGNKGKLGVIVSAYMHYSKISAGADQALATLTMRKFCEDKVATELQPSQRRYISYFSGLLSGSIRMNSSPLFLHYVLIPMLPAFEPGTGFQPFLKIYQSMQLVYTSGVYHIAGPGPQQLCISLEPALLLKGDVMVTCYHKGGRGTDRTLVFRVQFHTCTIHGPQLTFPKDQLDEAWTDERFPFQASVEFVFSSSPEKIKGSTPRNDPSVSVDYNTTEPAVRWDSYENFNQHHEDSVDGSLTHTRGPLDGSPYAQVQRPPRQTPPAPSPEPPPPPMLSVSSDSGHSSTLTTEPAAESPGRPPPTAAERQELDRLLGGCGVASGGRGAGRETAILDDEEQPTVGGGPHLGVYPGHRPGLSRHCSCRQGYREPCGVPNGGYYRPEGTLERRRLAYGGYEGSPQGYAEASMEKRRLCRSLSEGLYPYPPEMGKPATGDFGYRAPGYREVVILEDPGLPALYPCPACEEKLALPTAALYGLRLEREAGEGWASEAGKPLLHPVRPGHPLPLLLPACGHHHAPMPDYSCLKPPKAGEEGHEGCSYTMCPEGRYGHPGYPALVTYSYGGAVPSYCPAYGRVPHSCGSPGEGRGYPSPGAHSPRAGSISPGSPPYPQSRKLSYEIPTEEGGDRYPLPGHLASAGPLASAESLEPVSWREGPSGHSTLPRSPRDAPCSASSELSGPSTPLHTSSPVQGKESTRRQDTRSPTSAPTQRLSPGEALPPVSQAGTGKAPELPSGSGPEPLAPSPVSPTFPPSSPSDWPQERSPGGHSDGASPRSPVPTTLPGLRHAPWQGPRGPPDSPDGSPLTPVPSQMPWLVASPEPPQSSPTPAFPLAASYDTNGLSQPPLPEKRHLPGPGQQPGPWGPEQASSPARGISHHVTFAPLLSDNVPQTPEPPTQESQSNVKFVQDTSKFWYKPHLSRDQAIALLKDKDPGAFLIRDSHSFQGAYGLALKVATPPPSAQPWKGDPVEQLVRHFLIETGPKGVKIKGCPSEPYFGSLSALVSQHSISPISLPCCLRIPSKDPLEETPEAPVPTNMSTAADLLRQGAACSVLYLTSVETESLTGPQAVARASSAALSCSPRPTPAVVHFKVSAQGITLTDNQRKLFFRRHYPVNSITFSSTDPQDRRWTNPDGTTSKIFGFVAKKPGSPWENVCHLFAELDPDQPAGAIVTFITKVLLGQRK
Q68CZ2,TNS3,1445,MEEGHGLDLTYITERIIAVSFPAGCSEESYLHNLQEVTRMLKSKHGDNYLVLNLSEKRYDLTKLNPKIMDVGWPELHAPPLDKMCTICKAQESWLNSNLQHVVVIHCRGGKGRIGVVISSYMHFTNVSASADQALDRFAMKKFYDDKVSALMQPSQKRYVQFLSGLLSGSVKMNASPLFLHFVILHGTPNFDTGGVCRPFLKLYQAMQPVYTSGIYNVGPENPSRICIVIEPAQLLKGDVMVKCYHKKYRSATRDVIFRLQFHTGAVQGYGLVFGKEDLDNASKDDRFPDYGKVELVFSATPEKIQGSEHLYNDHGVIVDYNTTDPLIRWDSYENLSADGEVLHTQGPVDGSLYAKVRKKSSSDPGIPGGPQAIPATNSPDHSDHTLSVSSDSGHSTASARTDKTEERLAPGTRRGLSAQEKAELDQLLSGFGLEDPGSSLKEMTDARSKYSGTRHVVPAQVHVNGDAALKDRETDILDDEMPHHDLHSVDSLGTLSSSEGPQSAHLGPFTCHKSSQNSLLSDGFGSNVGEDPQGTLVPDLGLGMDGPYERERTFGSREPKQPQPLLRKPSVSAQMQAYGQSSYSTQTWVRQQQMVVAHQYSFAPDGEARLVSRCPADNPGLVQAQPRVPLTPTRGTSSRVAVQRGVGSGPHPPDTQQPSPSKAFKPRFPGDQVVNGAGPELSTGPSPGSPTLDIDQSIEQLNRLILELDPTFEPIPTHMNALGSQANGSVSPDSVGGGLRASSRLPDTGEGPSRATGRQGSSAEQPLGGRLRKLSLGQYDNDAGGQLPFSKCAWGKAGVDYAPNLPPFPSPADVKETMTPGYPQDLDIIDGRILSSKESMCSTPAFPVSPETPYVKTALRHPPFSPPEPPLSSPASQHKGGREPRSCPETLTHAVGMSESPIGPKSTMLRADASSTPSFQQAFASSCTISSNGPGQRRESSSSAERQWVESSPKPMVSLLGSGRPTGSPLSAEFSGTRKDSPVLSCFPPSELQAPFHSHELSLAEPPDSLAPPSSQAFLGFGTAPVGSGLPPEEDLGALLANSHGASPTPSIPLTATGAADNGFLSHNFLTVAPGHSSHHSPGLQGQGVTLPGQPPLPEKKRASEGDRSLGSVSPSSSGFSSPHSGSTISIPFPNVLPDFSKASEAASPLPDSPGDKLVIVKFVQDTSKFWYKADISREQAIAMLKDKEPGSFIVRDSHSFRGAYGLAMKVATPPPSVLQLNKKAGDLANELVRHFLIECTPKGVRLKGCSNEPYFGSLTALVCQHSITPLALPCKLLIPERDPLEEIAESSPQTAANSAAELLKQGAACNVWYLNSVEMESLTGHQAIQKALSITLVQEPPPVSTVVHFKVSAQGITLTDNQRKLFFRRHYPVNSVIFCALDPQDRKWIKDGPSSKVFGFVARKQGSATDNVCHLFAEHDPEQPASAIVNFVSKVMIGSPKKV
Q68J44,DUSP29,220,MTSGEVKTSLKNAYSSAKRLSPKMEEEGEEEDYCTPGAFELERLFWKGSPQYTHVNEVWPKLYIGDEATALDRYRLQKAGFTHVLNAAHGRWNVDTGPDYYRDMDIQYHGVEADDLPTFDLSVFFYPAAAFIDRALSDDHSKILVHCVMGRSRSATLVLAYLMIHKDMTLVDAIQQVAKNRCVLPNRGFLKQLRELDKQLVQQRRRSQRQDGEEEDGREL
Q6B8I1,DUSP13A,188,MAETSLPELGGEDKATPCPSILELEELLRAGKSSCSRVDEVWPNLFIGDAATANNRFELWKLGITHVLNAAHKGLYCQGGPDFYGSSVSYLGVPAHDLPDFDISAYFSSAADFIHRALNTPGAKVLVHCVVGVSRSATLVLAYLMLHQRLSLRQAVITVRQHRWVFPNRGFLHQLCRLDQQLRGAGQS
Q6ZVD8,PHLPP2,1323,MKRNGSRNCLNRRSRFGSRERDWLREDVKRGCVYLYGADTTTATTTTTTSSSSSSSSSSSDLHLVLCTVETPASEICAGEGRESLYLQLHGDLVRRLEPTERPLQIVYDYLSRLGFDDPVRIQEEATNPDLGCMIRFYGEKPCHMDRLDRILLSGIYNVRKGKTQLHKWAERLVVLCGTCLIVSSVKDCQTGKMHILPLVGGKIEEVKRRQYSLAFSSAGAQAQTYHVSFETLAEYQRWQRQASKVVSQRISTVDLSCYSLEEVPEHLFYSQDITYLNLRHNFMQLERPGGLDTLYKFSQLKGLNLSHNKLGLFPILLCEISTLTELNLSCNGFHDLPSQIGNLLNLQTLCLDGNFLTTLPEELGNLQQLSSLGISFNNFSQIPEVYEKLTMLDRVVMAGNCLEVLNLGVLNRMNHIKHVDLRMNHLKTMVIENLEGNKHITHVDLRDNRLTDLDLSSLCSLEQLHCGRNQLRELTLSGFSLRTLYASSNRLTAVNVYPVPSLLTFLDLSRNLLECVPDWACEAKKIEVLDVSYNLLTEVPVRILSSLSLRKLMLGHNHVQNLPTLVEHIPLEVLDLQHNALTRLPDTLFSKALNLRYLNASANSLESLPSACTGEESLSMLQLLYLTNNLLTDQCIPVLVGHLHLRILHLANNQLQTFPASKLNKLEQLEELNLSGNKLKTIPTTIANCKRLHTLVAHSNNISIFPEILQLPQIQFVDLSCNDLTEILIPEALPATLQDLDLTGNTNLVLEHKTLDIFSHITTLKIDQKPLPTTDSTVTSTFWSHGLAEMAGQRNKLCVSALAMDSFAEGVGAVYGMFDGDRNEELPRLLQCTMADVLLEEVQQSTNDTVFMANTFLVSHRKLGMAGQKLGSSALLCYIRPDTADPASSFSLTVANVGTCQAVLCRGGKPVPLSKVFSLEQDPEEAQRVKDQKAIITEDNKVNGVTCCTRMLGCTYLYPWILPKPHISSTPLTIQDELLILGNKALWEHLSYTEAVNAVRHVQDPLAAAKKLCTLAQSYGCQDNVGAMVVYLNIGEEGCTCEMNGLTLPGPVGFASTTTIKDAPKPATPSSSSGIASEFSSEMSTSEVSSEVGSTASDEHNAGGLDTALLPRPERRCSLHPTPTSGLFQRQPSSATFSSNQSDNGLDSDDDQPVEGVITNGSKVEVEVDIHCCRGRDLENSPPLIESSPTLCSEEHARGSCFGIRRQNSVNSGMLLPMSKDRMELQKSPSTSCLYGKKLSNGSIVPLEDSLNLIEVATEVPKRKTGYFAAPTQMEPEDQFVVPHDLEEEVKEQMKQHQDSRLEPEPHEEDRTEPPEEFDTAL
Q76I76,SSH2,1423,MALVTVQRSPTPSTTSSPCASEADSGEEECRSQPRSISESFLTVKGAALFLPRGNGSSTPRISHRRNKHAGDLQQHLQAMFILLRPEDNIRLAVRLESTYQNRTRYMVVVSTNGRQDTEESIVLGMDFSSNDSSTCTMGLVLPLWSDTLIHLDGDGGFSVSTDNRVHIFKPVSVQAMWSALQSLHKACEVARAHNYYPGSLFLTWVSYYESHINSDQSSVNEWNAMQDVQSHRPDSPALFTDIPTERERTERLIKTKLREIMMQKDLENITSKEIRTELEMQMVCNLREFKEFIDNEMIVILGQMDSPTQIFEHVFLGSEWNASNLEDLQNRGVRYILNVTREIDNFFPGVFEYHNIRVYDEEATDLLAYWNDTYKFISKAKKHGSKCLVHCKMGVSRSASTVIAYAMKEYGWNLDRAYDYVKERRTVTKPNPSFMRQLEEYQGILLASKQRHNKLWRSHSDSDLSDHHEPICKPGLELNKKDITTSADQIAEVKTMESHPPIPPVFVEHMVPQDANQKGLCTKERMICLEFTSREFHAGQIEDELNLNDINGCSSGCCLNESKFPLDNCHASKALIQPGHVPEMANKFPDLTVEDLETDALKADMNVHLLPMEELTSPLKDPPMSPDPESPSPQPSCQTEISDFSTDRIDFFSALEKFVELSQETRSRSFSHSRMEELGGGRNESCRLSVVEVAPSKVTADDQRSSSLSNTPHASEESSMDEEQSKAISELVSPDIFMQSHSENAISVKEIVTEIESISQGVGQIQLKGDILPNPCHTPKKNSIHELLLERAQTPENKPGHMEQDEDSCTAQPELAKDSGMCNPEGCLTTHSSIADLEEGEPAEGEQELQGSGMHPGAKWYPGSVRRATLEFEERLRQEQEHHGAAPTCTSLSTRKNSKNDSSVADLAPKGKSDEAPPEHSFVLKEPEMSKGKGKYSGSEAGSLSHSEQNATVPAPRVLEFDHLPDPQEGPGSDTGTQQEGVLKDLRTVIPYQESETQAVPLPLPKRVEIIEYTHIVTSPNHTGPGSEIATSEKSGEQGLRKVNMEKSVTVLCTLDENLNRTLDPNQVSLHPQVLPLPHSSSPEHNRPTDHPTSILSSPEDRGSSLSTALETAAPFVSHTTHLLSASLDYLHPQTMVHLEGFTEQSSTTDEPSAEQVSWEESQESPLSSGSEVPYKDSQLSSADLSLISKLGDNTGELQEKMDPLPVACRLPHSSSSENIKSLSHSPGVVKERAKEIESRVVFQAGLTKPSQMRRSASLAKLGYLDLCKDCLPEREPASCESPHLKLLQPFLRTDSGMHAMEDQESLENPGAPHNPEPTKSFVEQLTTTECIVQSKPVERPLVQYAKEFGSSQQYLLPRAGLELTSSEGGLPVLQTQGLQCACPAPGLAVAPRQQHGRTHPLRRLKKANDKKRTTNPFYNTM
Q8IXW5,RPAP2,612,MADFAGPSSAGRKAGAPRCSRKAAGTKQTSTLKQEDASKRKAELEAAVRKKIEFERKALHIVEQLLEENITEEFLMECGRFITPAHYSDVVDERSIVKLCGYPLCQKKLGIVPKQKYKISTKTNKVYDITERKSFCSNFCYQASKFFEAQIPKTPVWVREEERHPDFQLLKEEQSGHSGEEVQLCSKAIKTSDIDNPSHFEKQYESSSSSTHSDSSSDNEQDFVSSILPGNRPNSTNIRPQLHQKSIMKKKAGHKANSKHKDKEQTVVDVTEQLGDCKLDSQEKDATCELPLQKVNTQSSSNSTLPERLKASENSESEYSRSEITLVGISKKSAEHFKRKFAKSNQVSRSVSSSVQVCPEVGKRNLLKVLKETLIEWKTEETLRFLYGQNYASVCLKPEASLVKEELDEDDIISDPDSHFPAWRESQNSLDESLPFRGSGTAIKPLPSYENLKKETEKLNLRIREFYRGRYVLGEETTKSQDSEEHDSTFPLIDSSSQNQIRKRIVLEKLSKVLPGLLVPLQITLGDIYTQLKNLVRTFRLTNRNIIHKPAEWTLIAMVLLSLLTPILGIQKHSQEGMVFTRFLDTLLEELHLKNEDLESLTIIFRTSCLPE
Q8N3J5,PPM1K,372,MSTAALITLVRSGGNQVRRRVLLSSRLLQDDRRVTPTCHSSTSEPRCSRFDPDGSGSPATWDNFGIWDNRIDEPILLPPSIKYGKPIPKISLENVGCASQIGKRKENEDRFDFAQLTDEVLYFAVYDGHGGPAAADFCHTHMEKCIMDLLPKEKNLETLLTLAFLEIDKAFSSHARLSADATLLTSGTTATVALLRDGIELVVASVGDSRAILCRKGKPMKLTIDHTPERKDEKERIKKCGGFVAWNSLGQPHVNGRLAMTRSIGDLDLKTSGVIAEPETKRIKLHHADDSFLVLTTDGINFMVNSQEICDFVNQCHDPNEAAHAVTEQAIQYGTEDNSTAVVVPFGAWGKYKNSEINFSFSRSFASSGRWA
Q8NEJ0,DUSP18,188,MTAPSCAFPVQFRQPSVSGLSQITKSLYISNGVAANNKLMLSSNQITMVINVSVEVVNTLYEDIQYMQVPVADSPNSRLCDFFDPIADHIHSVEMKQGRTLLHCAAGVSRSAALCLAYLMKYHAMSLLDAHTWTKSCRPIIRPNSGFWEQLIHYEFQLFGKNTVHMVSSPVGMIPDIYEKEVRLMIPL
Q8NI37,PPTC7,304,MFSVLSYGRLVARAVLGGLSQTDPRAGGGGGGDYGLVTAGCGFGKDFRKGLLKKGACYGDDACFVARHRSADVLGVADGVGGWRDYGVDPSQFSGTLMRTCERLVKEGRFVPSNPIGILTTSYCELLQNKVPLLGSSTACIVVLDRTSHRLHTANLGDSGFLVVRGGEVVHRSDEQQHYFNTPFQLSIAPPEAEGVVLSDSPDAADSTSFDVQLGDIILTATDGLFDNMPDYMILQELKKLKNSNYESIQQTARSIAEQAHELAYDPNYMSPFAQFACDNGLNVRGGKPDDITVLLSIVAEYTD
Q8TE77,SSH3,659,MALVTVSRSPPGSGASTPVGPWDQAVQRRSRLQRRQSFAVLRGAVLGLQDGGDNDDAAEASSEPTEKAPSEEELHGDQTDFGQGSQSPQKQEEQRQHLHLMVQLLRPQDDIRLAAQLEAPRPPRLRYLLVVSTREGEGLSQDETVLLGVDFPDSSSPSCTLGLVLPLWSDTQVYLDGDGGFSVTSGGQSRIFKPISIQTMWATLQVLHQACEAALGSGLVPGGSALTWASHYQERLNSEQSCLNEWTAMADLESLRPPSAEPGGSSEQEQMEQAIRAELWKVLDVSDLESVTSKEIRQALELRLGLPLQQYRDFIDNQMLLLVAQRDRASRIFPHLYLGSEWNAANLEELQRNRVTHILNMAREIDNFYPERFTYHNVRLWDEESAQLLPHWKETHRFIEAARAQGTHVLVHCKMGVSRSAATVLAYAMKQYECSLEQALRHVQELRPIARPNPGFLRQLQIYQGILTASRQSHVWEQKVGGVSPEEHPAPEVSTPFPPLPPEPEGGGEEKVVGMEESQAAPKEEPGPRPRINLRGVMRSISLLEPSLELESTSETSDMPEVFSSHESSHEEPLQPFPQLARTKGGQQVDRGPQPALKSRQSVVTLQGSAVVANRTQAFQEQEQGQGQGQGEPCISSTPRFRKVVRQASVHDSGEEGEA
Q8TF42,UBASH3B,649,MAQYGHPSPLGMAAREELYSKVTPRRNRQQRPGTIKHGSALDVLLSMGFPRARAQKALASTGGRSVQAACDWLFSHVGDPFLDDPLPREYVLYLRPTGPLAQKLSDFWQQSKQICGKNKAHNIFPHITLCQFFMCEDSKVDALGEALQTTVSRWKCKFSAPLPLELYTSSNFIGLFVKEDSAEVLKKFAADFAAEAASKTEVHVEPHKKQLHVTLAYHFQASHLPTLEKLAQNIDVKLGCDWVATIFSRDIRFANHETLQVIYPYTPQNDDELELVPGDFIFMSPMEQTSTSEGWIYGTSLTTGCSGLLPENYITKADECSTWIFHGSYSILNTSSSNSLTFGDGVLERRPYEDQGLGETTPLTIICQPMQPLRVNSQPGPQKRCLFVCRHGERMDVVFGKYWLSQCFDAKGRYIRTNLNMPHSLPQRSGGFRDYEKDAPITVFGCMQARLVGEALLESNTIIDHVYCSPSLRCVQTAHNILKGLQQENHLKIRVEPGLFEWTKWVAGSTLPAWIPPSELAAANLSVDTTYRPHIPISKLVVSESYDTYISRSFQVTKEIISECKSKGNNILIVAHASSLEACTCQLQGLSPQNSKDFVQMVRKIPYLGFCSCEELGETGIWQLTDPPILPLTHGPTGGFNWRETLLQE
Q8WTR2,DUSP19,217,MYSLNQEIKAFSRNNLRKQCTRVTTLTGKKIIETWKDARIHVVEEVEPSSGGGCGYVQDLSSDLQVGVIKPWLLLGSQDAAHDLDTLKKNKVTHILNVAYGVENAFLSDFTYKSISILDLPETNILSYFPECFEFIEEAKRKDGVVLVHCNAGVSRAAAIVIGFLMNSEQTSFTSAFSLVKNARPSICPNSGFMEQLRTYQEGKESNKCDRIQENSS
Q8WUK0,PTPMT1,201,MAATALLEAGLARVLFYPTLLYTLFRGKVPGRAHRDWYHRIDPTVLLGALPLRSLTRQLVQDENVRGVITMNEEYETRFLCNSSQEWKRLGVEQLRLSTVDMTGIPTLDNLQKGVQFALKYQSLGQCVYVHCKAGRSRSATMVAAYLIQVHKWSPEEAVRAIAKIRSYIHIRPGQLDVLKEFHKQITARATKDGTFVISKT
Q8WVY7,UBLCP1,318,MALPIIVKWGGQEYSVTTLSEDDTVLDLKQFLKTLTGVLPERQKLLGLKVKGKPAENDVKLGALKLKPNTKIMMMGTREESLEDVLGPPPDNDDVVNDFDIEDEVVEVENREENLLKISRRVKEYKVEILNPPREGKKLLVLDVDYTLFDHRSCAETGVELMRPYLHEFLTSAYEDYDIVIWSATNMKWIEAKMKELGVSTNANYKITFMLDSAAMITVHTPRRGLIDVKPLGVIWGKFSEFYSKKNTIMFDDIGRNFLMNPQNGLKIRPFMKAHLNRDKDKELLKLTQYLKEIAKLDDFLDLNHKYWERYLSKKQGQ
Q8WY54,PPM1E,755,MAGCIPEEKTYRRFLELFLGEFRGPCGGGEPEPEPEPEPEPEPESEPEPEPELVEAEAAEASVEEPGEEAATVAATEEGDQEQDPEPEEEAAVEGEEEEEGAATAAAAPGHSAVPPPPPQLPPLPPLPRPLSERITREEVEGESLDLCLQQLYKYNCPSFLAAALARATSDEVLQSDLSAHYIPKETDGTEGTVEIETVKLARSVFSKLHEICCSWVKDFPLRRRPQLYYETSIHAIKNMRRKMEDKHVCIPDFNMLFNLEDQEEQAYFAVFDGHGGVDAAIYASIHLHVNLVRQEMFPHDPAEALCRAFRVTDERFVQKAARESLRCGTTGVVTFIRGNMLHVAWVGDSQVMLVRKGQAVELMKPHKPDREDEKQRIEALGGCVVWFGAWRVNGSLSVSRAIGDAEHKPYICGDADSASTVLDGTEDYLILACDGFYDTVNPDEAVKVVSDHLKENNGDSSMVAHKLVASARDAGSSDNITVIVVFLRDMNKAVNVSEESDWTENSFQGGQEDGGDDKENHGECKRPWPQHQCSAPADLGYDGRVDSFTDRTSLSPGSQINVLEDPGYLDLTQIEASKPHSAQFLLPVEMFGPGAPKKANLINELMMEKKSVQSSLPEWSGAGEFPTAFNLGSTGEQIYRMQSLSPVCSGLENEQFKSPGNRVSRLSHLRHHYSKKWHRFRFNPKFYSFLSAQEPSHKIGTSLSSLTGSGKRNRIRSSLPWRQNSWKGYSENMRKLRKTHDIPCPDLPWSYKIE
Q8WYL5,SSH1,1049,MALVTLQRSPTPSAASSSASNSELEAGSEEDRKLNLSLSESFFMVKGAALFLQQGSSPQGQRSLQHPHKHAGDLPQHLQVMINLLRCEDRIKLAVRLESAWADRVRYMVVVYSSGRQDTEENILLGVDFSSKESKSCTIGMVLRLWSDTKIHLDGDGGFSVSTAGRMHIFKPVSVQAMWSALQVLHKACEVARRHNYFPGGVALIWATYYESCISSEQSCINEWNAMQDLESTRPDSPALFVDKPTEGERTERLIKAKLRSIMMSQDLENVTSKEIRNELEKQMNCNLKELKEFIDNEMLLILGQMDKPSLIFDHLYLGSEWNASNLEELQGSGVDYILNVTREIDNFFPGLFAYHNIRVYDEETTDLLAHWNEAYHFINKAKRNHSKCLVHCKMGVSRSASTVIAYAMKEFGWPLEKAYNYVKQKRSITRPNAGFMRQLSEYEGILDASKQRHNKLWRQQTDSSLQQPVDDPAGPGDFLPETPDGTPESQLPFLDDAAQPGLGPPLPCCFRRLSDPLLPSPEDETGSLVHLEDPEREALLEEAAPPAEVHRPARQPQQGSGLCEKDVKKKLEFGSPKGRSGSLLQVEETEREEGLGAGRWGQLPTQLDQNLLNSENLNNNSKRSCPNGMEDDAIFGILNKVKPSYKSCADCMYPTASGAPEASRERCEDPNAPAICTQPAFLPHITSSPVAHLASRSRVPEKPASGPTEPPPFLPPAGSRRADTSGPGAGAALEPPASLLEPSRETPKVLPKSLLLKNSHCDKNPPSTEVVIKEESSPKKDMKPAKDLRLLFSNESEKPTTNSYLMQHQESIIQLQKAGLVRKHTKELERLKSVPADPAPPSRDGPASRLEASIPEESQDPAALHELGPLVMPSQAGSDEKSEAAPASLEGGSLKSPPPFFYRLDHTSSFSKDFLKTICYTPTSSSMSSNLTRSSSSDSIHSVRGKPGLVKQRTQEIETRLRLAGLTVSSPLKRSHSLAKLGSLTFSTEDLSSEADPSTVADSQDTTLSESSFLHEPQGTPRDPAATSKPSGKPAPENLKSPSWMSKS
Q92729,PTPRU,1446,MARAQALVLALTFQLCAPETETPAAGCTFEEASDPAVPCEYSQAQYDDFQWEQVRIHPGTRAPADLPHGSYLMVNTSQHAPGQRAHVIFQSLSENDTHCVQFSYFLYSRDGHSPGTLGVYVRVNGGPLGSAVWNMTGSHGRQWHQAELAVSTFWPNEYQVLFEALISPDRRGYMGLDDILLLSYPCAKAPHFSRLGDVEVNAGQNASFQCMAAGRAAEAERFLLQRQSGALVPAAGVRHISHRRFLATFPLAAVSRAEQDLYRCVSQAPRGAGVSNFAELIVKEPPTPIAPPQLLRAGPTYLIIQLNTNSIIGDGPIVRKEIEYRMARGPWAEVHAVSLQTYKLWHLDPDTEYEISVLLTRPGDGGTGRPGPPLISRTKCAEPMRAPKGLAFAEIQARQLTLQWEPLGYNVTRCHTYTVSLCYHYTLGSSHNQTIRECVKTEQGVSRYTIKNLLPYRNVHVRLVLTNPEGRKEGKEVTFQTDEDVPSGIAAESLTFTPLEDMIFLKWEEPQEPNGLITQYEISYQSIESSDPAVNVPGPRRTISKLRNETYHVFSNLHPGTTYLFSVRARTGKGFGQAALTEITTNISAPSFDYADMPSPLGESENTITVLLRPAQGRGAPISVYQVIVEEERARRLRREPGGQDCFPVPLTFEAALARGLVHYFGAELAASSLPEAMPFTVGDNQTYRGFWNPPLEPRKAYLIYFQAASHLKGETRLNCIRIARKAACKESKRPLEVSQRSEEMGLILGICAGGLAVLILLLGAIIVIIRKGRDHYAYSYYPKPVNMTKATVNYRQEKTHMMSAVDRSFTDQSTLQEDERLGLSFMDTHGYSTRGDQRSGGVTEASSLLGGSPRRPCGRKGSPYHTGQLHPAVRVADLLQHINQMKTAEGYGFKQEYESFFEGWDATKKKDKVKGSRQEPMPAYDRHRVKLHPMLGDPNADYINANYIDGYHRSNHFIATQGPKPEMVYDFWRMVWQEHCSSIVMITKLVEVGRVKCSRYWPEDSDTYGDIKIMLVKTETLAEYVVRTFALERRGYSARHEVRQFHFTAWPEHGVPYHATGLLAFIRRVKASTPPDAGPIVIHCSAGTGRTGCYIVLDVMLDMAECEGVVDIYNCVKTLCSRRVNMIQTEEQYIFIHDAILEACLCGETTIPVSEFKATYKEMIRIDPQSNSSQLREEFQTLNSVTPPLDVEECSIALLPRNRDKNRSMDVLPPDRCLPFLISTDGDSNNYINAALTDSYTRSAAFIVTLHPLQSTTPDFWRLVYDYGCTSIVMLNQLNQSNSAWPCLQYWPEPGRQQYGLMEVEFMSGTADEDLVARVFRVQNISRLQEGHLLVRHFQFLRWSAYRDTPDSKKAFLHLLAEVDKWQAESGDGRTIVHCLNGGGRSGTFCACATVLEMIRCHNLVDVFFAAKTLRNYKPNMVETMDQYHFCYDVALEYLEGLESR
Q92932,PTPRN2,1015,MGPPLPLLLLLLLLLPPRVLPAAPSSVPRGRQLPGRLGCLLEEGLCGASEACVNDGVFGRCQKVPAMDFYRYEVSPVALQRLRVALQKLSGTGFTWQDDYTQYVMDQELADLPKTYLRRPEASSPARPSKHSVGSERRYSREGGAALANALRRHLPFLEALSQAPASDVLARTHTAQDRPPAEGDDRFSESILTYVAHTSALTYPPGSRTQLREDLLPRTLGQLQPDELSPKVDSGVDRHHLMAALSAYAAQRPPAPPGEGSLEPQYLLRAPSRMPRPLLAPAAPQKWPSPLGDSEDPSSTGDGARIHTLLKDLQRQPAEVRGLSGLELDGMAELMAGLMQGVDHGVARGSPGRAALGESGEQADGPKATLRGDSFPDDGVQDDDDRLYQEVHRLSATLGGLLQDHGSRLLPGALPFARPLDMERKKSEHPESSLSSEEETAGVENVKSQTYSKDLLGQQPHSEPGAAAFGELQNQMPGPSKEEQSLPAGAQEALSDGLQLEVQPSEEEARGYIVTDRDPLRPEEGRRLVEDVARLLQVPSSAFADVEVLGPAVTFKVSANVQNVTTEDVEKATVDNKDKLEETSGLKILQTGVGSKSKLKFLPPQAEQEDSTKFIALTLVSLACILGVLLASGLIYCLRHSSQHRLKEKLSGLGGDPGADATAAYQELCRQRMATRPPDRPEGPHTSRISSVSSQFSDGPIPSPSARSSASSWSEEPVQSNMDISTGHMILSYMEDHLKNKNRLEKEWEALCAYQAEPNSSFVAQREENVPKNRSLAVLTYDHSRVLLKAENSHSHSDYINASPIMDHDPRNPAYIATQGPLPATVADFWQMVWESGCVVIVMLTPLAENGVRQCYHYWPDEGSNLYHIYEVNLVSEHIWCEDFLVRSFYLKNLQTNETRTVTQFHFLSWYDRGVPSSSRSLLDFRRKVNKCYRGRSCPIIVHCSDGAGRSGTYVLIDMVLNKMAKGAKEIDIAATLEHLRDQRPGMVQTKEQFEFALTAVAEEVNAILKALPQ
Q93096,PTP4A1,173,MARMNRPAPVEVTYKNMRFLITHNPTNATLNKFIEELKKYGVTTIVRVCEATYDTTLVEKEGIHVLDWPFDDGAPPSNQIVDDWLSLVKIKFREEPGCCIAVHCVAGLGRAPVLVALALIEGGMKYEDAVQFIRQKRRGAFNSKQLLYLEKYRPKMRLRFKDSNGHRNNCCIQ
Q99502,EYA1,592,MEMQDLTSPHSRLSGSSESPSGPKLGNSHINSNSMTPNGTEVKTEPMSSSETASTTADGSLNNFSGSAIGSSSFSPRPTHQFSPPQIYPSNRPYPHILPTPSSQTMAAYGQTQFTTGMQQATAYATYPQPGQPYGISSYGALWAGIKTEGGLSQSQSPGQTGFLSYGTSFSTPQPGQAPYSYQMQGSSFTTSSGIYTGNNSLTNSSGFNSSQQDYPSYPSFGQGQYAQYYNSSPYPAHYMTSSNTSPTTPSTNATYQLQEPPSGITSQAVTDPTAEYSTIHSPSTPIKDSDSDRLRRGSDGKSRGRGRRNNNPSPPPDSDLERVFIWDLDETIIVFHSLLTGSYANRYGRDPPTSVSLGLRMEEMIFNLADTHLFFNDLEECDQVHIDDVSSDDNGQDLSTYNFGTDGFPAAATSANLCLATGVRGGVDWMRKLAFRYRRVKEIYNTYKNNVGGLLGPAKREAWLQLRAEIEALTDSWLTLALKALSLIHSRTNCVNILVTTTQLIPALAKVLLYGLGIVFPIENIYSATKIGKESCFERIIQRFGRKVVYVVIGDGVEEEQGAKKHAMPFWRISSHSDLMALHHALELEYL
Q99504,EYA3,573,MEEEQDLPEQPVKKAKMQESGEQTISQVSNPDVSDQKPETSSLASNLPMSEEIMTCTDYIPRSSNDYTSQMYSAKPYAHILSVPVSETAYPGQTQYQTLQQTQPYAVYPQATQTYGLPPFGALWPGMKPESGLIQTPSPSQHSVLTCTTGLTTSQPSPAHYSYPIQASSTNASLISTSSTIANIPAAAVASISNQDYPTYTILGQNQYQACYPSSSFGVTGQTNSDAESTTLAATTYQSEKPSVMAPAPAAQRLSSGDPSTSPSLSQTTPSKDTDDQSRKNMTSKNRGKRKADATSSQDSELERVFLWDLDETIIIFHSLLTGSYAQKYGKDPTVVIGSGLTMEEMIFEVADTHLFFNDLEECDQVHVEDVASDDNGQDLSNYSFSTDGFSGSGGSGSHGSSVGVQGGVDWMRKLAFRYRKVREIYDKHKSNVGGLLSPQRKEALQRLRAEIEVLTDSWLGTALKSLLLIQSRKNCVNVLITTTQLVPALAKVLLYGLGEIFPIENIYSATKIGKESCFERIVSRFGKKVTYVVIGDGRDEEIAAKQHNMPFWRITNHGDLVSLHQALELDFL
Q99952,PTPN18,460,MSRSLDSARSFLERLEARGGREGAVLAGEFSDIQACSAAWKADGVCSTVAGSRPENVRKNRYKDVLPYDQTRVILSLLQEEGHSDYINGNFIRGVDGSLAYIATQGPLPHTLLDFWRLVWEFGVKVILMACREIENGRKRCERYWAQEQEPLQTGLFCITLIKEKWLNEDIMLRTLKVTFQKESRSVYQLQYMSWPDRGVPSSPDHMLAMVEEARRLQGSGPEPLCVHCSAGCGRTGVLCTVDYVRQLLLTQMIPPDFSLFDVVLKMRKQRPAAVQTEEQYRFLYHTVAQMFCSTLQNASPHYQNIKENCAPLYDDALFLRTPQALLAIPRPPGGVLRSISVPGSPGHAMADTYAVVQKRGAPAGAGSGTQTGTGTGTGARSAEEAPLYSKVTPRAQRPGAHAEDARGTLPGRVPADQSPAGSGAYEDVAGGAQTGGLGFNLRIGRPKGPRDPPAEWTRV
Q99956,DUSP9,384,MEGLGRSCLWLRRELSPPRPRLLLLDCRSRELYESARIGGALSVALPALLLRRLRRGSLSVRALLPGPPLQPPPPAPVLLYDQGGGRRRRGEAEAEAEEWEAESVLGTLLQKLREEGYLAYYLQGGFSRFQAECPHLCETSLAGRAGSSMAPVPGPVPVVGLGSLCLGSDCSDAESEADRDSMSCGLDSEGATPPPVGLRASFPVQILPNLYLGSARDSANLESLAKLGIRYILNVTPNLPNFFEKNGDFHYKQIPISDHWSQNLSRFFPEAIEFIDEALSQNCGVLVHCLAGVSRSVTVTVAYLMQKLHLSLNDAYDLVKRKKSNISPNFNFMGQLLDFERSLRLEERHSQEQGSGGQASAASNPPSFFTTPTSDGAFELAPT
Q9BV47,DUSP26,211,MCPGNWLWASMTFMARFSRSSSRSPVRTRGTLEEMPTVQHPFLNVFELERLLYTGKTACNHADEVWPGLYLGDQDMANNRRELRRLGITHVLNASHSRWRGTPEAYEGLGIRYLGVEAHDSPAFDMSIHFQTAADFIHRALSQPGGKILVHCAVGVSRSATLVLAYLMLYHHLTLVEAIKKVKDHRGIIPNRGFLRQLLALDRRLRQGLEA
Q9BVJ7,DUSP23,150,MGVQPPNFSWVLPGRLAGLALPRLPAHYQFLLDLGVRHLVSLTERGPPHSDSCPGLTLHRLRIPDFCPPAPDQIDRFVQIVDEANARGEAVGVHCALGFGRTGTMLACYLVKERGLAAGDAIAEIRRLRPGSIETYEQEKAVFQFYQRTK
Q9BY84,DUSP16,665,MAHEMIGTQIVTERLVALLESGTEKVLLIDSRPFVEYNTSHILEAININCSKLMKRRLQQDKVLITELIQHSAKHKVDIDCSQKVVVYDQSSQDVASLSSDCFLTVLLGKLEKSFNSVHLLAGGFAEFSRCFPGLCEGKSTLVPTCISQPCLPVANIGPTRILPNLYLGCQRDVLNKELMQQNGIGYVLNASNTCPKPDFIPESHFLRVPVNDSFCEKILPWLDKSVDFIEKAKASNGCVLVHCLAGISRSATIAIAYIMKRMDMSLDEAYRFVKEKRPTISPNFNFLGQLLDYEKKIKNQTGASGPKSKLKLLHLEKPNEPVPAVSEGGQKSETPLSPPCADSATSEAAGQRPVHPASVPSVPSVQPSLLEDSPLVQALSGLHLSADRLEDSNKLKRSFSLDIKSVSYSASMAASLHGFSSSEDALEYYKPSTTLDGTNKLCQFSPVQELSEQTPETSPDKEEASIPKKLQTARPSDSQSKRLHSVRTSSSGTAQRSLLSPLHRSGSVEDNYHTSFLFGLSTSQQHLTKSAGLGLKGWHSDILAPQTSTPSLTSSWYFATESSHFYSASAIYGGSASYSAYSCSQLPTCGDQVYSVRRRQKPSDRADSRRSWHEESPFEKQFKRRSCQMEFGESIMSENRSREELGKVGSQSSFSGSMEIIEVS
Q9GZU7,CTDSP1,261,MDSSAVITQISKEEARGPLRGKGDQKSAASQKPRSRGILHSLFCCVCRDDGEALPAHSGAPLLVEENGAIPKQTPVQYLLPEAKAQDSDKICVVIDLDETLVHSSFKPVNNADFIIPVEIDGVVHQVYVLKRPHVDEFLQRMGELFECVLFTASLAKYADPVADLLDKWGAFRARLFRESCVFHRGNYVKDLSRLGRDLRRVLILDNSPASYVFHPDNAVPVASWFDNMSDTELHDLLPFFEQLSRVDDVYSVLRQPRPGS
Q9H0C8,ILKAP,392,MDLFGDLPEPERSPRPAAGKEAQKGPLLFDDLPPASSTDSGSGGPLLFDDLPPASSGDSGSLATSISQMVKTEGKGAKRKTSEEEKNGSEELVEKKVCKASSVIFGLKGYVAERKGEREEMQDAHVILNDITEECRPPSSLITRVSYFAVFDGHGGIRASKFAAQNLHQNLIRKFPKGDVISVEKTVKRCLLDTFKHTDEEFLKQASSQKPAWKDGSTATCVLAVDNILYIANLGDSRAILCRYNEESQKHAALSLSKEHNPTQYEERMRIQKAGGNVRDGRVLGVLEVSRSIGDGQYKRCGVTSVPDIRRCQLTPNDRFILLACDGLFKVFTPEEAVNFILSCLEDEKIQTREGKSAADARYEAACNRLANKAVQRGSADNVTVMVVRIGH
Q9H1R2,DUSP15,295,MTEGVLPGLYLGNFIDAKDLDQLGRNKITHIISIHESPQPLLQDITYLRIPVADTPEVPIKKHFKECINFIHCCRLNGGNCLVHCFAGISRSTTIVTAYVMTVTGLGWRDVLEAIKATRPIANPNPGFRQQLEEFGWASSQKGARHRTSKTSGAQCPPMTSATCLLAARVALLSAALVREATGRTAQRCRLSPRAAAERLLGPPPHVAAGWSPDPKYQICLCFGEEDPGPTQHPKEQLIMADVQVQLRPGSSSCTLSASTERPDGSSTPGNPDGITHLQCSCLHPKRAASSSCTR
Q9H3S7,PTPN23,1636,MEAVPRMPMIWLDLKEAGDFHFQPAVKKFVLKNYGENPEAYNEELKKLELLRQNAVRVPRDFEGCSVLRKYLGQLHYLQSRVPMGSGQEAAVPVTWTEIFSGKSVAHEDIKYEQACILYNLGALHSMLGAMDKRVSEEGMKVSCTHFQCAAGAFAYLREHFPQAYSVDMSRQILTLNVNLMLGQAQECLLEKSMLDNRKSFLVARISAQVVDYYKEACRALENPDTASLLGRIQKDWKKLVQMKIYYFAAVAHLHMGKQAEEQQKFGERVAYFQSALDKLNEAIKLAKGQPDTVQDALRFTMDVIGGKYNSAKKDNDFIYHEAVPALDTLQPVKGAPLVKPLPVNPTDPAVTGPDIFAKLVPMAAHEASSLYSEEKAKLLREMMAKIEDKNEVLDQFMDSMQLDPETVDNLDAYSHIPPQLMEKCAALSVRPDTVRNLVQSMQVLSGVFTDVEASLKDIRDLLEEDELLEQKFQEAVGQAGAISITSKAELAEVRREWAKYMEVHEKASFTNSELHRAMNLHVGNLRLLSGPLDQVRAALPTPALSPEDKAVLQNLKRILAKVQEMRDQRVSLEQQLRELIQKDDITASLVTTDHSEMKKLFEEQLKKYDQLKVYLEQNLAAQDRVLCALTEANVQYAAVRRVLSDLDQKWNSTLQTLVASYEAYEDLMKKSQEGRDFYADLESKVAALLERTQSTCQAREAARQQLLDRELKKKPPPRPTAPKPLLPRREESEAVEAGDPPEELRSLPPDMVAGPRLPDTFLGSATPLHFPPSPFPSSTGPGPHYLSGPLPPGTYSGPTQLIQPRAPGPHAMPVAPGPALYPAPAYTPELGLVPRSSPQHGVVSSPYVGVGPAPPVAGLPSAPPPQFSGPELAMAVRPATTTVDSIQAPIPSHTAPRPNPTPAPPPPCFPVPPPQPLPTPYTYPAGAKQPIPAQHHFSSGIPAGFPAPRIGPQPQPHPQPHPSQAFGPQPPQQPLPLQHPHLFPPQAPGLLPPQSPYPYAPQPGVLGQPPPPLHTQLYPGPAQDPLPAHSGALPFPSPGPPQPPHPPLAYGPAPSTRPMGPQAAPLTIRGPSSAGQSTPSPHLVPSPAPSPGPGPVPPRPPAAEPPPCLRRGAAAADLLSSSPESQHGGTQSPGGGQPLLQPTKVDAAEGRRPQALRLIERDPYEHPERLRQLQQELEAFRGQLGDVGALDTVWRELQDAQEHDARGRSIAIARCYSLKNRHQDVMPYDSNRVVLRSGKDDYINASCVEGLSPYCPPLVATQAPLPGTAADFWLMVHEQKVSVIVMLVSEAEMEKQKVARYFPTERGQPMVHGALSLALSSVRSTETHVERVLSLQFRDQSLKRSLVHLHFPTWPELGLPDSPSNLLRFIQEVHAHYLHQRPLHTPIIVHCSSGVGRTGAFALLYAAVQEVEAGNGIPELPQLVRRMRQQRKHMLQEKLHLRFCYEAVVRHVEQVLQRHGVPPPCKPLASASISQKNHLPQDSQDLVLGGDVPISSIQATIAKLSIRPPGGLESPVASLPGPAEPPGLPPASLPESTPIPSSSPPPLSSPLPEAPQPKEEPPVPEAPSSGPPSSSLELLASLTPEAFSLDSSLRGKQRMSKHNFLQAHNGQGLRATRPSDDPLSLLDPLWTLNKT
Q9H596,DUSP21,190,MTASASSFSSSQGVQQPSIYSFSQITRSLFLSNGVAANDKLLLSSNRITAIVNASVEVVNVFFEGIQYIKVPVTDARDSRLYDFFDPIADLIHTIDMRQGRTLLHCMAGVSRSASLCLAYLMKYHSMSLLDAHTWTKSRRPIIRPNNGFWEQLINYEFKLFNNNTVRMINSPVGNIPDIYEKDLRMMISM
Q9HBL0,TNS1,1839,MTWICLSCMLWPEDLEAPKTHRFKVKTFKKVKPCGICRQVITQEGCTCKVCSFSCHRKCQAKVAAPCVPPSNHELVPITTENAPKNVVDKGEGASRGGNTRKSLEDNGSTRVTPSVQPHLQPIRNMSVSRTMEDSCELDLVYVTERIIAVSFPSTANEENFRSNLREVAQMLKSKHGGNYLLFNLSERRPDITKLHAKVLEFGWPDLHTPALEKICSICKAMDTWLNADPHNVVVLHNKGNRGRIGVVIAAYMHYSNISASADQALDRFAMKRFYEDKIVPIGQPSQRRYVHYFSGLLSGSIKMNNKPLFLHHVIMHGIPNFESKGGCRPFLRIYQAMQPVYTSGIYNIPGDSQTSVCITIEPGLLLKGDILLKCYHKKFRSPARDVIFRVQFHTCAIHDLGVVFGKEDLDDAFKDDRFPEYGKVEFVFSYGPEKIQGMEHLENGPSVSVDYNTSDPLIRWDSYDNFSGHRDDGMEEVVGHTQGPLDGSLYAKVKKKDSLHGSTGAVNATRPTLSATPNHVEHTLSVSSDSGNSTASTKTDKTDEPVPGASSATAALSPQEKRELDRLLSGFGLEREKQGAMYHTQHLRSRPAGGSAVPSSGRHVVPAQVHVNGGALASERETDILDDELPNQDGHSAGSMGTLSSLDGVTNTSEGGYPEALSPLTNGLDKSYPMEPMVNGGGYPYESASRAGPAHAGHTAPMRPSYSAQEGLAGYQREGPHPAWPQPVTTSHYAHDPSGMFRSQSFSEAEPQLPPAPVRGGSSREAVQRGLNSWQQQQQQQQQPRPPPRQQERAHLESLVASRPSPQPLAETPIPSLPEFPRAASQQEIEQSIETLNMLMLDLEPASAAAPLHKSQSVPGAWPGASPLSSQPLSGSSRQSHPLTQSRSGYIPSGHSLGTPEPAPRASLESVPPGRSYSPYDYQPCLAGPNQDFHSKSPASSSLPAFLPTTHSPPGPQQPPASLPGLTAQPLLSPKEATSDPSRTPEEEPLNLEGLVAHRVAGVQAREKQPAEPPAPLRRRAASDGQYENQSPEATSPRSPGVRSPVQCVSPELALTIALNPGGRPKEPHLHSYKEAFEEMEGTSPSSPPPSGVRSPPGLAKTPLSALGLKPHNPADILLHPTGEPRSYVESVARTAVAGPRAQDSEPKSFSAPATQAYGHEIPLRNGTLGGSFVSPSPLSTSSPILSADSTSVGSFPSGESSDQGPRTPTQPLLESGFRSGSLGQPSPSAQRNYQSSSPLPTVGSSYSSPDYSLQHFSSSPESQARAQFSVAGVHTVPGSPQARHRTVGTNTPPSPGFGWRAINPSMAAPSSPSLSHHQMMGPPGTGFHGSTVSSPQSSAATTPGSPSLCRHPAGVYQVSGLHNKVATTPGSPSLGRHPGAHQGNLASGLHSNAIASPGSPSLGRHLGGSGSVVPGSPCLDRHVAYGGYSTPEDRRPTLSRQSSASGYQAPSTPSFPVSPAYYPGLSSPATSPSPDSAAFRQGSPTPALPEKRRMSVGDRAGSLPNYATINGKVSSPVASGMSSPSGGSTVSFSHTLPDFSKYSMPDNSPETRAKVKFVQDTSKYWYKPEISREQAIALLKDQEPGAFIIRDSHSFRGAYGLAMKVSSPPPTIMQQNKKGDMTHELVRHFLIETGPRGVKLKGCPNEPNFGSLSALVYQHSIIPLALPCKLVIPNRDPTDESKDSSGPANSTADLLKQGAACNVLFVNSVDMESLTGPQAISKATSETLAADPTPAATIVHFKVSAQGITLTDNQRKLFFRRHYPLNTVTFCDLDPQERKWMKTEGGAPAKLFGFVARKQGSTTDNACHLFAELDPNQPASAIVNFVSKVMLNAGQKR
Q9HD43,PTPRH,1115,MAGAGGGLGVWGNLVLLGLCSWTGARAPAPNPGRNLTVETQTTSSISLSWEVPDGLDSQNSNYWVQCTGDGGTTETRNTTATNVTVDGLGPGSLYTCSVWVEKDGVNSSVGTVTTATAPNPVRNLRVEAQTNSSIALTWEVPDGPDPQNSTYGVEYTGDGGRAGTRSTAHTNITVDGLEPGCLYAFSMWVGKNGINSSRETRNATTAHNPVRNLRVEAQTTSSISLSWEVPDGTDPQNSTYCVQCTGDGGRTETRNTTDTRVTVDGLGPGSLYTCSVWVEKDGVNSSVEIVTSATAPNPVRNLTVEAQTNSSIALTWEVPDGPDPQNSTYGVEYTGDGGRAGTRSTAHTNITVDRLEPGCLYVFSVWVGKNGINSSRETRNATTAPNPVRNLHMETQTNSSIALCWEVPDGPYPQDYTYWVEYTGDGGGTETRNTTNTSVTAERLEPGTLYTFSVWAEKNGARGSRQNVSISTVPNAVTSLSKQDWTNSTIALRWTAPQGPGQSSYSYWVSWVREGMTDPRTQSTSGTDITLKELEAGSLYHLTVWAERNEVRGYNSTLTAATAPNEVTDLQNETQTKNSVMLWWKAPGDPHSQLYVYWVQWASKGHPRRGQDPQANWVNQTSRTNETWYKVEALEPGTLYNFTVWAERNDVASSTQSLCASTYPDTVTITSCVSTSAGYGVNLIWSCPQGGYEAFELEVGGQRGSQDRSSCGEAVSVLGLGPARSYPATITTIWDGMKVVSHSVVCHTESAGVIAGAFVGILLFLILVGLLIFFLKRRNKKKQQKPELRDLVFSSPGDIPAEDFADHVRKNERDSNCGFADEYQQLSLVGHSQSQMVASASENNAKNRYRNVLPYDWSRVPLKPIHEEPGSDYINASFMPGLWSPQEFIATQGPLPQTVGDFWRLVWEQQSHTLVMLTNCMEAGRVKCEHYWPLDSQPCTHGHLRVTLVGEEVMENWTVRELLLLQVEEQKTLSVRQFHYQAWPDHGVPSSPDTLLAFWRMLRQWLDQTMEGGPPIVHCSAGVGRTGTLIALDVLLRQLQSEGLLGPFSFVRKMRESRPLMVQTEAQYVFLHQCILRFLQQSAQAPAEKEVPYEDVENLIYENVAAIQAHKLEV
Q9NP77,SSU72,194,MPSSPLRVAVVCSSNQNRSMEAHNILSKRGFSVRSFGTGTHVKLPGPAPDKPNVYDFKTTYDQMYNDLLRKDKELYTQNGILHMLDRNKRIKPRPERFQNCKDLFDLILTCEERVYDQVVEDLNSREQETCQPVHVVNVDIQDNHEEATLGAFLICELCQCIQHTEDMENEIDELLQEFEEKSGRTFLHTVCFY
Q9NRW4,DUSP22,184,MGNGMNKILPGLYIGNFKDARDAEQLSKNKVTHILSVHDSARPMLEGVKYLCIPAADSPSQNLTRHFKESIKFIHECRLRGESCLVHCLAGVSRSVTLVIAYIMTVTDFGWEDALHTVRAGRSCANPNVGFQRQLQEFEKHEVHQYRQWLKEEYGESPLQDAEEAKNILAAPGILKFWAFLRRL
Q9NRX4,PHPT1,125,MAVADLALIPDVDIDSDGVFKYVLIRVHSAPRSGAPAAESKEIVRGYKWAEYHADIYDKVSGDMQKQGCDCECLGGGRISHQSQDKKIHVYGYSMAYGPAQHAISTEKIKAKYPDYEVTWANDGY
Q9NYA4,MTMR4,1195,MGEEGPPSLEYIQAKDLFPPKELVKEEENLQVPFTVLQGEGVEFLGRAADALIAISNYRLHIKFKDSVINVPLRMIDSVESRDMFQLHISCKDSKVVRCHFSTFKQCQEWLSRLSRATARPAKPEDLFAFAYHAWCLGLTEEDQHTHLCQPGEHIRCRQEAELARMGFDLQNVWRVSHINSNYKLCPSYPQKLLVPVWITDKELENVASFRSWKRIPVVVYRHLRNGAAIARCSQPEISWWGWRNADDEYLVTSIAKACALDPGTRATGGSLSTGNNDTSEACDADFDSSLTACSGVESTAAPQKLLILDARSYTAAVANRAKGGGCECEEYYPNCEVVFMGMANIHAIRNSFQYLRAVCSQMPDPSNWLSALESTKWLQHLSVMLKAAVLVANTVDREGRPVLVHCSDGWDRTPQIVALAKILLDPYYRTLEGFQVLVESDWLDFGHKFGDRCGHQENVEDQNEQCPVFLQWLDSVHQLLKQFPCLFEFNEAFLVKLVQHTYSCLYGTFLANNPCEREKRNIYKRTCSVWALLRAGNKNFHNFLYTPSSDMVLHPVCHVRALHLWTAVYLPASSPCTLGEENMDLYLSPVAQSQEFSGRSLDRLPKTRSMDDLLSACDTSSPLTRTSSDPNLNNHCQEVRVGLEPWHSNPEGSETSFVDSGVGGPQQTVGEVGLPPPLPSSQKDYLSNKPFKSHKSCSPSYKLLNTAVPREMKSNTSDPEIKVLEETKGPAPDPSAQDELGRTLDGIGEPPEHCPETEAVSALSKVISNKCDGVCNFPESSQNSPTGTPQQAQPDSMLGVPSKCVLDHSLSTVCNPPSAACQTPLDPSTDFLNQDPSGSVASISHQEQLSSVPDLTHGEEDIGKRGNNRNGQLLENPRFGKMPLELVRKPISQSQISEFSFLGSNWDSFQGMVTSFPSGEATPRRLLSYGCCSKRPNSKQMRATGPCFGGQWAQREGVKSPVCSSHSNGHCTGPGGKNQMWLSSHPKQVSSTKPVPLNCPSPVPPLYLDDDGLPFPTDVIQHRLRQIEAGYKQEVEQLRRQVRELQMRLDIRHCCAPPAEPPMDYEDDFTCLKESDGSDTEDFGSDHSEDCLSEASWEPVDKKETEVTRWVPDHMASHCYNCDCEFWLAKRRHHCRNCGNVFCAGCCHLKLPIPDQQLYDPVLVCNSCYEHIQVSRARELMSQQLKKPIATASS
Q9P0J1,PDP1,537,MPAPTQLFFPLIRNCELSRIYGTACYCHHKHLCCSSSYIPQSRLRYTPHPAYATFCRPKENWWQYTQGRRYASTPQKFYLTPPQVNSILKANEYSFKVPEFDGKNVSSILGFDSNQLPANAPIEDRRSAATCLQTRGMLLGVFDGHAGCACSQAVSERLFYYIAVSLLPHETLLEIENAVESGRALLPILQWHKHPNDYFSKEASKLYFNSLRTYWQELIDLNTGESTDIDVKEALINAFKRLDNDISLEAQVGDPNSFLNYLVLRVAFSGATACVAHVDGVDLHVANTGDSRAMLGVQEEDGSWSAVTLSNDHNAQNERELERLKLEHPKSEAKSVVKQDRLLGLLMPFRAFGDVKFKWSIDLQKRVIESGPDQLNDNEYTKFIPPNYHTPPYLTAEPEVTYHRLRPQDKFLVLATDGLWETMHRQDVVRIVGEYLTGMHHQQPIAVGGYKVTLGQMHGLLTERRTKMSSVFEDQNAATHLIRHAVGNNEFGTVDHERLSKMLSLPEELARMYRDDITIIVVQFNSHVVGAYQNQE
Q9UII6,DUSP13B,198,MDSLQKQDLRRPKIHGAVQASPYQPPTLASLQRLLWVRQAATLNHIDEVWPSLFLGDAYAARDKSKLIQLGITHVVNAAAGKFQVDTGAKFYRGMSLEYYGIEADDNPFFDLSVYFLPVARYIRAALSVPQGRVLVHCAMGVSRSATLVLAFLMICENMTLVEAIQTVQAHRNICPNSGFLRQLQVLDNRLGRETGRF
Q9ULR3,PPM1H,514,MLTRVKSAVANFMGGIMAGSSGSEHGGGSCGGSDLPLRFPYGRPEFLGLSQDEVECSADHIARPILILKETRRLPWATGYAEVINAGKSTHNEDQASCEVLTVKKKAGAVTSTPNRNSSKRRSSLPNGEGLQLKENSESEGVSCHYWSLFDGHAGSGAAVVASRLLQHHITEQLQDIVDILKNSAVLPPTCLGEEPENTPANSRTLTRAASLRGGVGAPGSPSTPPTRFFTEKKIPHECLVIGALESAFKEMDLQIERERSSYNISGGCTALIVICLLGKLYVANAGDSRAIIIRNGEIIPMSSEFTPETERQRLQYLAFMQPHLLGNEFTHLEFPRRVQRKELGKKMLYRDFNMTGWAYKTIEDEDLKFPLIYGEGKKARVMATIGVTRGLGDHDLKVHDSNIYIKPFLSSAPEVRIYDLSKYDHGSDDVLILATDGLWDVLSNEEVAEAITQFLPNCDPDDPHRYTLAAQDLVMRARGVLKDRGWRISNDRLGSGDDISVYVIPLIHGNKLS
Q9UMZ3,PTPRQ,2332,MKKVPIKPEQPEKLRAFNISTHSFSLHWSLPSGHVERYQVDLVPDSGFVTIRDLGGGEYQVDVSNVVPGTRYDITISSISTTYTSPVTRIVTTNVTKPGPPVFLAGERVGSAGILLSWNTPPNPNGRIISYIVKYKEVCPWMQTVYTQVRSKPDSLEVLLTNLNPGTTYEIKVAAENSAGIGVFSDPFLFQTAESAPGKVVNLTVEAYNASAVKLIWYLPRQPNGKITSFKISVKHARSGIVVKDVSIRVEDILTGKLPECNENSESFLWSTASPSPTLGRVTPPSRTTHSSSTLTQNEISSVWKEPISFVVTHLRPYTTYLFEVSAVTTEAGYIDSTIVRTPESVPEGPPQNCVTGNITGKSFSILWDPPTIVTGKFSYRVELYGPSGRILDNSTKDLKFAFTNLTPFTMYDVYIAAETSAGTGPKSNISVFTPPDVPGAVFDLQLAEVESTQVRITWKKPRQPNGIINQYRVKVLVPETGIILENTLLTGNNEYINDPMAPEIVNIVEPMVGLYEGSAEMSSDLHSLATFIYNSHPDKNFPARNRAEDQTSPVVTTRNQYITDIAAEQLSYVIRRLVPFTEHMISVSAFTIMGEGPPTVLSVRTRQQVPSSIKIINYKNISSSSILLYWDPPEYPNGKITHYTIYAMELDTNRAFQITTIDNSFLITGLKKYTKYKMRVAASTHVGESSLSEENDIFVRTSEDEPESSPQDVEVIDVTADEIRLKWSPPEKPNGIIIAYEVLYKNIDTLYMKNTSTTDIILRNLRPHTLYNISVRSYTRFGHGNQVSSLLSVRTSETVPDSAPENITYKNISSGEIELSFLPPSSPNGIIKKYTIYLKRSNGNEERTINTTSLTQNIKVLKKYTQYIIEVSASTLKGEGVRSAPISILTEEDAPDSPPQDFSVKQLSGVTVKLSWQPPLEPNGIILYYTVYVWNRSSLKTINVTETSLELSDLDYNVEYSAYVTASTRFGDGKTRSNIISFQTPEGAPSDPPKDVYYANLSSSSIILFWTPPSKPNGIIQYYSVYYRNTSGTFMQNFTLHEVTNDFDNMTVSTIIDKLTIFSYYTFWLTASTSVGNGNKSSDIIEVYTDQDIPEGFVGNLTYESISSTAINVSWVPPAQPNGLVFYYVSLILQQTPRHVRPPLVTYERSIYFDNLEKYTDYILKITPSTEKGFSDTYTAQLYIKTEEDVPETSPIINTFKNLSSTSVLLSWDPPVKPNGAIISYDLTLQGPNENYSFITSDNYIILEELSPFTLYSFFAAARTRKGLGPSSILFFYTDESVPLAPPQNLTLINCTSDFVWLKWSPSPLPGGIVKVYSFKIHEHETDTIYYKNISGFKTEAKLVGLEPVSTYSIRVSAFTKVGNGNQFSNVVKFTTQESVPDVVQNMQCMATSWQSVLVKWDPPKKANGIITQYMVTVERNSTKVSPQDHMYTFIKLLANTSYVFKVRASTSAGEGDESTCHVSTLPETVPSVPTNIAFSDVQSTSATLTWIRPDTILGYFQNYKITTQLRAQKCKEWESEECVEYQKIQYLYEAHLTEETVYGLKKFRWYRFQVAASTNAGYGNASNWISTKTLPGPPDGPPENVHVVATSPFSISISWSEPAVITGPTCYLIDVKSVDNDEFNISFIKSNEENKTIEIKDLEIFTRYSVVITAFTGNISAAYVEGKSSAEMIVTTLESAPKDPPNNMTFQKIPDEVTKFQLTFLPPSQPNGNIQVYQALVYREDDPTAVQIHNLSIIQKTNTFVIAMLEGLKGGHTYNISVYAVNSAGAGPKVPMRITMDIKAPARPKTKPTPIYDATGKLLVTSTTITIRMPICYYSDDHGPIKNVQVLVTETGAQHDGNVTKWYDAYFNKARPYFTNEGFPNPPCTEGKTKFSGNEEIYIIGADNACMIPGNEDKICNGPLKPKKQYLFKFRATNIMGQFTDSDYSDPVKTLGEGLSERTVEIILSVTLCILSIILLGTAIFAFARIRQKQKEGGTYSPQDAEIIDTKLKLDQLITVADLELKDERLTRPISKKSFLQHVEELCTNNNLKFQEEFSELPKFLQDLSSTDADLPWNRAKNRFPNIKPYNNNRVKLIADASVPGSDYINASYISGYLCPNEFIATQGPLPGTVGDFWRMVWETRAKTLVMLTQCFEKGRIRCHQYWPEDNKPVTVFGDIVITKLMEDVQIDWTIRDLKIERHGDCMTVRQCNFTAWPEHGVPENSAPLIHFVKLVRASRAHDTTPMIVHCSAGVGRTGVFIALDHLTQHINDHDFVDIYGLVAELRSERMCMVQNLAQYIFLHQCILDLLSNKGSNQPICFVNYSALQKMDSLDAMEGDVELEWEETTM
Q9UNH5,CDC14A,594,MAAESGELIGACEFMKDRLYFATLRNRPKSTVNTHYFSIDEELVYENFYADFGPLNLAMVYRYCCKLNKKLKSYSLSRKKIVHYTCFDQRKRANAAFLIGAYAVIYLKKTPEEAYRALLSGSNPPYLPFRDASFGNCTYNLTILDCLQGIRKGLQHGFFDFETFDVDEYEHYERVENGDFNWIVPGKFLAFSGPHPKSKIENGYPLHAPEAYFPYFKKHNVTAVVRLNKKIYEAKRFTDAGFEHYDLFFIDGSTPSDNIVRRFLNICENTEGAIAVHCKAGLGRTGTLIACYVMKHYRFTHAEIIAWIRICRPGSIIGPQQHFLEEKQASLWVQGDIFRSKLKNRPSSEGSINKILSGLDDMSIGGNLSKTQNMERFGEDNLEDDDVEMKNGITQGDKLRALKSQRQPRTSPSCAFRSDDTKGHPRAVSQPFRLSSSLQGSAVTLKTSKMALSPSATAKRINRTSLSSGATVRSFSINSRLASSLGNLNAATDDPENKKTSSSSKAGFTASPFTNLLNGSSQPTTRNYPELNNNQYNRSSNSNGGNLNSPPGPHSAKTEEHTTILRPSYTGLSSSSARFLSRSIPSLQSEYVHY
Q9UNI6,DUSP12,340,MLEAPGPSDGCELSNPSASRVSCAGQMLEVQPGLYFGGAAAVAEPDHLREAGITAVLTVDSEEPSFKAGPGVEDLWRLFVPALDKPETDLLSHLDRCVAFIGQARAEGRAVLVHCHAGVSRSVAIITAFLMKTDQLPFEKAYEKLQILKPEAKMNEGFEWQLKLYQAMGYEVDTSSAIYKQYRLQKVTEKYPELQNLPQELFAVDPTTVSQGLKDEVLYKCRKCRRSLFRSSSILDHREGSGPIAFAHKRMTPSSMLTTGRQAQCTSYFIEPVQWMESALLGVMDGQLLCPKCSAKLGSFNWYGEQCSCGRWITPAFQIHKNRVDEMKILPVLGSQTGKI
Q9Y2R2,PTPN22,807,MDQREILQKFLDEAQSKKITKEEFANEFLKLKRQSTKYKADKTYPTTVAEKPKNIKKNRYKDILPYDYSRVELSLITSDEDSSYINANFIKGVYGPKAYIATQGPLSTTLLDFWRMIWEYSVLIIVMACMEYEMGKKKCERYWAEPGEMQLEFGPFSVSCEAEKRKSDYIIRTLKVKFNSETRTIYQFHYKNWPDHDVPSSIDPILELIWDVRCYQEDDSVPICIHCSAGCGRTGVICAIDYTWMLLKDGIIPENFSVFSLIREMRTQRPSLVQTQEQYELVYNAVLELFKRQMDVIRDKHSGTESQAKHCIPEKNHTLQADSYSPNLPKSTTKAAKMMNQQRTKMEIKESSSFDFRTSEISAKEELVLHPAKSSTSFDFLELNYSFDKNADTTMKWQTKAFPIVGEPLQKHQSLDLGSLLFEGCSNSKPVNAAGRYFNSKVPITRTKSTPFELIQQRETKEVDSKENFSYLESQPHDSCFVEMQAQKVMHVSSAELNYSLPYDSKHQIRNASNVKHHDSSALGVYSYIPLVENPYFSSWPPSGTSSKMSLDLPEKQDGTVFPSSLLPTSSTSLFSYYNSHDSLSLNSPTNISSLLNQESAVLATAPRIDDEIPPPLPVRTPESFIVVEEAGEFSPNVPKSLSSAVKVKIGTSLEWGGTSEPKKFDDSVILRPSKSVKLRSPKSELHQDRSSPPPPLPERTLESFFLADEDCMQAQSIETYSTSYPDTMENSTSSKQTLKTPGKSFTRSKSLKILRNMKKSICNSCPPNKPAESVQSNNSSSFLNFGFANRFSKPKGPRNPPPTWNI
Q9Y5B0,CTDP1,961,MEVPAAGRVPAEGAPTAAVAEVRCPGPAPLRLLEWRVAAGAAVRIGSVLAVFEAAASAQSSGASQSRVASGGCVRPARPERRLRSERAGVVRELCAQPGQVVAPGAVLVRLEGCSHPVVMKGLCAECGQDLTQLQSKNGKQQVPLSTATVSMVHSVPELMVSSEQAEQLGREDQQRLHRNRKLVLMVDLDQTLIHTTEQHCQQMSNKGIFHFQLGRGEPMLHTRLRPHCKDFLEKIAKLYELHVFTFGSRLYAHTIAGFLDPEKKLFSHRILSRDECIDPFSKTGNLRNLFPCGDSMVCIIDDREDVWKFAPNLITVKKYVYFQGTGDMNAPPGSRESQTRKKVNHSRGTEVSEPSPPVRDPEGVTQAPGVEPSNGLEKPARELNGSEAATPRDSPRPGKPDERDIWPPAQAPTSSQELAGAPEPQGSCAQGGRVAPGQRPAQGATGTDLDFDLSSDSESSSESEGTKSSSSASDGESEGKRGRQKPKAAPEGAGALAQGSSLEPGRPAAPSLPGEAEPGAHAPDKEPELGGQEEGERDGLCGLGNGCADRKEAETESQNSELSGVTAGESLDQSMEEEEEEDTDEDDHLIYLEEILVRVHTDYYAKYDRYLNKEIEEAPDIRKIVPELKSKVLADVAIIFSGLHPTNFPIEKTREHYHATALGAKILTRLVLSPDAPDRATHLIAARAGTEKVLQAQECGHLHVVNPDWLWSCLERWDKVEEQLFPLRDDHTKAQRENSPAAFPDREGVPPTALFHPMPVLPKAQPGPEVRIYDSNTGKLIRTGARGPPAPSSSLPIRQEPSSFRAVPPPQPQMFGEELPDAQDGEQPGPSRRKRQPSMSETMPLYTLCKEDLESMDKEVDDILGEGSDDSDSEKRRPEEQEEEPQPRKPGTRRERTLGAPASSERSAAGGRGPRGHKRKLNEEDAASESSRESSNEDEGSSSEADEMAKALEAELNDLM
Q9Y6W6,DUSP10,482,MPPSPLDDRVVVALSRPVRPQDLNLCLDSSYLGSANPGSNSHPPVIATTVVSLKAANLTYMPSSSGSARSLNCGCSSASCCTVATYDKDNQAQTQAIAAGTTTTAIGTSTTCPANQMVNNNENTGSLSPSSGVGSPVSGTPKQLASIKIIYPNDLAKKMTKCSKSHLPSQGPVIIDCRPFMEYNKSHIQGAVHINCADKISRRRLQQGKITVLDLISCREGKDSFKRIFSKEIIVYDENTNEPSRVMPSQPLHIVLESLKREGKEPLVLKGGLSSFKQNHENLCDNSLQLQECREVGGGASAASSLLPQPIPTTPDIENAELTPILPFLFLGNEQDAQDLDTMQRLNIGYVINVTTHLPLYHYEKGLFNYKRLPATDSNKQNLRQYFEEAFEFIEEAHQCGKGLLIHCQAGVSRSATIVIAYLMKHTRMTMTDAYKFVKGKRPIISPNLNFMGQLLEFEEDLNNGVTPRILTPKLMGVETVV
A2A3K4,PTPDC1,754,MAAGVLPQNEQPYSTLVNNSECVANMKGNLERPTPKYTKVGERLRHVIPGHMACSMACGGRACKYENPARWSEQEQAIKGVYSSWVTDNILAMARPSSELLEKYHIIDQFLSHGIKTIINLQRPGEHASCGNPLEQESGFTYLPEAFMEAGIYFYNFGWKDYGVASLTTILDMVKVMTFALQEGKVAIHCHAGLGRTGVLIACYLVFATRMTADQAIIFVRAKRPNSIQTRGQLLCVREFTQFLTPLRNIFSCCDPKAHAVTLPQYLIRQRHLLHGYEARLLKHVPKIIHLVCKLLLDLAENRPVMMKDVSEGPGLSAEIEKTMSEMVTMQLDKELLRHDSDVSNPPNPTAVAADFDNRGMIFSNEQQFDPLWKRRNVECLQPLTHLKRRLSYSDSDLKRAENLLEQGETPQTVPAQILVGHKPRQQKLISHCYIPQSPEPDLHKEALVRSTLSFWSQSKFGGLEGLKDNGSPIFHGRIIPKEAQQSGAFSADVSGSHSPGEPVSPSFANVHKDPNPAHQQVSHCQCKTHGVGSPGSVRQNSRTPRSPLDCGSSPKAQFLVEHETQDSKDLSEAASHSALQSELSAEARRILAAKALANLNESVEKEELKRKVEMWQKELNSRDGAWERICGERDPFILCSLMWSWVEQLKEPVITKEDVDMLVDRRADAAEALFLLEKGQHQTILCVLHCIVNLQTIPVDVEEAFLAHAIKAFTKVNFDSENGPTVYNTLKKIFKHTLEEKRKMTKDGPKPGL
Q05D32,CTDSPL2,466,MRLRTRKASQQSNQIQTQRTARAKRKYSEVDDSLPSGGEKPSKNETGLLSSIKKFIKGSTPKEERENPSKRSRIERDIDNNLITSTPRAGEKPNKQISRVRRKSQVNGEAGSYEMTNQHVKQNGKLEDNPSSGSPPRTTLLGTIFSPVFNFFSPANKNGTSGSDSPGQAVEAEEIVKQLDMEQVDEITTSTTTSTNGAAYSNQAVQVRPSLNNGLEEAEETVNRDIPPLTAPVTPDSGYSSAHAEATYEEDWEVFDPYYFIKHVPPLTEEQLNRKPALPLKTRSTPEFSLVLDLDETLVHCSLNELEDAALTFPVLFQDVIYQVYVRLRPFFREFLERMSQMYEIILFTASKKVYADKLLNILDPKKQLVRHRLFREHCVCVQGNYIKDLNILGRDLSKTIIIDNSPQAFAYQLSNGIPIESWFMDKNDNELLKLIPFLEKLVELNEDVRPHIRDRFRLHDLLPPD
Q5JR12,PPM1J,505,MLNRVRSAVAHLVSSGGAPPPRPKSPDLPNAASAPPAAAPEAPRSPPAKAGSGSATPAKAVEARASFSRPTFLQLSPGGLRRADDHAGRAVQSPPDTGRRLPWSTGYAEVINAGKSRHNEDQACCEVVYVEGRRSVTGVPREPSRGQGLCFYYWGLFDGHAGGGAAEMASRLLHRHIREQLKDLVEILQDPSPPPLCLPTTPGTPDSSDPSHLLGPQSCWSSQKEVSHESLVVGAVENAFQLMDEQMARERRGHQVEGGCCALVVIYLLGKVYVANAGDSRAIIVRNGEIIPMSREFTPETERQRLQLLGFLKPELLGSEFTHLEFPRRVLPKELGQRMLYRDQNMTGWAYKKIELEDLRFPLVCGEGKKARVMATIGVTRGLGDHSLKVCSSTLPIKPFLSCFPEVRVYDLTQYEHCPDDVLVLGTDGLWDVTTDCEVAATVDRVLSAYEPNDHSRYTALAQALVLGARGTPRDRGWRLPNNKLGSGDDISVFVIPLGGPGSYS
Q8N819,PPM1N,430,MAVLARQLQRLLWTACKKKEREKEGREEEEEEEAGRRAPEGPRSLLTAPRRAQRPHGGAEASGGLRFGASAAQGWRARMEDAHCTWLSLPGLPPGWALFAVLDGHGGARAARFGARHLPGHVLQELGPEPSEPEGVREALRRAFLSADERLRSLWPRVETGGCTAVVLLVSPRFLYLAHCGDSRAVLSRAGAVAFSTEDHRPLRPRERERIHAAGGTIRRRRVEGSLAVSRALGDFTYKEAPGRPPELQLVSAEPEVAALARQAEDEFMLLASDGVWDTVSGAALAGLVASRLRLGLAPELLCAQLLDTCLCKGSLDNMTCILVCFPGAPRPSEEAIRRELALDAALGCRIAELCASAQKPPSLNTVFRTLASEDIPDLPPGGGLDCKATVIAEVYSQICQVSEECGEKGQDGAGKSNPTHLGSALDMEA
Q96MI6,PPM1M,459,MSAGWFRRRFLPGEPLPAPRPPGPHASPVPYRRPRFLRGSSSSPGAADASRRPDSRPVRSPARGRTLPWNAGYAEIINAEKSEFNEDQAACGKLCIRRCEFGAEEEWLTLCPEEFLTGHYWALFDGHGGPAAAILAANTLHSCLRRQLEAVVEGLVATQPPMHLNGRCICPSDPQFVEEKGIRAEDLVIGALESAFQECDEVIGRELEASGQMGGCTALVAVSLQGKLYMANAGDSRAILVRRDEIRPLSFEFTPETERQRIQQLAFVYPELLAGEFTRLEFPRRLKGDDLGQKVLFRDHHMSGWSYKRVEKSDLKYPLIHGQGRQARLLGTLAVSRGLGDHQLRVLDTNIQLKPFLLSVPQVTVLDVDQLELQEDDVVVMATDGLWDVLSNEQVAWLVRSFLPGNQEDPHRFSKLAQMLIHSTQGKEDSLTEEGQVSYDDVSVFVIPLHSQGQESSDH
A0A1W2PQD8,SSU72L2,194,MLSSTLRVAVVCVSNVNRSMEAHSILRKKGLSVRSFGTESHVRLPGPRPNRPVVYDFATTYKEMYNDLLRKDRECYTRNGILHILGRNERIKPGPERFQECTDFFDVIFTCEESVYDTVVEDLCSREQQTFQPVHVINMEIQDTLEDATLGAFLICEICQCLQQSDDMEDNLEELLLQMEEKAGKSFLHTVCFY
Q86V88,MDP1,176,MARLPKLAVFDLDYTLWPFWVDTHVDPPFHKSSDGTVRDRRGQDVRLYPEVPEVLKRLQSLGVPGAAASRTSEIEGANQLLELFDLFRYFVHREIYPGSKITHFERLQQKTGIPFSQMIFFDDERRNIVDVSKLGVTCIHIQNGMNLQTLSQGLETFAKAQTGPLRSSLEESPFEA
Q9P2J9,PDP2,529,MSSTVSYWILNSTRNSIATLQGGRRLYSRYVSNRNKLKWRLFSRVPPTLNSSPCGGFTLCKAYRHTSTEEDDFHLQLSPEQINEVLRAGETTHKILDLESRVPNSVLRFESNQLAANSPVEDRRGVASCLQTNGLMFGIFDGHGGHACAQAVSERLFYYVAVSLMSHQTLEHMEGAMESMKPLLPILHWLKHPGDSIYKDVTSVHLDHLRVYWQELLDLHMEMGLSIEEALMYSFQRLDSDISLEIQAPLEDEVTRNLSLQVAFSGATACMAHVDGIHLHVANAGDCRAILGVQEDNGMWSCLPLTRDHNAWNQAELSRLKREHPESEDRTIIMEDRLLGVLIPCRAFGDVQLKWSKELQRSILERGFNTEALNIYQFTPPHYYTPPYLTAEPEVTYHRLRPQDKFLVLASDGLWDMLSNEDVVRLVVGHLAEADWHKTDLAQRPANLGLMQSLLLQRKASGLHEADQNAATRLIRHAIGNNEYGEMEAERLAAMLTLPEDLARMYRDDITVTVVYFNSESIGAYYKGG
A0A1W2PQ27,SSU72L1,194,MLSSTLRVAVVCVSNVNRSMEAHSILRRKGLSVRSFGTESHVRLPGPRPNRPVVYDFATTYKEMYNDLLRKDRERYTRNGILHILGRNERIKPGPERFQECTDFFDVIFTCEESVYDTVVEDLCSREQQTFQPVHVINMEIQDTLEDATLGAFLICEICQCLQQSDDMEDNLEELLLQMEEKAGKSFLHTVCFY
A0A1W2PQ64,SSU72L5,194,MLSSTLRVAVVCVSNVNRSMEAHSILRRKGLSVRSFGTESHVRLPGPRPNRPVVYDFATTYKEMYNDLLRKDRERYTRNGILHILGRNERIKPGPERFQECTDSFDVIFTCEESVYDTVVEDLCSREQQTFQPVHVINMEIQDTLEDATLGAFLICEICQCLQQSDDMEDNLEELLLQMEEKAGKSFLHTVCFY
A0A1W2PQC6,SSU72L4,194,MLSSTLRVAVVCVSNVNRSMEAHSILRRKGLSVRSFGTESHVRLPGPRPNRPVVYDFATTYKEMYNDLLRKDRERYTRNGILHILGRNERIKPGPERFQECTDFFDVIFTCEESVYDTVVEDLCSREQQTFQPVHVINMDIQDTLEDATLGAFLICEICQCLQQSDDMEDNLEELLLQMEEKAGKSFLHTVCFY
A0A1W2PQJ5,SSU72L3,194,MLSSPLRVAVVCVSNVNRSMEAHSILRRKGLSVRSFGTESHVRLPGPRPNRPVVYDFATTYKQMYNDLLRKDRERYTRNGILHILGRNERIKPGPERFQECTDSFDVIFTCEESVYDTVVEDLCSREQQTFQPVHVINMDIQDTLEDATLGAFLICEICQCLQQSDDIEDNLEELLLQMEEKAGKSFLHTVCFY
A0A1W2PR75,SSU72L6,194,MLSSPLRVAVVCVSNINRSMEAHSILRRKGLSVRSFGTESHVRLPGRRPNHPVVYDFATTYKEMYNDLLRKDRECYTHNGILHILGRNERIKPGPERFQECTEFFDVIFTCEERVYDTVVEDLCSREQQTFQPVHVINMDIKDTLEGAILGAFLICEICQCLQQSDDMEDSLEELLLQMEEKAGKSFLHTVCFY