Binder,Score,PPL
WAYRVQVQACQNALAALQAK,20.5,17.780445933545515
WAYRVQVQACQNQLAALQAK,23.0,20.8174276363561
DACRSQVQACQNALAALQAK,23.5,14.351468114676974
DAYNEGKNACQKQLAELQAK,24.5,16.489149000544874
FQTQEQLEAEQNLLAELRAQ,25.5,18.783026457099204
DACNLQVTAYQNGLAAAQAQ,26.0,19.859572968036527
HQYREQLVAYQNRIAALQAK,26.5,22.47255580975612
DKYQEQQQLCQNALAELQAK,27.0,18.74976930669964
DQYQEQVQLCQNLLAELRAK,27.0,20.70636241231496
WYYMEQLQACQNQLRAVQAQ,27.0,26.78938006510368
DQAREGVQALQNQLAELQAK,27.5,10.751201906372517
DLYWEQLELCQKQLAELQAK,27.5,18.235839550361945
DAYREQVQLCQNALAALQAK,28.0,14.895271423556848
SAYRVQLEACQNLLAELRAK,28.0,17.13577902408225
HQYREQVQACQNALATLQAK,28.0,18.25666950512861
HQYREQVTAYQNALAALQAQ,28.0,18.95678968474109
DKWWERLNEVEGELAELQAK,28.0,19.05596313098144
EKTQEQLCAEQLNLAALQAQ,28.0,19.47553612617225
WACREQVRTCQNALAEVQAK,28.0,24.55457478231369
DQYREKVQALQNALAELQAK,28.5,12.540830138617215
DKYREQVSACQNALAALQAQ,28.5,15.1334453915367
DQLRAQVQACQNLLAELQAK,28.5,15.48152683030884
DATSERVTAYQERIAELQAL,28.5,18.55774075540693
FKTQEQLEAEQLELAALRAK,29.0,16.135416744554526
DKYQEQLGEERKTLAELQAY,29.0,16.51717582670406
FETQEQLEAEQKLLAELRAQ,29.0,17.271241636899248
DQYMEQLEANQNLLAELRAQ,29.0,18.105580743803493
DAYREQVQACQNRLACLQAK,29.0,18.555533277353742
HQYREQVQACQNALATLQTK,29.0,19.51500792358364
DQCRENLEACQNLAAELQAM,29.0,20.273064620185245
WEYQEQLGAEQKALAELRAY,29.0,27.995782892331952
DQYQKQVAQCQNNLAELRAC,29.0,28.770589844417863
DKIQERLAAYRNRLAELQAK,29.5,13.441831620075858
DKYREQLNAVQGEIAALQAK,29.5,16.524514396471975
FKIQERLEAEQLNAAALQAQ,29.5,17.003642573473844
HQMREQVSACQNALAALQAK,29.5,17.535733057114463
IKYQERLNAEQLELAALQAK,29.5,18.455724418817272
HAYREAIWACQSRIAELQAK,29.5,18.775659994503837
EAYQSQVQACQNALGEIRAK,29.5,19.68424255641079
WWIQEQLAKYQNALAALQAK,29.5,19.881186596419862
DKYQEQLTAYALRLAALQAK,29.5,22.270187091599816
SAYRNQVQSAQNILATLQAN,30.0,13.990874049006663
DAYREGLNAYQNRIAALQAK,30.0,14.71428584610754
DAYRSQLQGCQNALAALQAK,30.0,14.80032344226761
DQYREILTAAQNQLAEAQGK,30.0,14.987237882321796
SERANQLEAQQKQLTALRAK,30.0,15.35771826101872
EKYQEQLGQEQKALAELQAY,30.0,17.94199369015254
FKTQEQLELIQQLLAELRAQ,30.0,19.334658731142834
DKYQEQLGEERKQLAELQAY,30.0,20.725903880175224
DQYREQVEACQNWLAALRAK,30.0,20.815061784037656
HQCREQVQAYSNQIAALQAQ,30.0,23.28264453624451
FQYQEQLRTCQNLLAELAAK,30.0,24.879969362060965
FQTQEQLAAEQNQLMELRAM,30.0,24.88779158334872
DAAREGVELLQNQLAELQAK,30.5,10.64416977186903
HQYQSRLAQEQGTLAAAQAK,30.5,13.47323457197936
FKYQEQVEAEQKELAALRAK,30.5,17.60025119929048
HQYREQVQEAQNLLATLQAK,30.5,17.711760904896884
FYYQEQLQEMQNTLRELRAQ,30.5,19.343377372445477
DLYMEKKQALQCQLAELQAK,30.5,20.242624397578616
FQTREQLTAEREELAELQGQ,30.5,23.594714022342767
DQAREGKNALQNQLAELQAK,31.0,13.349172947307055
DAYREQVVAYQNALAALQAK,31.0,13.618247776445608
EQYREELVAAQNRLAALQQK,31.0,14.083529094404222
DKYQERLNEEQGALAELQAK,31.0,14.298113223188576
TQYQKRLTEAQENLAALQAQ,31.0,14.519368790459334
HLYREQLELCQKQLAELQAK,31.0,17.178334950644583
TQYREQLTEAQNLLAALQAK,31.0,17.31504381626718
HATSERLTAYQERLAELQAL,31.0,17.85898356558124
FKCQEVLEAEQKALAALRAK,31.0,17.997555490712507
HQYRERVDEYQNALAELQAH,31.0,19.797876422639145
DNCIEQLQACQNALAATQAK,31.0,20.37670373686206
RQYQVQLTAERDQLAAMRAK,31.0,21.24524710483188
VQYQEQVQACQNLLAELRAK,31.0,21.386137221470488
TQYRGQLQACQNALAELQAP,31.0,21.649515173411668
DKYREELTAYQNRLCELQTL,31.0,22.08483102356432
VFTREQLQACQNQLAILQAK,31.0,22.460507305034607
CLYMEQLLACQNQLAELQAK,31.0,24.703355763069865
DKYQEQKNAYALNLAELQAQ,31.0,24.92238852875453
SERAAQEEAQQKLLAALQAK,31.5,11.384229406570196
HPERERLLAEQEELAALRAK,31.5,12.375506180605871
DAYCEQLEAEQKLLAELQAQ,31.5,15.25150539189707
VATREQLQACQNALAALQAK,31.5,15.473733685198228
DQIQEQLAAERNQLAELQAK,31.5,16.792511316082408
FQTQEDLEAEQKLLAEIRAQ,31.5,17.580479830564038
FEQQEQLAAEQKQLAELRAQ,31.5,17.89794194208705
DYYRERLQKTQEVLAELQAC,31.5,18.5926838823279
FQIQEQLAAYRNQLAELQAQ,31.5,19.362784418626557
FKTQGELTAEQQLLAELQAQ,31.5,19.47761633285925
HACNSQVTAYQNALAALQAK,31.5,20.063029776150145
DYYRERLQKCQCVLAELQAK,31.5,20.869169684011204
HRYQEQVRACQNALAALPTQ,31.5,21.34989205709964
DACRSQVQACQNALAYNQAK,31.5,21.981611817216876
DKYQEQLACERKALAELQAY,31.5,21.98230715462554
DKTQEQLCAEQLNLAAFQAK,31.5,23.179328726491047
FQYQEQKEACQNLLAELQAK,31.5,23.85034271530081
DKYQERLNAYEGRLAELQAK,32.0,15.103913936162876
DATQERLTAYQEELAELQAK,32.0,15.181347329455829
AKTQEQLAAEQNALANLQAY,32.0,15.399765999588087
DQIQEQLAAYRNQLAELQAQ,32.0,15.731606583736342
HKMQEQLEAEQKALAELFAK,32.0,16.552839454165884
DATQEQVELCQNLLAELRAK,32.0,17.1420645765102
DAYREQQQLCQNALAELQAK,32.0,17.852716271750342
WQYRVQLAAEQNALAALQAQ,32.0,18.21690151377465
IKDRERLTAERKELAELRAK,32.0,18.37649271560404
WLQQAQLSAEQNALAALNAR,32.0,18.86449861379228
FQIQEQLQAYRNQLAELQAQ,32.0,19.420477925958306
RKYREQLTAYQMRLAALQAK,32.0,19.627183886363035
DQTQEQLEAEQNTLAELRAC,32.0,20.403041173570266
WLIQEQQQACQNALAALQAK,32.0,20.557860494742624
HYYREQLCAYQNRLAALQAK,32.0,20.848805051264712
FEIQEGLAAYRNQLAETQAQ,32.0,20.954532619734337
FQYQEQLKTEQRILAELQAQ,32.0,21.503794994167
HQYREQVEACKNLLAESRAK,32.0,22.19942936677784
MQCRAQLEACQNFLATVQAK,32.0,22.47150127078693
HACNEQLTASQNGLAAAQAC,32.0,25.078511788492072
DEVQEQLAAYQRKLAELQAK,32.5,13.467002203502998
DAYREQVQLCQQALAELQAK,32.5,14.20778546448514
KMIREQEEAEQNLLAQLQAQ,32.5,14.637952722907787
SKYQEQLAAEQNQLAELRAK,32.5,15.050371279251378
DYYREQLDLAQNALAAVQAD,32.5,16.09759471006609
DQYQEQVQACQNALAEARAG,32.5,16.93366186617204
FEIQEQLEIYRRMLAELQAK,32.5,17.106996957231758
HQYREQVQAYQNALAALQAK,32.5,17.352543804428365
HQCQEQLEALQNALARLPQK,32.5,18.66998966396889
FKTQGELTAEQQRLAELQAK,32.5,19.67803938751291
HPCRELFLAEQKELAELRAK,32.5,20.0925568033002
RGYQVQLTAERDQLAALQAQ,32.5,20.32935412633448
HAYREQVQLCQNQLAALQAK,32.5,20.737955355884857
WQYREQLLAYQNALAALQAA,32.5,20.78056355287554
IKYQETLAEERLELAELRAK,32.5,21.345696990198284
FQYQEQLKNEQLQLAELQAQ,32.5,23.402026883325448
FKTRGELTACQNLLAELQAQ,32.5,24.50948948647484
IKYQEQKNAYAKCLAALQAN,32.5,25.14091870532041
WAYYQQKRACQEALAALQAK,32.5,25.77128845360548
DAYRNQVQSAQNVLAALQAQ,33.0,12.456842143407563
DAYREQVQACQNRLAALQAS,33.0,14.2810196249305
DQDREGVQALQNQLAELQAK,33.0,15.769530473869096
DAYREQVQACQNALAALQAF,33.0,15.939899810921595
DKIQERLAAYQLRLAALQAK,33.0,16.37241790234199
HKYREQVTAAQNELASLQAQ,33.0,16.400332879684676
SFYREQLTAAQLGLAEAQAM,33.0,16.56179531073463
DKAQEQLGQERKRLAELQAY,33.0,17.023628493262947
WKYREQLQEVENALAALQRQ,33.0,17.32857431074349
HAIREQLTAEQNRIRALQAK,33.0,17.461173738299042
ENYREKLQAYQNCIAALQAK,33.0,17.79978417502258
DYYLMQVQACQNQLAAAQAK,33.0,17.898968660308782
DKRQEQLAAYANQLAELQAQ,33.0,17.958453180389615
DQQRIQQEHCQNLLAALQAK,33.0,17.982295294511115
HQYRETVNAAQNELASLQAQ,33.0,18.22204877227741
DQCREQVQAYQNQLAALSAQ,33.0,18.274966768543464
WLTQEQLQACQNLLAAMQAK,33.0,18.36895196945149
DAYRERVQAYQNQLACLQAK,33.0,18.72847911433521
RQIQEQLAAYQLRLAELQAM,33.0,18.94375113634144
DQYRSQVQACQEALAELQAC,33.0,19.4323757496167
DKYQEQLAAYANNLAELQAQ,33.0,19.651526209193197
DQYREQLEACKELLAELRRQ,33.0,19.904232054841135
HQYREQLRAEQNLLAELQAK,33.0,20.52805687955231
WAIQERLANYQNQKAELLAQ,33.0,21.22607007365527
FQYQEQLAGYRNLLATLQAQ,33.0,21.70846321569756
VQYREQVQACQNLLAEKQAK,33.0,23.13919720597057
DYYQEQLCAPQNALMELQAQ,33.0,23.26694462272677
WQCREQVVACQEALAELRAK,33.0,23.61144558591373
WKYREQLECIQQLLAELRAQ,33.0,23.78312682891339
LQMREELQAWQNQIAALQAC,33.0,25.269025102496187
DRCNEQVDACQNKLAAAQAC,33.0,30.99211543963433
DATSERVQAYQNRLAELQAQ,33.5,12.888033578997057
SEIQNQLEAQQKQLAALRAK,33.5,14.150152921497844
HAIQERLTAYQERLAALQAQ,33.5,14.228073864275636
DKTQERLAAYQSELAELMAK,33.5,15.10047613141598
DKYREQLNARQNEIAALQAK,33.5,15.391548511782853
DKIQEGNAAYRNRLAEEQAK,33.5,15.54516633533274
DQYREDVNAAQKQLASLQAK,33.5,15.884570161355152
SKYQEQMAAEQNQLAELRAQ,33.5,15.886621807428677
HPERERLLAEREFLAALRAA,33.5,15.901392991487793
HQTQERLAAEQNTLAAYRAK,33.5,16.358033428704534
HAIREQLAKEQNRIAALQAK,33.5,16.46456907313041
ESYQEQLNTERKKLAELQAK,33.5,16.65464855441612
WQYRQELEAGRQAVEALQAK,33.5,16.98076401475202
DKNWERLQEELNLLAELQAK,33.5,18.311252766748357
NQYQVQANAMREQLAALRAK,33.5,18.65906298582264
AKTQEQLEEYQLNLAALQAQ,33.5,18.86677725934756
DQIQEQLAAEQLQLAELQAF,33.5,19.050340042259126
VAYQEQLQLCQNALAELQAK,33.5,19.09175015806174
IAYREQLQGCQNALAALQAK,33.5,19.22947980162613
FQAQEQLNAYQDQLAEIQAQ,33.5,19.799116689193117
SQYGEQLAAYRNQLAELPAQ,33.5,20.19662244379653
FQYREQVEALQNNLARLHAK,33.5,20.27056695487764
MKCRAQLQACQNFLAAQQAK,33.5,23.45378431415783
FQIQEQLAAYRKQLAELCAN,33.5,24.60208913890003
HPCREQLNAEQKQLAELQAK,33.5,25.097311852759145
WRYRECQQACQNALAEDQAK,33.5,26.639021271814997
FQCRENLNAEQEALAALRQD,33.5,27.24337409899347
DACYEQVQACVNQLAACQAK,33.5,27.290113596235127
HQYREQLVAYQNRIAALQAW,33.5,27.49251124766929
HQMREEVEACKVQIAELRAC,33.5,32.733352451363096
HAQQEQLTLSQAALAALQAK,34.0,13.10834465731966
DAYREQVQYAQNALGALQAK,34.0,14.424028892403165
ESARERLNGYRVELAELQAK,34.0,14.722045483697212
DVYREQVEAYQNTLAALQAC,34.0,14.79367735780163
DNCRERLTAAQWELDRLRAA,34.0,15.042921236094973
DACRVQLQACQNALAELQAK,34.0,15.048861941534833
DAIQERLTAYQNRIAALQAL,34.0,15.16335353725431
DQYRTQQQAKQNALAALQAK,34.0,15.17230268446476
PEGREDLAQYQNLLAELQAM,34.0,15.482343134973602
DKYREQLTQEKKELDALQAM,34.0,15.557580392101828
FATQAQLEAEQLNLDALRAQ,34.0,15.815451905109546
SNCREQLSASQLLLAEAQAM,34.0,15.979292384193686
HKEQERLNAELLNLAELQAQ,34.0,16.128683524965012
EQYREQLQAAQKYLAEATFK,34.0,16.73616016451281
EKRQEQLECCQNLLAELQAK,34.0,16.770601552384015
SKYQEQMGAYQNQLAEERAQ,34.0,16.816940202489768
DKIQEQLNAYRLNLAELQAK,34.0,16.93388290976789
DQIQEQLAAERFTLAELQAK,34.0,17.37621833965012
FQTQEQLAEYRNQLSELQAQ,34.0,17.43385075278114
DNCMEQLQICQNLLAEARAQ,34.0,18.053026364942777
HQYRTQVEAYQNELAALQAQ,34.0,18.99771415075641
DKAEEQLQGERKELAELQAV,34.0,19.24799092465075
WQIREQLEAAQENLAELHAQ,34.0,19.9560674479833
DQYWEQVENCQNQLAALQAK,34.0,20.903055610443108
HLVNEQLQACQNQLAEASGM,34.0,20.95921297351623
DKMQKRLAECQNNLAALQAC,34.0,20.96777169595871
FQTQEQLEAYQYLLAELRAQ,34.0,21.29141221808334
LQYQNRLDLNQAEIAATQAK,34.0,21.392631340924783
FKIKEQLAAYQLQLAELQAQ,34.0,21.540414162500213
EKIQERLCAYQLELAALHAK,34.0,21.916149521093622
DQYREQVAACQNALATDRAK,34.0,22.52263572849412
FQYQEQLEAEQYLLAELQAQ,34.0,25.02226063017476
VKYQEQQEACQVFLAELQAC,34.0,31.454604656701225
DAYREQVQACQTALASLQAK,34.5,12.486365113624329
DAFQECLQESQNALAEAQAG,34.5,13.810894618255412
AQYQEQLTAERNALAEEQAK,34.5,14.570716315706704
LKYQEQLEALQENIAALRAQ,34.5,15.15724828977417
SFCREQLTTAQQELDRARAA,34.5,15.330508768530107
DSVQEQLDTERNRLAELQAK,34.5,15.53957497075224
DQYREQLTAEQQELAELQAQ,34.5,15.57699057847723
DQIQERLVAERNQLAELQAK,34.5,17.10603106392038
WKIREQLAAEQNNLAALQAA,34.5,17.491878248512364
PKYQEQLQCEQNLLAELQAH,34.5,17.78344816842745
DAYWEQLQACQNLLAELQAK,34.5,18.43877168658448
DKYQEQLGAERNTLAEQQAK,34.5,18.51990049178311
DACYEKVVACQNQLAELQAK,34.5,19.47108159304736
HSEQENLAAEQNELAELRAK,34.5,19.48937026597609
FQAREQLLAYQSELAEIQAQ,34.5,19.522292333740367
FLIREQLAAAQLGLTEAQAM,34.5,19.636413298761788
DAYQSQLTRAQEELACTLEQ,34.5,19.715939478725755
DQYREQLQACNNLLAALQAQ,34.5,20.387992182807576
HQYQEQVVLHQKLLAELQAN,34.5,20.551163610540364
FNWQQQLGAMQLRLAEAQAN,34.5,20.82711693622598
DQIQCQLAAERATLAAWQAK,34.5,20.99115317032952
NQYRGQLTCAQEALAALQAQ,34.5,21.051947566054523
DKYQEPLGAERNQLAELQAQ,34.5,21.22341223944502
IRIREQLANYQLALANLQAM,34.5,21.22370053808175
HATREQLQLEQNQLNALQAQ,34.5,21.27148590070714
WYYRERLQECQNTLAEIQAQ,34.5,21.67942200334816
DAYQGQLQACQKALAAIQAC,34.5,22.157025186813293
FKYQEQLTAEQNLLAELRAY,34.5,23.93849603610076
DQCRWNLNACQEQAAALQAM,34.5,25.399024275201235
RQMREILRAYQNQIAELQAC,34.5,25.72291977078409
DQYPEQLAAYQLCKAALQAN,34.5,26.41506510863832
WRYSEGQNACQNQLAELKAK,34.5,31.67940069595366
EKAREELTAYTQALEELQGF,35.0,12.642169634397105
DAYREALTAEQLRLRALQAQ,35.0,12.825482169665484
DAYREQLQYAQNALAALQAK,35.0,13.354222246446922
DDIQERLAAAQLALEERQAI,35.0,13.619550634631867
DAYQERLEAYQNSLATLQAT,35.0,14.259920495399957
DKNQEQLSRARAELAALSAQ,35.0,14.511668838347893
DKYQEQVNENRNTLAALQAR,35.0,14.905500663592496
DKIQERLNAYQNELAALQAK,35.0,15.015968027820511
PKIQEQLAAYQWKLAELQAK,35.0,15.319725969970316
FESQEQLEEEQKLLAALRAQ,35.0,15.329822634345309
DQCRERLTAARDELAELRAA,35.0,15.446620998251944
DQGREQVTACQNALAALQRK,35.0,15.747434086058153
DQYQEQLQEAQNNLAELRAQ,35.0,16.108946711800943
DYTRERVDALQGELAALQAK,35.0,16.13880956328735
DKYQETLAAERLELAELQAK,35.0,16.734039700939515
DQYREQLTACQEKLAALQAQ,35.0,16.854987951669806
DACQVQIQACQNALAEAQAG,35.0,17.320592837449535
HAYRYQVQACQNALATLQAK,35.0,17.332870419279896
EAIRAQLCAEQLNLAALQAQ,35.0,17.682939506694396
SKIQNYLEAEQKELATLRAK,35.0,17.867951278988382
NAIQPKLQAAQNQLAALQAK,35.0,18.594087705332495
DQYQERLNYEQKELAALQAK,35.0,18.70331165543116
RTIQEQLNAYQLRLAELQAM,35.0,18.91619511030157
FQYQEQLENEQQLLAELQAQ,35.0,19.16089843031349
KKYQDQVNAEQRELATLQAR,35.0,19.37699339996802
HKYREQLLAAQNELAALQAM,35.0,19.791712471254517
DKTQERLQAEQMELAELQAC,35.0,19.861242324075448
DKTQERLQEVEMELAELQAC,35.0,20.41872122862295
EKYREQLCAYQMQLAELQAR,35.0,20.718537254710863
DQCQEQVDAYQKLLAELRAC,35.0,22.032613148915868
IKYQEQLNAEHKELAALQAN,35.0,22.08949168766621
QKYQEQQQACQNALAALWAK,35.0,22.31417653156985
FQFQAQLQAVQNLLANVRAQ,35.0,23.14400174678394
VQYQEQVAAYRCQLAEIQAK,35.0,24.93166877595807
DTYWYQLETCQKELAELQDK,35.0,26.925949967522197
DAYRERLQLTENALAALQAK,35.5,11.713609519242686
DAYQEQLRAQQTALAALQAV,35.5,12.664112821060682
AQNQEQLTANQEALARLLAK,35.5,13.525219500958237
DKYQEILAAEREALAELQAK,35.5,13.994428004814074
DAYRSQLDACQNRLAALYAK,35.5,14.78078715126767
DYYREQVQTYQNRLAALQAK,35.5,14.84430129927076
EKYREELENGRQAFEELQAK,35.5,15.02689914239046
NYPREQVQLLQNNLAALQAK,35.5,15.386409088360974
SNHQEKLQQARKELAEARAC,35.5,15.715704313766029
SKIREQLNAELSELAALQAQ,35.5,17.06168053642184
DKYQERLQLCQGALAELQAK,35.5,17.168728256071738
DKHQEQLNAERQFLAELQAK,35.5,17.67914630420565
FKQQEQLEAEQLQLAALQAQ,35.5,18.021283131147516
DAIQERLLAYQNRKAELQAL,35.5,18.428584675445475
DLYREQANACDKQLAEAQAK,35.5,18.45002012731219
DRYRECQQALQNALAELQCK,35.5,18.56648597928529
FQTQEQQEACQNLLAELQAK,35.5,18.60965621859002
WQQRIQQEHEQNLLAALQAQ,35.5,18.700590337556388
FQTQEQLEAEQNLDAELRAQ,35.5,19.16899439347479
WAYREQVQAEQNALAALRAQ,35.5,19.294507563240565
DKYQEQLGQEALRLAELQAY,35.5,19.733481040752014
HKLREDLNAEQSELAALRAK,35.5,20.27368283109683
WAYREQVQAEQNALAALLAQ,35.5,20.370791576598357
SKIREQKNAYLSELAALQAW,35.5,20.6150638762322
DKWQEQQQLCQNALAELQPK,35.5,20.74998465076351
DAYQEKVQACQNLIVELQAK,35.5,20.95457158817973
FRCRELLLAEQKELAELRAR,35.5,21.439913226261236
DQYGEQAELCWKALAELQAN,35.5,21.681592610682124
DLYREQKNACQEQLAELQLK,35.5,22.0069078372474
HQYREWLQAYQNALAKLQAQ,35.5,22.254055654912545
DQLQEQLVACQNLEAPLRAV,35.5,22.319084244828183
DQYGEQLCQAQKAFAEAQAH,35.5,22.339835287358667
DQYQEQVVACQNLLAELRAN,35.5,22.53082564778656
KEVGDRFTAYQRELAELQAQ,35.5,22.688525634145925
WLYMEQLQAAQNQLAEAQCQ,35.5,23.38634097667646
SKYQEQLAAEQLQLCELQAF,35.5,23.529962215327608
FQYREQLQGCQNALAELQAQ,35.5,23.940557203232466
HQYNEQLLLCQNTLAELRAK,35.5,24.11523686747296
DTYRNQLTAEQNEWDATQAM,35.5,24.128550106049616
DYWREQWEQYKNNLAALQAK,35.5,24.264031949897294
WQIQEQLAKEQNALMALRAV,35.5,24.41180239945301
IWYQEQLNNEQNELAALQAK,35.5,26.72232196894868
DACNEQKNACQNYLAELQAC,35.5,28.643670817815376
WQYQEQCVACREALAPLQAN,35.5,29.91895277023161
DQAREQVQALQNQLAELQAK,36.0,10.136065810739776
VQNQEQLSQYRDRLAAALSK,36.0,11.637529092229508
SNRAAQEEAQQKLLAELQAK,36.0,12.148603536515871
ESARERLNGYRKKLAELQAK,36.0,12.273601269884551
DKEKVRLLAEREELLAAQGK,36.0,12.82715147300758
DASREQVQLCQNALAALQAQ,36.0,14.795366752831344
DYQQAQLSAEQNMLAALQAK,36.0,15.333048527159942
HKYQEKLTSARNELAEARAQ,36.0,15.362331885458527
DATRSEVQAAHNALAALQAK,36.0,16.500419619106214
DKYQEQLNAYRLELAELQAQ,36.0,16.570821200772546
WAYREQVEAYQKMLDALRAK,36.0,16.817548049276553
DKWYERLSEVEGELAELQAK,36.0,17.213309234543033
HKYRWQVTAAQNELASLQAQ,36.0,17.535379779307874
DKWQERQTAEQEELATLQAM,36.0,17.646751111615146
EKYQEQLELYNKELAALQIQ,36.0,18.54995812578955
IYYRERLDEEEKLLAELQAH,36.0,18.68743399889662
IQYQEQLTAEQLELASLQAK,36.0,19.19327570021549
HQTQELLDQEQNQLAAARAS,36.0,19.22745085045001
ICKQERLLAEQEELAALWAK,36.0,19.492778981814777
GKFQERQDLLQKELAANQAK,36.0,19.83116312755856
HFCREQLTAAQLELAALQAK,36.0,20.114180135885043
FQIQERLTATQERAARLEAL,36.0,20.254237797733687
DQEQEQLAAYQNQLAELMAC,36.0,20.301413783993493
DQYREQVNACQEQLQADQAK,36.0,21.623990404490826
DAYTEGRQYCGEQLAALQAK,36.0,21.943813067332417
DHYAEQHEACQKKLAALQEC,36.0,22.727454904972173
DQCREQIQACQEALAGTQAK,36.0,23.23655268082531
VKYREQLNAEKKELAELQAM,36.0,23.384625384966483
WQYRAQVELRQNQIAELHAK,36.0,24.123161439720125
HQYREQVEACKLLLAESRAK,36.0,25.032047602616093
HQYQENLEIYNLRLAELQAL,36.0,27.504451469676468
WQAQFQVQLCQNDLAECTAK,36.0,33.99915693123169
DAYRAQVEACKEALAEAQRK,36.5,11.94067710644705
DAYLERLQEYQQSLAELQAK,36.5,12.068904104549755
GYARERLDALRKELAALQAK,36.5,12.53787752019267
DKEREQLLAIQKELDALRAA,36.5,13.269050425376667
SQYQELLAQYQNKLAAARAS,36.5,13.67944064156519
DAYQEQLTAAQNALVELQMK,36.5,13.707336889671463
SKYSEQVLAIQERLAELQAQ,36.5,14.452876241862064
DKFQEQLDAEQNRLAALQAQ,36.5,14.55699094900142
DKYQERLTAYQNSLATLQAK,36.5,14.95131798382837
DAYREKLQAYQNLIAALQAK,36.5,15.396945466856586
DQMQERLAAEQNRLMELQAL,36.5,15.768063159081454
DAYQERSAEYRNRLAELRAK,36.5,15.769781392117467
DTIRERLNNAELRLAELQAG,36.5,16.0876105094358
DKYREQLTAEALNLAELQAQ,36.5,16.22580494253994
DAYRQEQQACQNALRELQAK,36.5,17.244425225648715
DVCQEELAAYQQRVAALQAP,36.5,17.40683239197834
FTIQEQLQAYRLMLAELQAK,36.5,18.37558832856772
WNYREKKQALQNALAALQAK,36.5,18.508051016073807
FYYRGQLPPEQQLLAALQAK,36.5,18.517317611219955
DKYREQLDLCQNQLAEVVAM,36.5,18.61739376241848
NKDQERLTAYAKRLAALELK,36.5,19.183238851102107
NQYQEQLAAEQNQLAELRAK,36.5,19.556426425507723
HQYREQVYAYQNALAALQAH,36.5,20.39057711754245
HAFREQKEACQNALAALTAK,36.5,21.145731722266536
DKYQEQKTQYAKNLAELQAQ,36.5,21.792860477089285
HQTREQLEAEQKLLALLRAK,36.5,21.93140985325181
FAIREQLQIEQNMLAALQCK,36.5,23.159242402063384
WQYRGQLTCAQEALAELQAK,36.5,23.71846811237241
HKVREQLLAEQNELAALQCK,36.5,23.904463729779163
HKAQEPLNAYQEQLAELQAM,36.5,24.65111902239015
FQYQEQLHAQQNQLRELRAQ,36.5,24.841118546462848
PAYRFQLQCEQNALVELQAK,36.5,25.811690492518128
WEVGEQFAAYQRKLAELQAQ,36.5,25.97462971531535
TAMREDVQEYQNQIARLQAC,36.5,26.45969243246965
IHEREQVTGCQQELAELQAK,36.5,26.66398777043877
HQLKENLNACQEQAAELQAM,36.5,27.044151206591604
FKYQEQLNAYQMLLAELRRY,36.5,28.24598499748976
DKYKEQVLAIQERLAELQAQ,37.0,13.353157196547889
DNIQERLSAMQRELAALQAK,37.0,13.917732882612922
DATREQVELCQNALAALQAK,37.0,14.371435639739412
DTYRERLAAAQLALAELQAA,37.0,14.50985240027647
IKRQEQLELDQKALAALQAK,37.0,14.657978099987004
DKEQEQLTAERNRLKAAQAF,37.0,15.235369654315445
DAYRMQVQYAQNQLAALQAK,37.0,16.082529593014318
DAYREKLQACQNQIAALQAK,37.0,16.21581849669816
DAYRLELDACQNALAAMQAK,37.0,16.676390928771706
DKTQSQLEAYQLRLAALQAK,37.0,17.05678409039401
DQIQEQLAAYRFTLAELQAQ,37.0,17.606730316815334
DKIQERLNAYQNRLFELQAK,37.0,17.76293230223627
DAYQEYQQLCQNALAELQAK,37.0,17.769453937036577
SFCDEQLTAAQNRLAEEQAM,37.0,17.983783375340163
ALYMEQLLACQNQLAELQAK,37.0,18.364627832294627
QVWQEQLKAEEDELAELRAK,37.0,18.91373361480468
DQYRSQLTLCQNALAALQAQ,37.0,19.09276273903965
RQYQVQLTAERDALAALRAK,37.0,19.53406659033824
DAYNEGKNACQKYLAELQAC,37.0,20.10984778311754
DQEREQLNAEQKQLAALQYQ,37.0,20.246739890440043
FQAQEQLGAPRNRLAELQAQ,37.0,20.264425778430887
DQYQEQIQAEQNALAALWAQ,37.0,21.334885410776163
DYMREQRAICQVQLAALQAK,37.0,21.4140762616214
HAYREQVQLCQNQLNALQAK,37.0,21.62204143246532
HRYNEQVTAYQNALAALQAC,37.0,23.39736039427761
PQYREQEAAYQWLLVELQAK,37.0,23.775007580454133
DATREQLCARQLELAADCAN,37.0,25.54015492719698
WWIQAYLANEQNQLAELQAK,37.0,29.02283311702489
HQYYEQVTAYQLRLAALQAL,37.0,29.488937780339143
HQYQEQQQACQMQLAELITK,37.0,30.297213472861923
DKIREQLTAYRNRLAEEQAK,37.5,13.97527849979182
DAYQEQVQAEQKLLAELQAQ,37.5,14.05202337956662
QKMQEQLAAYRLRLAALQAK,37.5,14.21152488395722
SFYQERLENAQQQLAAAQIF,37.5,14.248437775535496
DQYNEGVEACQKKLAELRAK,37.5,14.460714796755711
DHIQEQLAAARVQLDELQAN,37.5,15.186429707960013
HQYQEGKQALREVLAELQAK,37.5,16.2152505688554
DFYREQVSACQNALADLQAK,37.5,16.482803499663298
DYYRERLAKYQEALAALQAC,37.5,16.614347443315072
LKIQERLNNYQNRLAELRAK,37.5,17.22506753962124
HFTREQLQACQNALAALQAH,37.5,17.68843099038237
DQYWEQLVACQEALPALQAK,37.5,17.861042598335242
SKYQEQLAAYQNSLCELQAQ,37.5,18.059458919396786
AKNQEQLDKEQSALWALQAQ,37.5,18.23179353629447
HAQQEQLLLCQNALAALQAK,37.5,18.41253230571639
DKAQEMWAGYQKQLAEIQAA,37.5,18.67525626191189
DAKQEQLALYQNEAAELQAN,37.5,19.2721311806272
HQYQEQVQALLNRIARLQAK,37.5,19.3468800213523
DQYQEQRGATQKRLAEFEAK,37.5,20.26528820446687
FQTQEQLNYYRRELAELTAQ,37.5,20.530120529926208
DKYWEQLQGCQNALAEKQAK,37.5,20.682143777589307
IKYQEQLIAEHDELAALQAR,37.5,20.711804324448707
DQYQEQVQLCQNALGELRAK,37.5,21.53479740903764
QKHREQLTAYQSELAALMAW,37.5,21.673110682524094
REGREDLAQNQTLLAELQAC,37.5,22.062336048126102
HKYRVQLLAAQEELAATQAM,37.5,22.273667292618157
DAYREQLQLCQCVLAELQAK,37.5,22.52190853306359
IQYQEQLNAYQLALAALQAK,37.5,22.65917124133011
DAMREILQACQNQITALQAC,37.5,23.45159941307792
DAQWEQLQLCQALLAELRAK,37.5,23.935253178512724
DYYREQPLECQNQLAAVQAK,37.5,24.499883457684025
IKYQEQLNLYQLELAALQAK,37.5,24.94766685274156
HYTREQLCAEQLRLAALQAQ,37.5,25.460302321348983
HQYRECLAAYQERLAETQAC,37.5,26.46746672849948
FQYQEQLTAEQNQLMNLRAK,37.5,26.77185612245033
DQYRIQLMECQNHLRALQAQ,37.5,27.720201957597848
IKYQCQVNANQNELAALQAR,37.5,27.880417190723197
SNAREQLSAAQELLDRARAA,38.0,11.435641989773735
DDAQERLNAAQKELAEVRAK,38.0,11.933290530452936
SFYRERLTQAEEQLAEAQEF,38.0,12.043725876428413
DAYREQLTAAQNQQAEAQGK,38.0,14.289022522315936
IKYQERLEEEQQRLAANQAR,38.0,14.593504422082583
DAYRQEQQACQNALRALQSK,38.0,14.654713420703237
DACQEQVQACQNALAEATAK,38.0,15.874648869915063
DQYREQVQYADELLAALRAK,38.0,16.096432040359772
MSYREQLTAAQNQQAELQGK,38.0,16.175377056260437
ISYREQLANEQEAFAALQAQ,38.0,16.527331066170678
IKDRERLTAERKELAELFAK,38.0,16.764244964921897
DKEREQLTAIQENLAELQAQ,38.0,17.023513935448943
HQYRDRLQEEQNALAALQAK,38.0,17.104384490940735
DAYQEQVNLCQNALAEAQAK,38.0,17.287100120134934
HAYREQLQAADKLLAADQAK,38.0,17.574750965885492
DAYREQQQACQNFLASLQAK,38.0,17.774317123274376
DPERERLTQEFKALAELRAA,38.0,17.815448136148973
QYARDRLDCERKALAALQAK,38.0,18.185746380954196
DQIREQYAAYRNELARLQAQ,38.0,18.18816679663052
DQYREELVAAQERLAALQYK,38.0,18.457175437713545
DKYQEQLAECQKMLAENQAG,38.0,18.546919237019832
DQYQERLNAVQGRLAELQAC,38.0,18.708145402282405
VQNQEQLSQQILQLAALQAK,38.0,18.83582291320126
WACREQVVAIQNRLAELRAK,38.0,18.96143589015654
FKTQEQLDAEQNQLAELQAQ,38.0,19.624445993509276
SKYREQLAAAMLQLAELQIN,38.0,19.785275661493216
FQCAESLNAAKKELEELRLA,38.0,20.92463746790894
IKYQERLNAEHVELAALQAK,38.0,21.45324362966692
PQGQEQLNHVEWELAELQAK,38.0,21.507182478417423
WQTWEQLELIQNQLAEDQAR,38.0,21.58623481656177
WKCWEQLQACQNALEELQAK,38.0,22.219671341966425
FQTQEQLFAERRQLAELTAQ,38.0,22.23314108304913
IEIYERLYAYQRQLAELQAR,38.0,22.41099244853036
DQAQFQVQLCQNQLAELTAK,38.0,22.53662253045364
VQMREQLAICQNHLAELQAK,38.0,23.11509301473933
WQYREQLCATQNALAELHAR,38.0,23.997265630991716
FQLQEQLANEQLQLMELQAM,38.0,24.4559568410553
FQTQEQLCAEQLNLAELRAQ,38.0,24.79201472809105
WYYMEQLQAHQNQLAELQAV,38.0,25.681996912491066
GQWREQLKAEQNNLAELHAK,38.0,26.567725762227912
NKWREQQVACQNQLAELQPK,38.0,27.95884554747401
FRTQAQLYAYQLRLAELNAK,38.0,29.047924330108955
DRYNQQQDACQNALMELQAC,38.0,29.141699659621747
WAYNEGYQLCQKQLAEARAC,38.0,31.453734367763744
DENQERLSSMQLELAAALAR,38.5,11.006218419636095
DAYREQLQLSENALAALQAV,38.5,11.893893775173314
SKYQEQLLAARQELAAAQAM,38.5,13.361355677128085
EQYREQLQAAQNLKAALQAK,38.5,14.315566539372576
DKHQEQNAAYRSRLAAEQAK,38.5,14.323016025351166
DKYREQLTAEQLNLAATQAQ,38.5,15.126437118508994
DKMSEQLAQYRERLAELQAQ,38.5,15.178276662321547
HPEQERLTAELYALAEAQAA,38.5,15.37260011833847
DQVREQDELLQEAAAELQAK,38.5,15.966553245609072
DKCWEQVQACQNALEALQAK,38.5,16.423482592496313
DCILERLQEYQLRLAELQAK,38.5,16.458099911899325
DAYREQVQLCQNALGALQAK,38.5,16.519939304347727
DQYREYLDACQEKLAALQAQ,38.5,16.70898457103384
NKMSEQLAQYREQLAALQAK,38.5,16.915777198076952
DKTQERLAAYQNQLAALRSF,38.5,17.468643984290317
DAMQEQLAAYQKELCALQAN,38.5,17.961532470734102
DQYQVQLTAERDQLAAMRSK,38.5,18.337323332915343
KVIREREYAQQNALAQLQAQ,38.5,18.46723724889376
SFAQEQLNAAQTQLAEACGW,38.5,18.480773519633093
SQYGEQLCAAQLALAEAQAK,38.5,18.75575240767807
FQTQEQLQYYDNLLAALQAQ,38.5,19.449717073020057
DYYMEKLQECQNHLRALQAQ,38.5,19.58825868498055
DAYSEQVTAHQKLIAELQSL,38.5,19.85999567994425
DQTSEQLELEQKLLAEIRAK,38.5,20.18729071964365
FQIQEQEQAYANQLAELQAQ,38.5,20.697747053005205
PQYREQLANEQWALVEMQAK,38.5,21.045433684320283
DLYMEQLQALQCQGAELQAK,38.5,21.14311469720475
HQTQEQLEAEQKQLAEIHAK,38.5,21.149087760498283
IAYQEQLPANRLELAELRAK,38.5,21.18746243540376
HKYREQLYAEQKILAELQAK,38.5,21.9317259398491
DQYREQLGLYEWAIAALQAK,38.5,23.024551603868453
DAYNSQQTLYQNALAELQWK,38.5,23.07397325490285
HFCREQLTQAQDQLAYLQAK,38.5,23.395501059506465
WSEQEQLNYEQKELAELQAK,38.5,23.465083905423512
HAWRVQVQACENQLVELQAK,38.5,23.552192859913397
FVYQEQCQAEQDELAALRVK,38.5,24.646997774052416
HRCNEQVQAYQNALAALQLC,38.5,24.689452530792995
DAYQAQLTAYQLNLRELMAK,38.5,25.84057699532169
HCYREQLQAYYNRIAALQAK,38.5,26.25730480599812
DQYSEQLNACDKQCAEAQAC,38.5,32.08654194532612
WLYMEQLDACQNQLRAAEAC,38.5,32.33602488716326
DKYQERLSSAQLELAAALAQ,39.0,10.89643333528485
DEEQERLQQTQKAIAELQAA,39.0,12.833101112135278
SKEKELLTAAQEELLALQGK,39.0,13.118756730432144
DEGQERLQAHQEKLAALVEM,39.0,13.266751486864882
HPERERLTAAKNALAELQAN,39.0,13.358662925762191
DARRERVQACQKLLAALQAK,39.0,13.588631072823569
DLIRLQLDAAQNGLAAAQAQ,39.0,13.871040206499236
SKYQERLNADEDQLRELQAQ,39.0,14.382461366466
DAIQEQLQAYRNFLAELQAK,39.0,14.660734131793747
DACRSYLQACQNALAELQAK,39.0,15.150592916714295
MDERERALGYRKELAELSAK,39.0,15.424112355996698
DAYSERLGEYQQQLAELQEK,39.0,15.483457018253429
ALYMEQMQATQNALRELQAM,39.0,15.51979762595475
DAYRLQLTAAQNLLMAAQAQ,39.0,15.75461682533776
HFYSEQLEACQNALAALQQK,39.0,15.797955278627418
DKYRERLNEEEGMLAELQAT,39.0,15.918313906869434
DKYQEELTAYRNQLAALQTQ,39.0,15.993950583725756
LKTQEQLDAEQENIAALRAQ,39.0,16.074165356783073
DAYRMQLTLAQNQLAALQAK,39.0,16.221452942683804
DANQSQKEALQIELARALEQ,39.0,16.411741465362272
DACREQVQLCQRQLAELQAK,39.0,16.84728114541916
SCAKSALNRAQEELAALREM,39.0,16.889221771284188
DKIQEYLQAYQNNLAALQAQ,39.0,16.93965185557804
DQTREQLEAEAEALAELRQK,39.0,17.729327961243982
DNCRERLTAAQWELARAQAP,39.0,17.758489693916395
DQTREQLEACANALAALQAK,39.0,18.15767802175536
HAYRLQLQAYQNALATMQAK,39.0,18.20271623755816
RLYVQELTNVQDQLDRLQAQ,39.0,18.363544959506537
DKLDEQHSRAVAELTELQAQ,39.0,18.82602612115291
FQIQEQLKAYQRRAAALEAL,39.0,19.482276504879085
EQTQGELVAAHLNLAALQQK,39.0,19.82460914837837
HKYTEQLTSIQNRLAELPAQ,39.0,20.07805395635225
FYTREQQQLVQEATAALQAK,39.0,20.081879956457115
GAFKERQDLLQKEIAATQAK,39.0,20.33992249922645
DQYREYLQWCQEKLAALQAQ,39.0,20.60318279683319
DQIQEQLAWARFTLAELQAQ,39.0,21.330085567993294
IMTIEQVRACQRQLAELQAQ,39.0,21.46600923734677
DKCQEQKTAYQLELARAQAQ,39.0,22.478039727856117
HKEREQLTAEQENLAETRAQ,39.0,22.83550436058352
IQYREQLTQFKDQLAAMRAK,39.0,23.211583221068
VETSERVTYYQNMIAALQAH,39.0,23.758150625591167
HQWQEQLCAEQLNLAEAQAQ,39.0,24.08453874731172
YAYREQVQLLQNNIARLDAK,39.0,24.306581558896728
DRYGEQVQAYQNAMAALQLC,39.0,24.40350562068595
HKYGEQLCAYQNRLAALQAQ,39.0,24.71719699198495
WEIQEQLDAEQNALLALRAQ,39.0,25.05177503607215
WAIREQLVAAQMQLAELHAR,39.0,25.216798830074783
DRTQEYQQLMQNALAALQCQ,39.0,26.46765793236516
WQYRVRVQAYQNELAALQAC,39.0,28.18285571368852
DQYQENHQLCQNLLAENQAK,39.0,28.22127815485665
HQYRECQVAHNKLKAELQAN,39.0,30.61965212986752
HQYREQLVWYQNQIIALQAK,39.0,33.40230266869385
AARRTQLTAEQEALARTQAF,39.5,12.77919286928888
EKYREQLEAEQKILAEMQAK,39.5,13.019923041913811
DQYQEQLSGYQDRLAAALAR,39.5,13.08165094659032
DAFQEQLQESENALAALQAV,39.5,13.722968216502489
APEREQLSQERNALLDLLAM,39.5,14.91585303851496
DKSQEQQLLLQNALAELQAK,39.5,15.506575110352886
WQTQEGKQALRELLAELQAK,39.5,15.670909542260269
SQYREQLTTEQQELDRARAA,39.5,15.873062450942824
DQASEQLQAADKQLAAARAC,39.5,16.03325100609544
HQCREVLEREQKALAALRAQ,39.5,16.194017626433478
FNTQEQLEAEQTLDAELRAM,39.5,16.481218390152932
RQMQERLTAERDQLAAMLAL,39.5,16.606412146331145
DKIQERLQPYREELAALQAM,39.5,16.877297072980053
HKAQEQLNAYQEQLARAQAM,39.5,17.012598662381986
DYYREQLEACANALAAVQAK,39.5,17.232484844472985
SNHQEQLQAERNQLAEAQAN,39.5,17.345027783135485
HAFREQLEAAQRGDAELQAK,39.5,17.370014341709446
HYYRERLQEYRNVLAELQAH,39.5,17.692453334102893
DKWQNQVQLCQNALAALQAK,39.5,18.00660813451395
DLLQEQLEACQNLLAPLRAV,39.5,18.151074597193915
HAYREMDQACQNRLAELQAL,39.5,18.45177842247501
DAYQERLDLLQAEIAPTQAK,39.5,18.59533180695779
DQYWEQLENCQEQLAELQAK,39.5,18.96096234660616
HKIQERLEAEQNELAELQAT,39.5,19.01636793148135
HACRSQVEACQNALAALQEC,39.5,19.328563769379077
YYYREQLQQCQNRLRELQAQ,39.5,20.766508506246616
WEYSEQVQACQNALAALQLK,39.5,21.03685818278544
HKWRERLVEYEGRLAALQAK,39.5,21.12028414257477
FEQQEQLSAEQNQLAELRAQ,39.5,21.218142592656395
DCWREQLKAYEMELAELQAR,39.5,21.28833761751501
RQYQVQLTAERDILAAMRAK,39.5,21.367089258081062
FKTREQLNSYQLELAALQAK,39.5,21.44133482983123
FACREQLLAEQLEKAELRAK,39.5,21.49071472983487
FQYRSQVEARQNQLAALHAK,39.5,21.70321594798954
VKIQEYNAAYRNQLAELQAK,39.5,22.461133313519923
IQYRTQSQEYQNALAALQAQ,39.5,22.463095928402023
FQIQEQLNLYRLNLAELQAK,39.5,23.09344480026636
EYTQGELCAAQLNLAALQQN,39.5,23.10875725763752
HQMREQQAHCQNALAELQAQ,39.5,23.63527055389443
DQYRERVQLCQNELAATQAK,39.5,23.671612096282004
DKYDEQLTQYALRLAALQAK,39.5,23.68325929120974
HACRIQLCKEQDELAELQAK,39.5,24.01866187760921
EKYESQVEAAQKECAWLQAK,39.5,24.315240171580065
IKYQEELNAYQNELCELQTA,39.5,25.79242109507801
WQYREQVCANQNALAELQHR,39.5,26.55619298266465
IAYSERWTAYQNRLAELQAL,39.5,27.213129173654234
DQYYEQKNACQEQLAALWLK,39.5,27.370209086637885
WATQEQQEACQQLLAELRCK,39.5,27.51515567390387
YQYWDQLQEELNALAALQAQ,39.5,28.1235551288811
HACQEPLQFCQAALAELRAK,39.5,28.933366335437828
DACREQQDLCQKEIAELQIK,39.5,29.062662726468144
FQYQVQVQACQLQLAALRAQ,39.5,30.41005478612958
SNAREQLSAQQELLAAAVAK,40.0,11.537769805743414
DNAKERLSAMQEELAALQGK,40.0,12.188863741155808
KKIQAQLEAEQKLHAALQAK,40.0,12.322853809365466
DAYYQQKQAEQEALAALQAK,40.0,12.990824321744498
DPERERLQAEQLAIAEALAL,40.0,13.111180524140993
DAYNEGKNACQEALAALSAK,40.0,13.43620616109108
DEEQERLQSMQNEIREALAR,40.0,13.51422625575328
DKYQERLNEEQLELAELQAK,40.0,14.043592459103172
DQARESHEACQNALAALQAG,40.0,14.928773342495838
DKWWERLDEEEKLLAELQAK,40.0,15.487973450102148
DLYGETQQAMQNAKAELQAK,40.0,15.780899304443174
DQYQEQVQACQNALAELQAK,40.0,15.815686538506364
DARVEQVEACQNLLAALQAK,40.0,16.082101203301093
DRDRVQLEAYQEILKELQAK,40.0,16.091322489613574
DKIQSQLEAYQNRLAELYAK,40.0,16.33620173167129
HYIREQVTAAQNELAALQAQ,40.0,16.77906104960813
DHIQERLDAERNQLAELQAR,40.0,16.89045056478709
DQYQEQRQEAQNELAQLRAQ,40.0,17.246159857509205
SKYKEQLNAEQLELAALQAM,40.0,17.368782959652588
NKASEQLGQYRKRLAELQAK,40.0,17.632640063284867
EQYREYVQACQGELAALQAQ,40.0,17.736427574098368
DQAQEQLTGEAKALAELQAF,40.0,17.885440634851975
LKYREQVQAFQEAIAALRAQ,40.0,17.943750950325246
HQSQEQLAEERGTLAEAQAY,40.0,18.15173218084657
NKAKEANNADQEELAALRGK,40.0,18.226793556584685
DQYPERLAEYEEEIAELQAK,40.0,18.50296104717818
DAYMEQRGAERKQLAELQAK,40.0,18.81666493068464
DKYNEYQQAYQNALIALQAK,40.0,18.976314229016477
DKYQEQKNAYELNLAESLAQ,40.0,19.09380769515645
DVFREQREACQNADAALQAK,40.0,19.288435145779765
HAQQEQLLLMQNALAALQAC,40.0,19.38412565893734
HQMQEQLAAEQKQLMELFAK,40.0,19.52954570543842
DKCWEQLQLCQNALEELQAK,40.0,19.547659643434525
DLCWEQLQACQNALAETQAK,40.0,19.83130201650338
DKYAEQVQAFQKLYAEQRAQ,40.0,20.14978809256024
DQTQEQQQLEQNLLAELRAQ,40.0,20.419176654045952
IKTSEQLCAERLQLAALQAQ,40.0,20.429205646231075
PKYDEQLQCEQNLLAELQAH,40.0,20.93139317424255
DRTQSQLGAEQLRLAELQAS,40.0,20.944709887666576
WSVREQFNNEQAELAALLQK,40.0,21.072153414811197
TKWRERLNETENELAEQRAK,40.0,22.08708777225032
IAYSERLDAERNQLAELQAR,40.0,22.225744525696214
DQYREQLVAYANALAALNAQ,40.0,23.103646193628183
KQTQEQLFAEQRQLAELRAM,40.0,23.317356458933304
FQYQEQLNAYKKELEELQMP,40.0,23.359713736444643
FKEREQLNAEQLELAELQYQ,40.0,23.569039950558462
CQTQEQKQLCQNLLAELTAK,40.0,24.39483855074818
RQTCVQLAAERDQLAEMIRK,40.0,24.681867419846245
IKIQEQQNLYQLELAALQAK,40.0,24.95481839919564
HLYRERLQLCQNQLAEIQAM,40.0,26.37898691596644
FCIREQCAAKRLQLAELQAK,40.0,27.91773498247877
HQYQEQLTQFKLQWAALQAK,40.0,31.14432059228855
DACNEQVDLCQKQLYAAQNC,40.0,32.16509663245883
DKAKERLSEQQEELAALLGK,40.5,10.2565168748552
AAYQAQVTAEQEELARLLEQ,40.5,12.005973583250125
DAYREQMQESENALAALRNK,40.5,12.013374072521168
RQAGELLSAQQEELAAAVAK,40.5,12.084085292551949
DQYLERLQQEQNGLAELQAQ,40.5,13.21185843807922
SSEREQLTTAQYELDRARAA,40.5,13.595011944464156
DKYREQLTLAQNVLAALQAK,40.5,14.0971609508056
AQNAEQLLQDQLDLACAQAM,40.5,14.34834803134742
DAFREQLQASQNALAALRAI,40.5,14.471236185498126
EQIQEQLARYRNQLAELQAQ,40.5,14.535755706060632
EKYQEQLGQYQNALAAEQAQ,40.5,14.617210982966249
HQERERLLQEQELLAALRAA,40.5,15.180848296991607
HQMQEQLEAEQNRVAALQAQ,40.5,15.384337541508549
SERAAQLEHDQKIHAALQAK,40.5,15.756148957198423
DPERERLTAEYDQNAAAQAL,40.5,15.7801044108138
DACNEQVLAYQNALAELQAK,40.5,16.761459751503516
GFYQEQSQSYQNALAALQAQ,40.5,17.094219114204467
SQYQEQLQAAHLALATLQTK,40.5,18.139169616985697
DQCREQIQACDELLAALQAG,40.5,18.588379094486072
DQTREQLEAEAEALAELRQD,40.5,18.591796891947435
FKYRDQLTAEQLELAELQAK,40.5,18.694154666060665
NKFQEQLQEAQNNLAALQAQ,40.5,18.69933579428645
HQYREIKLAYQEALAALQAK,40.5,18.91358931501933
DAYREQLTACQELQAALQGK,40.5,19.45078875343405
DQYQEQLGAERTQHATLLAK,40.5,19.92106673175696
SDEREQLNAEQKELAALQYM,40.5,20.207731872307395
DAYCEQGELCQNALARLQAK,40.5,20.975204247029616
WQYREQLELIQNQLAEDHAR,40.5,21.18167068966335
HAQQEPLQQCQAALKALPAK,40.5,21.261835344587457
FTTREQLCSVEEELNALQAK,40.5,21.40941249993523
HAYRVQQMAYQNRLACLQAK,40.5,21.455981656707166
FQIQEQLARYRNQLAETQAQ,40.5,21.75472277431837
DKTQEQLTAHQLNLAELQSL,40.5,22.28267392075693
DQWQERLAACQGELATNSAK,40.5,22.366961597214587
HACNEQVQASQNELAALQAC,40.5,22.63349200877414
WYYMEQLTAAQNQLMAAQAQ,40.5,22.91114835425693
NQYREQLVWYQNMLAALQAK,40.5,23.368580773539254
RKCQEQLLAEQLELARCQAM,40.5,23.879521080833587
DKYQQWQVACQKAKAELQAK,40.5,24.032098131102725
HQYNNQVQAMQNANAELQAK,40.5,25.56815553291453
WQGREQLECNQTALAELQAC,40.5,26.84529964054096
WIYREQQQACQNQLAENEAK,40.5,29.82098980040149
DTQKQQLLAEQEELAAAQQK,41.0,11.907851316274986
DAYQERLQAEQDQLRELMAK,41.0,12.159575834569734
DQEKVRLLAERDELLAARSK,41.0,12.272377351780449
DAILERLAEEQQRLAENQAY,41.0,12.504711872861485
AKYQEQLDEEQKRLAELQAQ,41.0,13.483161489656206
EQRRIQQEHCQTLLAELQAQ,41.0,14.038043323543468
DLIRQQVTAAQWELDALQAQ,41.0,14.455922508007813
DAYREIQQAKQNLQAELQGL,41.0,14.924456050303856
DKAREQVEACAEQLAALQAK,41.0,14.990630607166691
DYYREQVQLEQNNLAALQAK,41.0,15.256601254754544
DAYQEQLQGCQNALAALQAK,41.0,15.320733455922465
HHRREQLTAAQRELAALQAK,41.0,15.454420753812132
HQMQEQLAAYRKRLAALQAK,41.0,15.457996078763262
AKHQEQLTAYQSELAELMAK,41.0,15.986656251518085
KTEQERLSAQALNLAELEAR,41.0,16.697365675080196
WADREQVEAYQNHLAALQAQ,41.0,16.77370081646656
DQCQERLNAAQKELEEVRAP,41.0,16.866071720089028
DRYRQALEACQNACAELQAG,41.0,17.04127005256844
WAYRVDLEDEQKLLAALQAK,41.0,17.080444521602836
RQTQVQLDQERNQLAAARAS,41.0,17.90864579033608
HAYSEELGAYQEQIAALQAQ,41.0,18.650328293225936
DQITAQLAAEQNQLAELQAR,41.0,18.888830595742533
HPEREQLCAELYALAEAQAA,41.0,19.141958658290307
DQYQVQLTAERDQLAEERAK,41.0,19.675043201498028
FKTQEYLELEQQALAELRAQ,41.0,19.8643161197273
HPEQERLTQYQEQLAELQAF,41.0,19.8857276033362
HAYREQVTAEQLRIAALQAL,41.0,20.112621628136583
DARSDQVQLYQERIAALQAL,41.0,20.13702492332896
FWIQERLAAYRNQLAELQAQ,41.0,20.47524442256532
HQYREQLEAYQNALAALHAQ,41.0,20.92396249113401
DQIQAQLANEQNQLRELQAC,41.0,21.786719879788645
DRYREQETAYQEILAETQAQ,41.0,21.88556104217808
FCYREQLQAYQNRIAALRAK,41.0,22.13711631430156
IQTQEQLAHEQNGLATLQAQ,41.0,22.589661681958457
HKYQEQVTACQNALAHLQAC,41.0,22.59830012881115
IQIREQLAAYRLQLAELQHQ,41.0,22.7006302900125
HQTREQLAHYQNALADLQAQ,41.0,22.93456333058892
DQYNEGKQYCDKQLAAARAC,41.0,23.28298703639089
WQTQEQLAKEQNAIAELQFK,41.0,23.94088697790277
WACQEQLNACQNALAALPAD,41.0,24.471089121685235
WKTQEQQEACQNALAEARCK,41.0,25.18071702853025
DLYWECLQNCQNAKAEAQAM,41.0,25.71872357632331
WEQQEQLSAEQNALAALWAR,41.0,25.92867545988703
HKYREQLNAEQDQLAELQCR,41.0,26.81281143102123
WWIQEYLAAYKNQLAELQAR,41.0,28.475701416389512
DKYREQVTAAQDELAALQAQ,41.5,12.408582899192226
DAYREQLRTSQNELKELAAK,41.5,13.479574272197787
EQYEEQLQAAQKALAEATFK,41.5,13.849793407885834
DAKQSQVQAVQNELAALQAK,41.5,14.283815203791573
IKDQERLTAYRKRLAELQAK,41.5,14.36969846552625
PKYREELEAGRLEVLELQAK,41.5,15.321525300724428
SKHQEQLQAERNQLAELQAN,41.5,16.66829415975603
WSEQELANYEQASLAELQAK,41.5,16.72762314029967
SNCREQLSASQLLLHEAQAM,41.5,16.76290085882772
FKTREQLAAYRTWLDELQAM,41.5,16.902965065507182
DHRREQVQACQTELAEAQAK,41.5,16.927122098375282
DRYQEELTAEALRLAELQAS,41.5,17.11462681028143
PKYQEQLQCEQNAAAELQAK,41.5,17.415416732624426
KEIYERLYAQQRQLAELQAK,41.5,17.55073584718456
HAYMERLTAEQEELATLQAT,41.5,17.660612497747486
NQYQVQLNAAQEESAALQAM,41.5,17.843690901488575
DKYDEQLTAYQDELDALQAW,41.5,18.355763135993968
SNCRQQVTAAQWELDEAQAM,41.5,18.43278032887465
IEYQEQLGIDQQTLAALQAY,41.5,18.503705053124936
NAYREQMQWCQEALAALQAK,41.5,19.69945721000901
DAHREQLNVKEGRLAELQAQ,41.5,20.107889719669483
DKGREQQQLCQNALAEAQAK,41.5,20.17672336120964
RRITEQLAAYQLRLAELPAM,41.5,20.311550070014658
FQTQEQLENEQNALAELQFK,41.5,21.437636991034537
FQAREEVEACQVLLAEARAQ,41.5,21.550456026816253
DKTQEQLACERRQLAELQMK,41.5,21.775070490282356
SATREQVTACQEAYAEYQAK,41.5,21.846136953764745
FQYREQLRTSQNELKELAAM,41.5,22.376043827545978
DYWQEQWEAYKNNLAELQAK,41.5,22.992366923377347
VHCREQLEACQKFLAALQEC,41.5,23.514582153926597
HRYQEQVRQCQKELAALPTQ,41.5,23.60681416387117
DQYWEQLEACQEWLAELQAK,41.5,23.789117162597183
HASSERLTEYQEEIAELQAY,41.5,24.12539639733742
IAYSERWEAYQNRLAALQAT,41.5,24.171754084091283
HQDRECLAAQQTLVAELQAC,41.5,24.70397758008855
DACREQVWAIQNEIAELQWK,41.5,24.78231126316316
PQIRFQLEAEQNQLVELRAK,41.5,24.84980123937301
WKEQEQLNYEQKELAELQAK,41.5,24.85397076836756
FQYQEQLEANQNLIDELWAQ,41.5,24.874127178844446
DAYWMQLTACQNQLAALQAF,41.5,25.087565756257195
DAYQEQGQLCQNAIARLDAK,41.5,25.70947676588285
WACREQLVCIQNLLAELRAQ,41.5,26.79237593558445
HQYREWLQACQENLAPLQAK,41.5,27.896614163535403
HACNEQVQACQNGLWAAQAK,41.5,31.12389059546461
IQIREQKAAYALQLAYLQAQ,41.5,32.63531247870014
HAYQEQVLACQLQYAELRAK,41.5,32.76481786925717
DKIQEQLAAYRQRLAELQAK,42.0,12.905858837380338
DQDREQLAAYRRTLAELQAQ,42.0,13.048360198409814
DENREQLSTSQLELAEAKAR,42.0,13.11725408644363
DQEDAQLLQERDELLNARAK,42.0,13.197710053783853
RTERERLTQEALNLAEAEAM,42.0,13.51294950112783
DSYREALDAEQLRLAALQAQ,42.0,13.590990081925268
DATAVRVQAYQERLAALQAL,42.0,14.355859541746227
EESREQLEEEQMRLAELQAR,42.0,14.46153089110087
DKYREQQQLMQNALAALQAK,42.0,14.486497353536228
SKHQSCLEAEQKLHTALQAK,42.0,14.497310729338023
DRCMERLTAAQWELDALQAM,42.0,14.578316301931478
SKYKAQLQAEQDQLDLKQAL,42.0,14.723746883446074
SNYRELVTAAQLELASLQAQ,42.0,14.742960060904135
ESARSQLSAYQNALAELQCQ,42.0,14.865320622498617
DQRQEQLAAYRNQLAELQAQ,42.0,14.93828668030675
DKNQEQLTAYRNRLAAAQSL,42.0,15.20262226000573
EAYRWQVQACQGRLAALQAQ,42.0,15.95930612899843
DQCREQVQAAQNYLARLRQK,42.0,16.026301451499993
AKYREQLTAEQACLAPAQAR,42.0,16.18127000964729
DTDQEELTEEQQRLAELQAY,42.0,16.338795423459604
EAYQEQLQWEQTLLKELKAY,42.0,16.557982054848463
DQYREQLMDKQNALAALQAK,42.0,16.958695258116986
DQAQEQLGAERLELAELQAM,42.0,16.995650805894435
DKYQEQLGQERFTLAELQAK,42.0,18.24416285017318
DQTREGVEAFQNQLAELQAK,42.0,18.530913454010225
DQYREALAAEQQELADCQAQ,42.0,18.54682538179027
DECQERLQAHQLKLAELPEN,42.0,19.21449436141369
DQYGEQLNACQNALAALQLK,42.0,20.01921189306
IKYYERVNAEQLELAALQAK,42.0,20.28916309774562
VKYREQLNAEKKELPELQAS,42.0,20.31010428751129
DQYQEQLDACQENLAPLQAQ,42.0,20.65058207026008
DKCQEQLTAEKKELARLNQE,42.0,20.72860492403347
HPARERLTAYQAELAELMAF,42.0,20.86605830150852
DQCQEQVEACQNKEAALRAQ,42.0,21.206151189589185
DQCRMQAEACDNLKAELQAM,42.0,21.53967104894318
DEVQDQLYAYQRQFAERQAK,42.0,21.88518600707761
IEYQEQLEHLQENLAVLRAM,42.0,22.21316381770661
GAFWEQLEECQKEIAELQAK,42.0,23.23399042163681
PQYTEQQQACENQLAELHAK,42.0,23.394542652669514
WQIREQLECAQEAYAELQAK,42.0,25.421906423437804
IQYREQLTLCQQELAELRAE,42.0,25.913987461409192
WKYQEQLTAYQNQLAELRAY,42.0,26.156210505995933
HQYQERVTAYHNALFELQAK,42.0,26.412684159225613
HQTRTQLQVEVNALNALQAK,42.0,27.431643704584108
WKTGSQLACYRRALAELQAD,42.0,29.0168707792143
DAAREQLLLLQNALAELQAK,42.5,12.628417323509163
EEEYQQVLAEQKELLEAQGR,42.5,12.644428246979452
DEILERLEAEQQRLIENQAY,42.5,14.662468472813773
DLYRESLTEDQLQLAELQAK,42.5,14.732315050929566
DCERERLSAEQLQLDALAAQ,42.5,14.990963265081998
DKYWEVLEEEQKQLAELQAQ,42.5,15.121320018277675
VPTREQLSQEKNRLDAELAK,42.5,15.755798286351125
SKIKELLTAYQEELAELQAK,42.5,15.801389782033182
HAYREWLQASQNALAALQAQ,42.5,15.955051094698772
DKYREQVSNCQNQLAELVAQ,42.5,16.293912926301267
AKHQEQLTAARKELDRWQAN,42.5,16.47865964661272
SKYTEQLDSIQERLRELPAQ,42.5,16.867362268210645
DAYEEQLQACQNLIAALQAQ,42.5,17.245568641492074
SFCQEQLTTAQTELDRAGLA,42.5,18.090016104974843
DKYQEQLAQQQKGLAELPAM,42.5,18.175636001116928
DQYPEQVNACQNALAALQAD,42.5,18.39611891371983
KQAQEQLNQYQKQLAEIQAF,42.5,18.481895251796477
DQMQEQLAKERNQMAELQAK,42.5,18.75848270313956
HKYQEQLQAEQNAKAELQAM,42.5,19.077384193175988
DKYPEQLALCQNALASVQAD,42.5,19.9935151940745
DATQEQHQAEQNLLAELRAP,42.5,20.15003310232597
DQYREQKNACQEQLAALQAK,42.5,20.36732243467712
GQYMEQLQEAQNEIAELRAK,42.5,20.998994592346044
FKYQEQQQLCQNALAEAQAK,42.5,21.41807323066861
DQNQEQLREYQNLIAILRAK,42.5,21.75695979634684
YYYREQLQLCQNRLAADQAR,42.5,22.7463562294639
NQYREQEELYLKMLAALQAK,42.5,23.196248116198017
HQYRCRVKAYQNELAALQAK,42.5,23.47868082901151
DKTQEQLACERRELAELQMT,42.5,23.602638613720668
VKHREQLESEQNLLCELQAC,42.5,24.50657900315198
DKTQVPLEACQNELAELRGK,42.5,24.510935945863764
SYTRGELCAAQLLLAELQQN,42.5,24.69079378897566
DQYREQLQAAQIYLAELRFQ,42.5,25.35241672156304
HLFWEQLEAAQRQDAEIQAM,42.5,25.409918514573054
RQYQEQLLAEQLQLLRMQAM,42.5,25.97804234600228
HVMWETLVAYQNQNAALQAK,42.5,26.150914544039992
IWYQEQLCQYRQNLAALQAQ,42.5,26.835127943325634
EKEREQLCCVEMQLAELQAR,42.5,27.08100338503852
WQFQEQKQACRNLLAELTAK,42.5,29.34294854773549
DPNRERILQELDALLAAKAN,43.0,12.101214292811193
HQARERLLAEQEELAKSRAK,43.0,12.773543224096242
KENQERLSASELNLAELEAH,43.0,13.5652109688526
DAYQERLTAEQLRLRELMAK,43.0,13.68359009867416
DKYREQVALAQNALAPLRAK,43.0,13.970511269665892
DQYQERLDAYQNSSAALQAQ,43.0,15.07589566975625
QTARERLNADQLALAELQAA,43.0,15.466157041283394
PERQAQEEHQQKLLYELQAK,43.0,15.514373144034977
HKYRERLLAAQNELASLQAQ,43.0,15.637528997298888
DQYQEQLTAEQKALAEQQAF,43.0,15.674554103769092
EEIFAQIEAYQRRFDELQAK,43.0,16.268717975848922
DQDQEQLTAERQELAELQAQ,43.0,16.99852012255207
DSYRNQEQAAQEILAELQQQ,43.0,17.106545765190905
HQMQEQLEAEQNRVAALQAT,43.0,17.18398007149252
DAYQEQSAAYRNEAAALQAM,43.0,17.369115177808208
DKWQESLREEQLNLAALQAQ,43.0,17.827095494000034
DLIQAQSEAYQLQLDALNAS,43.0,17.97239861247107
DASREQLQACQMQLAELQAR,43.0,18.36716270262197
AHERQQLQTEQLCLAAAQAR,43.0,18.6748117935873
AKYDEQLEAENTYLAELKAY,43.0,18.7458192128531
DKTQERLTAYQNLLAYLESF,43.0,18.746506164777657
CDEQERLTGYRKRLAELQAK,43.0,19.06214506007311
FAYRMQLTAEQNLLAELRAQ,43.0,19.25556887009908
DQCRLQVTACQEQLAAAQAN,43.0,19.26800844725318
DQCRENVQACQNQLAELQAK,43.0,19.87290959555145
GQYTEQLQAEQNRLAELHAK,43.0,20.815814266640317
DQIQEQLQKEQNQLMELQAM,43.0,21.091412392664324
DKIQWQEQAYRNQLAELQAQ,43.0,21.124463239213977
RQHQVQLQAERNQLAEMRAN,43.0,21.19466935117622
FQTRFQLEAEQNILKELQEK,43.0,21.47529837159535
SECREQTTAYQLQLAEEAAM,43.0,22.389140349965963
DLYWEQLEVCQKQLAPLQAK,43.0,22.5554034644552
FFYWEQLEAEQQRLAELRAT,43.0,23.106048918102523
WQIQEQLAKEQNQLMALQAM,43.0,23.74262438358788
FQTFEQLAAERNQLMELQAM,43.0,24.30119919365067
EQYREQVTQCQGELAATQAQ,43.0,24.54377296313689
WQYRVQVQARQNQIAELQAL,43.0,24.74580656183011
HDEREQLTAEQAELAALMYF,43.0,24.89571123335035
FKYQAQLIAEQDQLAEIRAR,43.0,25.65400436033591
LQMQEELQMCQVQIAELQAC,43.0,31.60950505043901
DQRNEQFDAYQKKNAELRAC,43.0,34.403000684243025
EEEQEELSQGRDELAAALAK,43.5,9.336560291034944
DEEQERLQAQQEKLAALQAM,43.5,12.122043393333898
VQYRQQVQQAQDDLLAAQGQ,43.5,14.768692135303732
IPKQERLLAEHEELAALQAK,43.5,15.416992908142191
DACQERLAFEQQALDENQAT,43.5,17.165223381242246
SSAQEQLTAAQCELRDLPAQ,43.5,17.476785974949994
HPERMQLNAEQKELAALQAY,43.5,17.895553108543474
DKEQELWTQTQKSLAELQAF,43.5,18.00817872994485
LKIQEQLEAYQENIAALRAS,43.5,18.10268014917945
DRYQEELGKYQEQIAALQCQ,43.5,18.270899222695352
HLYREQLQASENAAAELQLM,43.5,18.42951451925752
FKGQERLEAEQLELAALGAK,43.5,18.753689381406254
FQDQEQLTAERQWLDELQAM,43.5,19.67117335850761
DAYSEQLNAEKKAFAELQQE,43.5,19.727886381428235
HKIREQYTAMQNELASLRAQ,43.5,20.10184821067487
WAYREQLEACQEELAALRAP,43.5,20.454692198296364
DKDRSELDACQKLVAELQAK,43.5,20.562704482458862
DFRREQQQLFQNALAALQAI,43.5,21.091186358998925
NKDREQYTAMQNELAALRAQ,43.5,21.092699749601863
NQTIEQLHAEQRQLAELRAK,43.5,21.17221572358624
DLYMEQLDACQNQLAEAQAC,43.5,21.36609015968336
WAYMEQKQAAQNQLMAAQAQ,43.5,21.92845483389854
ICKQERLTAYQEELAELMAK,43.5,22.575659455527912
WQYQEDLAAEQNQETELRAN,43.5,23.00302630126193
IETSEQLDHDQKLLAELRAM,43.5,23.05308836187232
KQTREQVQLCQNLLAELRAH,43.5,23.169840212221867
WWYQEILAQYQNKLAELQAK,43.5,23.50384935511047
HKIQEQLEAGQNRIFELQAK,43.5,23.557550306231445
DATRERYCAYQNRLAALQAF,43.5,24.311786152321275
DAYSETLEACAKQLAECQAN,43.5,24.782953236895587
DAGQEQEQACQGALAECQAN,43.5,24.997891290029
DNQREQLFAEQKLLKAQWAM,43.5,25.255685931691254
DAYWEWLQTCQSLIAELRAK,43.5,25.381380302594973
DACRDQWELCQNNLAALRAK,43.5,27.57582982108709
DACQEQVMACQNQLRAAQNC,43.5,28.07673199614901
WRYSECQQACQNKLAELQAK,43.5,29.85067675452577
DTELERLSAQAQDLLEALAR,44.0,10.53279113159218
HPERERLLAAREFLASLQAQ,44.0,12.94591559636584
DLAREQLHQSQLELDALQAQ,44.0,13.209959074504464
DQAQEQWEALQNSLAELQAE,44.0,13.415946630942036
DQIQEQLTASRPELAELQAK,44.0,13.64304829131275
KKYQDEVTAYREQLAALQAQ,44.0,13.987267221597875
DAYQAQLEAEQLNLDELQAA,44.0,14.126411418965189
DTYKERLGAQAQQLLEALAR,44.0,14.484011744528225
DKTQEQNAAYQSLLAELEAK,44.0,14.88549335156284
PQGQEQLAQYEWALAEMQAK,44.0,14.88847985007573
EEEREQELAESKELLEAQAQ,44.0,15.003762750359638
DLASEQLQLAEKQLANADAM,44.0,15.52995709594448
DLIRLQLDAAQWELRAAQAQ,44.0,15.985032914047055
HAYYERLAAYQKALAADQAQ,44.0,16.056328826167174
APQREQLTAEQNALAAQRAK,44.0,16.077893928094557
FRTQAQLEAEQLRLDALNAS,44.0,16.51057867830165
HPERELFLAEQEELAALDAK,44.0,16.566445782928547
HHYREQLEAYQNTLAALQAC,44.0,17.640652034841025
EKRQEQLECEQKLLAELRAE,44.0,17.698272045384147
EKYQEQLGAEQTALKGLKAY,44.0,18.01563247295114
DLYTEGLEYCQEQLAALQAK,44.0,18.04453170370816
WSYRGQLNEYQDQLDAAQAK,44.0,18.362297759203404
VQNKEQLTQYQKRLAELMAK,44.0,18.474237807109933
DGYQEQLAAVQLELAALQQN,44.0,18.86404930421234
SETQEQLDAEQNQLAEERAQ,44.0,19.266850142491474
DQYREQLQACQNHLAALQAK,44.0,19.46548301095989
HPIQERLAAERNELAELQYQ,44.0,19.493322159010628
HAYQEQALLCDNALAELQAK,44.0,20.032398531122396
FKTQEQLQACQNQLASLRAQ,44.0,20.288193602363897
HQYRTQVEAYQNEIAALQAK,44.0,20.456015250171365
DQYLEQLQQEFLRLAELQAQ,44.0,21.312268502723168
DCYQVQLTAERDQLAALRGQ,44.0,21.3523435161586
DQTREQVTMYQNALAALPAK,44.0,21.462619794883285
HKVRELFLAEQNELAALQAK,44.0,21.74369896914532
EKTQEQLCAEQNNLLALQAI,44.0,22.45264178267124
FQIREQLEAAQHNLAALHPK,44.0,22.694380946436063
HQLQEQLEASDVYIAALQAC,44.0,22.852793496467232
HQYQEQVTAEQNALAELQAY,44.0,23.30724463401092
WKEQELLNYEQLELAELQAK,44.0,23.648563235838456
LKWRDQWQAFQENLAELRAK,44.0,27.19300837256685
HKTQEQLCAYQLQLAAGQAQ,44.0,28.26687397142017
YDYQETLEQCYKELRELQWQ,44.0,31.04043674975717
DLYWEQLELCQNQKAEIQAM,44.0,31.705985037513184
EKAREQLAAYRVALDELQAF,44.5,12.759122256846933
DACQEQVQALQNALAEATAW,44.5,12.82887306688726
DKSQEQLAQEALRLAENQAY,44.5,12.893115866725012
DHYQESLQASEEASAELQAK,44.5,13.401725552627555
SAYRAQLTAEQLGLAELQAM,44.5,14.442161861803047
DAYQKQVQACQAQLAELQAK,44.5,15.455117162878484
DAYQEQLQACQNALAALQAD,44.5,15.523129280859465
SNHQEMLQAERDQLAEMRAK,44.5,15.989908948865647
DACRVDLEDEQQLLAQNQAK,44.5,16.368222872722242
FEIQEQLEAEQNLLAELQAQ,44.5,17.32852008549373
APAREQLYQERNALLALEAM,44.5,17.97864758964814
HQLRWKVEAEQQRLAANQAQ,44.5,18.17449125876329
APQQEQLQAQQQALCATQAR,44.5,18.262974542502818
DLYGEQLQAMQNAKAELQLM,44.5,18.691805288337445
DQYYEQKNAEQEALAALSAQ,44.5,18.806308935382784
RKYQVQLDQEQNQLAEARAS,44.5,18.90235073036308
WESGEQLAAYRRALAELHAQ,44.5,19.15383289392392
DFYREYLQACQNMLAELQAK,44.5,19.68261259671327
TQYREIKQACQEALAAKQAI,44.5,19.96382016286596
EQTREQVTAYQLALAALQAQ,44.5,19.98735299605602
TAHQDQVQYCQNALAELQMK,44.5,20.037841213837176
DATREQLCAYQNRLAADQAN,44.5,21.00028194109035
FQYQEQLTQEALRLDELQAK,44.5,21.252088715394205
FLYQEQLEAENQYLAELQAQ,44.5,21.466825813092285
EKYRECVQAYQNLKAAYQAK,44.5,21.83616737809153
DKYQFQLAAYASELAELQAQ,44.5,21.91867801892692
IWYQEQLGQYRQALAAFQAK,44.5,22.58807817907488
HQYRETLLAAQNELASLWAK,44.5,22.70251532034511
DAYDEQQELCQNLLAELGAK,44.5,22.796130490901945
HQMQEQVQASQVEIASLQAC,44.5,22.823458382326343
DVCQLELDACKNTVAELQAP,44.5,22.878799816697573
HQYIEQVQAYQMELAALQKK,44.5,23.64433182077054
IKIQEQLNLYQLELAALQAK,44.5,23.72971771526477
FAYCEQLEAEQNWLARLRAQ,44.5,24.04012090487164
DAYSEMQPLHQKAIAEHQAK,44.5,24.453149493915653
DSYREQLTGIQLELHELKAV,44.5,24.493701298595266
FQTQEQLAAEQTQHMELRAM,44.5,26.336815768402865
WWYQEILAQYNNELATLQAK,44.5,30.469748102143317
DKHQEQLSSAQTELAHLLAQ,45.0,12.577380329026823
DQYQEQVQTLQNALAELQAK,45.0,13.01002986376608
SKEKELLTAAQEELAELQPK,45.0,13.779172876642184
APWRERILQERDALLAEKLK,45.0,13.924274682623272
EQYREQLEQCQKELAALQAQ,45.0,14.739520336049477
EKYREQLTQEAMRLAELQAR,45.0,14.859926933588635
SKYREQLAAKRDQLAELQIK,45.0,15.410245896139722
VNAQERLSAAQPELAELQAD,45.0,15.50488546315026
DKIQEAAAQYRNRLAEEQAI,45.0,15.5270127657728
DKAKERLPQEIKRLAELQAQ,45.0,15.645623783941708
GACQEQVQACQKALAEATAK,45.0,15.66335034525116
SFYRERLTQAEDQLAEAQCK,45.0,16.28812045063792
HQYREAVTAYQNAYAALQKQ,45.0,16.912662166606484
VAYRSQVQACQAQLAALQAK,45.0,16.99268605706746
DAFQEQLQGSQNELAALQAI,45.0,17.2141919191087
PKIQEQLAAYQNRLASLWAK,45.0,17.64686544572516
DQYQVRLTQERDELAEKRAA,45.0,17.704316911556813
PQIQEQLSHYQWQLAELQAK,45.0,17.93628653590563
EKRQGELECEQQRLAELQAK,45.0,18.033483612678253
SQYQEQLNEYCDQLAEAQAQ,45.0,18.18064524574956
VRHSEGLESEQNLLAELQAK,45.0,18.684872412773466
DKYQEYDQLCQNALAALQAQ,45.0,19.23441903726588
EESREQLYAYQMQLAELQAR,45.0,19.40531218101844
WLIQEQSQACQNALAALQRK,45.0,19.843924993974184
DQYSETLEAEQKQCAEARAK,45.0,20.20921716461796
WSYREQLNNEQEAFAALLQK,45.0,20.499205506599235
DAYREQLCTYDQYLAAMQAK,45.0,21.228121649787624
FNYREQLQAMQNSLAALQAC,45.0,21.45867859235931
DQDRSCLDAQQKLVAEQQAK,45.0,22.37268778257148
DAYQEYQQLCQNALAELQCK,45.0,22.72704945828914
EEVHEQLYAYQRRFAELQAK,45.0,22.827727258782616
WQIRERLCAAQRQLAELHAR,45.0,22.978099740122097
LQYQERLAECCEEIAELQAK,45.0,23.187041938326267
DVCRLQLQQCKNTLAECQAK,45.0,23.38661516520908
GKFQERQDLLQKEYAANQAK,45.0,23.91842787955505
MQWQNQLNAEQLELAACQAQ,45.0,24.65353250058766
DKIQEQLFAQQWQLAEHQAK,45.0,28.61292766194744
DQARFQLQAARQALDEALAQ,45.5,11.981192439195604
DQVREQVEALQNLAAELQAK,45.5,12.95211895779188
DKIQERLSASQDQLAALQFK,45.5,13.579083308012542
TDERERLLAAQKELAELRAK,45.5,13.67731969241522
DAYQSRLQQYRNSIAELQAK,45.5,14.142803458367272
DQEQEQLTAEQKRLAELQAK,45.5,14.164994764250608
DKNREQLHALQQDLLEALAR,45.5,14.180090222715217
DLVQEQLEHEQELAAELQAQ,45.5,14.482821973525455
HQSREQLAQYQQALADMQAK,45.5,15.47018422725685
DLERPQQQAAADELDALQAQ,45.5,15.583334093958712
DQIQVRLAQEQDELAVLQAA,45.5,15.805969559134022
DKIQEQKTAYRNRLAELQAQ,45.5,15.843145313146264
DKYQERLAEEIGQQAELQAK,45.5,16.34075398958258
HQDQEQLAAERDRLAAMRAK,45.5,16.568330710120925
DNTQERLSQMQKQLAALQAY,45.5,17.06451319574281
DAWQERLNAVEGELAELQAC,45.5,17.238668183256166
FSMQEQLAACQNNLAELQAQ,45.5,18.36147352614381
HQYWEQLEAEQQRLAALQAT,45.5,18.880799390537582
DKTREQLTMYQKRLADLPAK,45.5,19.146343202330318
FKIQEHLEAEQENIAALRAK,45.5,19.264235542165032
DAIQEQNTAYRNFLAEHQAK,45.5,19.36524104389993
DATREQLQAYHMQLAELQAR,45.5,19.576127616286985
HKISEQLEAYQEQIAALQAS,45.5,19.658419595132084
IQTQEQQAAYQLEAAAERAK,45.5,20.080039933672523
DSYQEQLQGEYLELAALQAV,45.5,20.250624830793114
DCYKEQLTAERDQLLALQGQ,45.5,20.357696214975345
DQRQEQLTQEIIALARDQAF,45.5,20.484508648783887
DKYQQEQQACQNALREVQAK,45.5,21.248058511036863
WKAQEQLGQEQKELARVQAM,45.5,21.802630293693905
FQYREVVEAEQKQLLALRAQ,45.5,22.415453393286064
VQNREQLAGYRDELARWLNL,45.5,22.52888692604028
HQYQKRLQAYQNELAELQAC,45.5,23.208880813995705
NDYQEQLTQYQKNKAALQLK,45.5,23.425060253267183
WACYEKVVACQNALAELQAK,45.5,24.71542244066154
HQYHKQLQAYQARIAILQAK,45.5,27.90741792706619
FQYREQLRAYQNNLAELAAW,45.5,28.13137227352271
WEYQEQFTLYQNLLAALNAQ,45.5,30.385898337206065
DRYNQQQDACQNKLMEAQAC,45.5,34.075326546791835
KENQERLSSSQLNLAEALAR,46.0,8.409255426912262
DEEREQLSQDQLDLAAALAM,46.0,10.764083209626556
SDAQEQLLSSRDELALLLET,46.0,11.351279154060924
AQYQEMLTAEQEALAEQLAK,46.0,12.160688185664394
PEIQEQLEAEQKLHAALQAK,46.0,12.726903761193377
DACRLGVQYLQNQLAEAQAK,46.0,12.773254366427444
EKYQEQLEQENKYLAELQKQ,46.0,13.489604194998323
EKRQGELETAQQLLAELQQN,46.0,13.516449768887435
DKIQEYVEAEQKNLAALQAQ,46.0,13.604074893258614
DAYQAQLEAEQKNLDALQYK,46.0,14.409243975679406
AQERERLQAEQDKLKCAQLR,46.0,14.73050457809198
DNIQEQLTASQLELAELQAK,46.0,14.763193241312251
DAYNERLAEEQQRLDENQAY,46.0,14.804559689953184
DEEKEQLQQQQLGLLAEQAR,46.0,15.692593765593411
DAYREYLDAYQNALAEMQAH,46.0,15.836495733246451
DKHQEQLLAEREFLAALRAA,46.0,16.057258800874788
FRTQEELTAEQLELATLQAS,46.0,16.456346406902313
DQYQERLAYERKQLAALQAK,46.0,16.46754670499099
DEYRSQIMSYQETLAALQAH,46.0,16.599082074040112
HQYREYVQATQSELAALQAQ,46.0,16.697927696877063
WQIRQELEAYRQGVSEAQAQ,46.0,16.725757226611705
VAYQEQLTQMKKKLDEEQAI,46.0,17.400271782406882
DQYHMQLQAAQNLLAEMQQH,46.0,17.590372068439777
YYYRAQVQLEQNALAALNAK,46.0,17.8093733934929
DKTQEQLMLMQQHLAALQAQ,46.0,18.079415064921548
DYTREQEMLMQQILAELQQN,46.0,19.10099659001285
PQYRQQLANEQWMLAENQAK,46.0,19.15929227836965
AKHQEQLTAERKELARWQAN,46.0,19.62607616646677
FQIQEQLSHQQNQLAALQAK,46.0,19.663314533678733
HACQEQVQLCQKALAEMQAK,46.0,20.35079245774377
IKYQTQSQSYQNALAALQAQ,46.0,20.374545481138423
TQMRESLQEEQNNIAALQAC,46.0,21.48805449688285
DKWWERLQAFQMELAELQAN,46.0,21.59692995707845
PQTRARVAAYQWRIAELQAL,46.0,23.05372731380832
HVYQEQLEACQLDYAALRAK,46.0,26.409084567488115
VKYQEQLEACQLFLAELQAF,46.0,27.535543397673912
WKYQEELNAEQQDFARNQQM,46.0,30.16929658307333
DKYEEQVEACQKECYAYRAK,46.0,30.80409140899195
DKIQERLTAYRQALAEAQAK,46.5,10.575532960460892
DPERHRLQAEQLAIAEALAL,46.5,12.281862158561266
DLYRQRLTAVQDQLDALQAQ,46.5,12.683441495051271
DQYQAQLENEQDELAALYAK,46.5,13.006281838768963
DKYREELENEQQAFAALQQK,46.5,13.139570607943606
DAEHERLSSAQDSLATSLAW,46.5,13.178923570226004
DEEQEQLSQAQCDLAAALSM,46.5,13.37312956609428
DKERERLQAEQEELARTQAF,46.5,13.41910659090798
DQEQERLQSQQEELCRALAR,46.5,13.538978152877242
DKLSEQLTAEKKALLALLKE,46.5,14.058121092839247
DQYREQVQASQNALATSQAK,46.5,14.852853923602536
DEYRSQLMLYQNTLAALQAQ,46.5,14.94989744041187
VATRSQLQACQNALAAAQAK,46.5,15.03640837514088
DKAKEQLQQEIKRLAEDQAV,46.5,15.287318087761832
AQAREQLTAEQDQLAAQRAR,46.5,15.32833067946714
DAYKELLQACQNQLAALQRK,46.5,15.499871117770471
DAKQEQQAKYQNALAALQAN,46.5,16.311832200671383
DASREQLPQYDQRLAAMQAK,46.5,16.870268650166132
DAYRSYLQLCQNALAELQAK,46.5,17.238703118451145
DKIQEYLAAYRNRLLELQAK,46.5,17.333218687390573
KKIQEQLTAAQLQLAELPAQ,46.5,17.353785206340966
HQIQERLAAERNTLAAYDAQ,46.5,17.6268069981073
DAYRELLQLMQNALAALQAK,46.5,17.708540774990443
DAIQVQLEQYQELYADLQAK,46.5,17.726236073839658
DQYQEILQAEQNALAAGQAD,46.5,17.747851579403168
VETSEQLQACQNQLAEAQAK,46.5,17.967255261609846
RTTREQLQAVQEELAAFQAK,46.5,18.26847073727716
ALYQEQLQLTENSLREHDAM,46.5,18.566614682987
RQYLEQLTAERDELTSMQAQ,46.5,18.88267234638475
SKEQERLNYEQLELAEAQAW,46.5,18.983555291356375
DAYSEQLTAYQNQLAELQAV,46.5,19.20895833622389
DEIQEQSYAYQRQLAELQAK,46.5,19.24183554535362
DKIQEQKNAYRNRLAELQFQ,46.5,19.49519638177672
DAYNEGLQYCQKQLAEAQGC,46.5,19.782856251260185
HQYREQSQAAQNYLAALRAK,46.5,19.831945410066776
FATREQVQLCQQLLAALQNQ,46.5,20.084023131845125
EKYREQLCAEQMNLAELHAR,46.5,20.09187262052137
DSNTERLSAMQLQYAALQGQ,46.5,20.15909394965812
WKYREELENEQQAFQANQQK,46.5,20.57066712095361
NNYQEQLTAAQNQLASQQAM,46.5,21.08768918016518
DCYKEQLTAEELQLLALEGH,46.5,21.10501281131478
FKIQAQLEAYQLNLDELQAK,46.5,21.23647360438982
DADREQGDACQKLLAEQQAK,46.5,21.385969597353157
FAYCERLLAEEDQLRELQAK,46.5,21.48490629482032
DSAREQVTGCRLELAELHAQ,46.5,23.055774002937675
VAYNEGLQLCQNYLAELQAC,46.5,23.732259672150864
LDYQEQLTGYMKNKAELQAK,46.5,24.07677969917746
ETTQYQLEDCYKELAELQWQ,46.5,25.73408914396387
DQMSEQLNQERKQFAELQAH,46.5,26.77120571203651
WRYREQQQACQNQLREVQAK,46.5,31.21124089633557
FQIFEQLSAEQCQLAELRAQ,46.5,31.61877454278942
DAYREQVQLSQNALAALQAV,47.0,11.86278076635083
DQYQEQLENEQQALAALQQK,47.0,13.024862669853388
SAYKERLSASQDQHAALQAM,47.0,13.196150229290907
KEIQEQLEHDQKLHAALQAK,47.0,14.572823666858902
DQIQEQLTAYRKRLAELQAK,47.0,14.792262181620895
DQYRTIQQAKQNAIAALQAK,47.0,14.882680431101797
REYREQLQSEEKNLAAARAQ,47.0,14.917330541827589
SKHQEQLEQYNKSLAELDAQ,47.0,15.040577453845394
RQYQEQLTQDRDQLAAAQSK,47.0,15.321628679170244
DATQEQQQACQERLAELQAQ,47.0,15.468308246858472
DQIAQQLTAERKQAAALQAK,47.0,15.70870550968525
DNAREQLHTEQKLLLAAQAM,47.0,15.855874259556847
LQAQERLNQEQDKLAGSVNT,47.0,16.315937992005722
SQYQEQLAQQQNQLAELPAQ,47.0,16.997113061471758
VNNQQQLSQYQDQLAALRIK,47.0,17.054004250445846
DACREQVMLCQNALAALQAK,47.0,17.528134346630505
HQIRSCLEAAQRLLTELQAK,47.0,18.275023628677427
DKTRERDQAVQNELAELQAQ,47.0,18.44490521990948
CQYREQSQASENALAALRAK,47.0,18.517931619799967
DALQEQLEACDKYLAADQAV,47.0,18.551545263307844
DNYQEQIQAMQNSLAALWAQ,47.0,18.79453543081496
IQYQEQLDAYQNASAALQAQ,47.0,18.929664990082703
HQYHEQVQACQNALATLQAK,47.0,19.22729086318088
DYNRDQLVSTQNRLAELRAQ,47.0,19.364403820730782
DMYRSCLAAYQEALAELQAC,47.0,19.7947128557253
AQAREQKNAYQLNLAEQQAR,47.0,19.814291755403115
DKYRSQQVWYQNALAALQAQ,47.0,20.211611616750982
DKYQEQVGQEQKRLAELQAY,47.0,20.2702879788126
DCIQEQDQEYQNRLAELRAK,47.0,20.39325111369235
DQAQEDLGGERKRHAELQAK,47.0,20.62329816915756
HKKQEQVEAEQNALAELRAQ,47.0,20.773355921874376
HQYRGQLVAAREAMAELQAK,47.0,21.115572980562405
DACREQLTACQNSLAERQWK,47.0,21.29616337375211
FNCQEQLSYMQLRLAEAQAN,47.0,21.47987002844988
DHYREQQDAYQNKLAELQAC,47.0,21.548000831025885
TQMQKRLQEEQNNCAALQAC,47.0,21.697974475176142
CQYREWLQASELALAKLQAQ,47.0,22.00977910397724
FQPQEQKNAYANQLAELQAQ,47.0,22.500330367522423
RRIQEQRANYQLQLVELQAF,47.0,22.714972144779185
NKIQEQLNAYALNLAELQAQ,47.0,23.641195886755824
HKYREQLLAEQLQLARYQAM,47.0,23.7960832546264
NQYQEQLTQYAKNLAALQLK,47.0,24.94003749537778
FKYREELEAGNNQVLELQAK,47.0,25.25262347021516
FKIQHQLEAERNRLVELQAD,47.0,26.066510657613872
EKYSEQKQACQYQLAELQAK,47.0,26.422371930991563
FQYRQQLEAERQGVAECQAQ,47.0,26.808327985484247
ICYQERLDAERNNLDELQAW,47.0,26.90725538741837
FQYQEQLAAQQLNLREPQAQ,47.0,27.44081608863363
HAYREQLVLCQNRLAALQAW,47.0,28.689964294195565
FQYREQLQAEQILLAELRFQ,47.0,34.11186720670796
DNNDEQLQQQRQALLNALSE,47.5,10.110708263708789
AKLQEQLTAQRDALLELLSE,47.5,11.479029080425828
DAYPERLAEYETALAALQAV,47.5,14.039002837589788
DIAREQVEALAEQLAALQAK,47.5,14.295211149770966
DNEEERRNAEQLQLLAAQGK,47.5,14.304693301201162
EEAQERLLMARDELAERDSI,47.5,14.375734466027534
DKYREQLLDEQKELDALRDK,47.5,14.396358284123684
VKYRERLQQEQKELDALQGR,47.5,14.566364305826966
AKNQEQLTAYRDALAELQAM,47.5,15.261464855400275
ENAREQVTQALWQLDSAQAA,47.5,15.466990051709752
NKAKLRLNAMQEELAALQGK,47.5,15.5346690374238
DQYPEQVQACQNALAELQAK,47.5,15.64551626108311
DKYREQVQQYQNAKAKLQAQ,47.5,16.13866844613108
WAYREQIQASQKALAAHQAK,47.5,16.159089384561767
SKIQEQLNAELNELKELQAQ,47.5,16.29612443402262
DQEDAQLLQYRDELKNLQAK,47.5,16.302877025048467
MQYQEQANAYRDQLAALQAK,47.5,16.534036661459012
HAFREQLEASQNADAALRAI,47.5,16.55985733304628
KAPAEQEELQQNALARLQAK,47.5,16.694062201380593
DKEQEQLTQERNRLAATQAR,47.5,18.038414866006605
DAYRTQVPACQNTLAELQAK,47.5,18.0655236696512
SQYQKQVAACQRQLAELRAK,47.5,18.33450735204113
CATSEQVTAEQERLAELQAQ,47.5,18.3759820825005
CQGQESEQATQGALAELQAK,47.5,19.07710560553664
DNNQEQYWAAQKDLAAARSF,47.5,20.61768030433301
DQYVPQLAQEQKRLAELQAG,47.5,21.00222882265116
DQCQEQLDACQNNLAALQAK,47.5,21.35319585959019
LQYREQVCAEQGALAELRAQ,47.5,22.177364252883628
FKYREQVCAYQNALAEKQAQ,47.5,22.2791696046574
KQYPEEVNACQNLLAELKAH,47.5,22.39203639521571
WPYREQLNNEQEAFAALQQK,47.5,22.401677585886063
FRTREQVQAEYNALAELRAQ,47.5,22.80760086248764
DAGAEQEELCQKQLYELQAN,47.5,23.590538081463134
RQYQVCLTAERDILRELQAK,47.5,23.61267564344965
FLIQETAAAEQNYIAELQAQ,47.5,24.20248619061682
FCYDEGAQAYQERIAELRAL,47.5,25.59749237010784
DQYQEQLVLCQNEIAATQAN,47.5,32.47792644521701
DQERFQLSQEQDDLAEALAQ,48.0,11.785402426227204
SNLQEQLTAALKGLEEAQAM,48.0,12.47319802505476
SEERVRLLAEQDQLLALASK,48.0,12.654281829216748
DAYREVVQACQNALVALQAK,48.0,12.786876763066768
KECREQLSQDQLDLAEAVAM,48.0,13.425466514221949
SNAREQLSQFQLDLAEARAR,48.0,13.434075881426695
DQSAERLSQSQNKLAEAQAK,48.0,13.742413918378068
EEERERDQAEQKAIAEALGR,48.0,13.909069399767771
DNARERLLASQLELAHAQAM,48.0,14.449662325099691
DAYREQVVAYQRQLAELQAK,48.0,14.76200939747282
DNAQERLHYEQDELAAAQAM,48.0,15.776271875546623
DNYREQLTQMKLQLDRLRAK,48.0,16.14385605802772
IKYQERLAQYRNSLAELQAK,48.0,16.14581108106848
DPYQSQLEQCQLELAEAQAK,48.0,16.198308197982556
DLAREQLQHAQEAAANLDAM,48.0,16.838392514919725
SYYQEQETAAQEILAELRQN,48.0,16.940571397870084
DQYQEKVQALENASAEGQAK,48.0,17.364940809620414
DAYQEQVQTEQKQLAAMQAK,48.0,17.388708644439994
HYWRNQVQLEQNRLAALQAQ,48.0,17.478383074541263
DAYQEQLQLSQNLLAELRII,48.0,17.51653541463975
DKESEQLNAKQKSLAELQAQ,48.0,18.07263877007241
EKAREHLLQCAHELAEKKAK,48.0,18.257400778279862
HVMWETLEAYKVQLAALQAK,48.0,19.572079841302465
IKYQEQLEQYNTSLAELKAY,48.0,20.16082946004746
DYWQEYLQAYQNMLAELQAK,48.0,20.26823546612451
HLRREQLEHCQNTLAELQAC,48.0,20.82880616805494
FKTQEQLSHEQNNLAALQAQ,48.0,21.19169158154918
HAYRVQVLACQRQLAELQAK,48.0,21.2825837534226
DQVRWQLELEAEQAAALQQY,48.0,21.695023235830963
FQYQEQLSAEQNYHAALQAK,48.0,22.25434468917291
DQVREFLEACQELAAELQAQ,48.0,22.676694514608595
EQAGEQLYGERNQLAELQAK,48.0,23.15095335095673
HAYREQLRACQNSLAERQAK,48.0,23.252043322268868
HAYQEFKLACDNYLAELQAP,48.0,23.41205528365018
WHYREQVQAYQNALAALQLC,48.0,24.36272834599904
WEYQEQFALYQNRLAALQAK,48.0,25.007371065176358
IWYREQLCQYRQRIAALQAK,48.0,26.97146951135579
DQYQEYVQLCQCKEAALQAK,48.0,28.234021738929037
FQTCEQLAAECNQLAELIAK,48.0,29.92218055448077
WEVGEQFAAYQRKLAELQMH,48.0,31.5344322504756
FQYQEQQEDCQVFLAELQAC,48.0,33.11897405932666
FDYQEQGQQYANQKAALQAC,48.0,34.48487235858035
DRYNQQQMCCQNALREAQAC,48.0,38.5601854445862
DKNRERLSASQLELAEALAR,48.5,10.69708679472546
DAYYERVQAAQNVLAALQKK,48.5,11.525471574605204
DLYRQRLPAVQDQLYALQAQ,48.5,12.796845548078547
DQARQQVAATQKDLLEAQGQ,48.5,13.439680101381546
DTEQERLSANDLNLAELEAR,48.5,15.286506507772607
SETQNQLEAEQKQMDALRES,48.5,15.333955803289369
DKKQEHLTAYRKQLAELQAK,48.5,15.710120434183205
SYYREQETAAQEILAELQQN,48.5,15.88220709157599
DTYQEQLNAEQEAEAMLQAK,48.5,16.523826431732616
PKIQEPLARYRLQLAELQAQ,48.5,16.698463561023164
DAIREQLQLTQNALAECQRK,48.5,16.818718597135835
GAYQVQVQAEQNALAALQHK,48.5,17.111293717348886
HPERELLLQEQSELAELRYK,48.5,17.59153684996858
EKARQHVTQLAHELDALQAT,48.5,17.615810023497097
FTTQEQLEAEQNLLAELTAQ,48.5,17.772752093494706
DQEQAQRQACQNELAELQAK,48.5,18.061016900310342
EAYREQLEQCQGELAATQAQ,48.5,18.12515409202292
AQYQEWEQAERNALAATRAK,48.5,18.15466736299562
IQMKEQLDALRQELDMPRAK,48.5,18.17231095532651
DAKREQLALEQQELADDCAN,48.5,18.566055387229824
MSEQEQLGQEQKELAELQAY,48.5,18.71345221030365
EKYQERLAAYQNWLAWLQAK,48.5,19.25915755524864
FAYQERLQTEQRISAELMAQ,48.5,19.416796800669974
HPEREQLNAEQEELAALVYM,48.5,20.21457914575843
HQYWETLEVYQKALAALQAK,48.5,20.23443367115447
GARQEQLQECQNNLAAAEAK,48.5,20.61389929650441
FQYQERLTAEQRQLAPLRAK,48.5,20.69371589666361
DKYQEQLNAEQQFLARLQDM,48.5,20.72126346053538
RQYKVQLTEMREQLAAMGAK,48.5,22.17094497266534
DAEQEQLTACQNQLRALQNC,48.5,23.329980299379383
DQSQEQLAECQGALAENQAK,48.5,23.58657080680218
FKTQEQKVAEANQYAELQAQ,48.5,24.095463465767857
DQYREQVQQYQNCKAKLQAQ,48.5,24.339810842418487
IFYQERLEAAQLQLAAAQIF,48.5,25.482694541021598
HACMEQLTACQNALACLQAC,48.5,27.793778085249567
WAYQEYVSACQWALAALQAK,48.5,27.885247637694206
VQMREQLAICQNHLCELQAK,48.5,28.75030196643577
NQYIGQLTCAQEELAAIQAQ,48.5,29.62538408834684
WYEQEQLNYEQKELAELQAY,48.5,30.78242921657565
FAEREQLLSSQDELAALAEQ,49.0,14.32167660399834
SKYQEMLYAAQDELNELQAM,49.0,14.98625036176887
DKYQEEIQACQNALAALQAK,49.0,15.50417867925203
DKHREQVAAYQNRLTNEQAK,49.0,15.93524883883297
WQWQEQVAAAQNALAPLQEN,49.0,16.021284446217745
HPESEILAPYRERLAEYRAQ,49.0,16.407396609389036
SKACEQLSESQLQLHELQAM,49.0,16.82130758458883
FNYQEQLQLMQNSLAELQAK,49.0,16.940877148914225
DHYRESLELEAEAAAALQAC,49.0,16.9777684682908
APRQTQLTAERDALAALEAM,49.0,17.10871863185739
HLRQEQLEHCQNALAHLQAK,49.0,17.15723819789945
DATAFRVQHYQELLAELRAL,49.0,17.48310595098545
KKYQDRVTAEQEELATLQAM,49.0,17.500521950278753
DQYREGLEALLNQLAELQAM,49.0,18.89691500146508
IAYQEQLCTEQERIAAMQAK,49.0,19.189310176078948
DYIREQFQAYRNALAALQAK,49.0,19.26876415059413
FYYREQPPAEQERLAELQAL,49.0,20.44117195933205
HQVQEQRNAEQDELALLQAK,49.0,20.508909641380345
HQYRECVQEFQNALAELQSH,49.0,20.68956602857597
WAIQEQVEACQNNLAALQLK,49.0,21.00754213762629
DQCRSEVVACQNALAAKQAK,49.0,21.36323410393741
SKDQENLEIEWKALAELQAY,49.0,22.088798884506943
HKYMEQLQACQNALRALQAC,49.0,23.473555525426104
DKYQQQQWAEQNALAALWAK,49.0,24.96618772680394
FQLQERLAECCEELAELRFQ,49.0,25.084203420778543
FNYQEQLQLHQCSLAELQAK,49.0,25.10031433647401
WPYREQCQACQNALAALQLC,49.0,30.79174367205721
DPEREQEQAEQLALDEALAQ,49.5,12.829243779615943
PEIQEQLEAEQKLHAALPAK,49.5,13.48593303197621
DQDQEQVEALQNLAAELQAK,49.5,13.838225471188853
DAYLYRLQQYQNSLAELQAK,49.5,14.697507036695235
DQNREQLSQDQDDLAEALAL,49.5,14.9266411644744
DAFQEQRDALGKALAANTAK,49.5,15.131852682016572
DKYKEQLTAEADELAALQGQ,49.5,15.1516331707772
DAYWEIVQECENALTALQAK,49.5,15.355657121119776
AQERQRLQAEQVDLACAQAE,49.5,15.464552175353974
DKYQERLNDEQLELAELRAK,49.5,15.843528336015837
NAYQEQLQACQKQLAALQAK,49.5,17.074369330437488
DKTNEYLEAYQSALAALRAK,49.5,17.24745795177789
DQYWEVLENIQEELAEIQAQ,49.5,17.353963531990537
PKIQERLAAERGQQAEYQAK,49.5,17.469470414056524
CFGHMSEVAYQNALAALQAD,49.5,17.62389822729554
PKIQEPLTRYRAQLAELQAA,49.5,18.206659215582768
DAYQERNIAEQDRLREQMAK,49.5,18.28620133201369
PQGRSQTAACQNALAELQAK,49.5,18.300463557338944
FQIQEQLAQYRKQLAELQRQ,49.5,18.92457141924364
HYYRERLVEARKVMAELQAH,49.5,19.23031136326561
DQTQPQQQAAQELLAELRQQ,49.5,19.705453716062745
DKEQHQLNAYQQFLAELRAK,49.5,19.99419090300484
DKVQEQLTAYRNRLAWLQAK,49.5,20.19004504085161
RQYQEQLTQIQKELHNLQAL,49.5,20.3002255412658
VCYKQQVQAAQDQLDALQGQ,49.5,20.471948212342262
HKIREQVTAEQNNLAALQAA,49.5,20.966808390296883
DHDREQGDALTNQYAELQAK,49.5,21.316933846372603
DPCDNQLTAAQNQKDAALAK,49.5,21.395223394106125
IKYQNRLCAEQLDLAALQAQ,49.5,21.74146642071918
WATIEQVRACQRQLAALQAQ,49.5,22.15810775958546
IKYQEQLNLEQKELAKLDAN,49.5,22.35260258294431
FKYQERLTAEANQLAELMPK,49.5,22.72784992780817
HQYFDRVQEEQNALAALQAH,49.5,23.091927972898286
EATEEQVQACQLNYAALQAK,49.5,23.682085124605543
IKYQERLNAEQLEWAACQAK,49.5,24.260168024868303
DAIQEQWEARQENLCELQAS,49.5,24.95178468674332
IAYQEQLDAYFNALAALQAT,49.5,25.0075611117208
YYYREQLQQCQNRLRAVQAD,49.5,25.538781229916783
TQMREELQACNNALAYLQAC,49.5,25.970837036042223
WQYRERKQACRNLLAELQAK,49.5,26.324996126666623
VQCQEQLEACQNAWATVQAK,49.5,26.35916156395452
DQYWGCEQNCQNAIATLQAM,49.5,27.17433019077457
VAYQEQHQLCQNLLAENDAK,49.5,28.59682733209766
IETREQLDHYQMLLAELRAM,49.5,30.41887227456922
HQYREQWAHYQNALAALQAI,49.5,30.67097582781495
RQYQEQLDACVQELDMCPTK,49.5,31.396842363129927
EEARERLSAARKMLAELDSK,50.0,10.423943343554726
VNNQQQLSQYQDLLANLLSK,50.0,13.617389256972515
DKKQEQLAAYRQRLADDWAK,50.0,14.442802239944204
DKCLERLTQANKRLAELRAK,50.0,14.562573009129784
DPCDIQLSQEQNRLDAELAK,50.0,15.421082204435724
AQYQEQLAAEQNQETELRAM,50.0,16.182630657166033
DKHQEYLTSVKKQLDAEQAM,50.0,16.758300019881688
FQYQEQLSQQQNGLAALQAK,50.0,17.830598306681456
DNCRQQLLISQLELAEAQSM,50.0,17.908587828520915
CEIQEQLEAYQEQLAALQAS,50.0,18.29048939615057
DKERERLQQEPRELAGAQAF,50.0,18.473560612037005
SNCKELLTAAQELLKELQAM,50.0,18.547403665792014
DLYRERLTSAQDQCLELQAQ,50.0,18.592848230644467
SNHKEKLQQERKRLAEAQAC,50.0,18.750235899374275
DQYQEQLTGIEDELHELKAV,50.0,19.088212691352037
NQYREQQVAYQNALAALQAQ,50.0,19.69131854247768
DKIAEQKYEERRQLAELQAK,50.0,19.88741741276289
WQWQEQVAYAQNLLAALQKQ,50.0,19.896856244562773
HKIPEQLNAYQKILAELQAK,50.0,19.92936711598442
HQYDEQLDQEQLRLARLQAK,50.0,20.04975844131879
REEQEQLTAHQLQLAAELAM,50.0,20.10348832380859
DKTQHGQQACREALAELQPK,50.0,20.68825789748897
HKEQELLNAEHEELAELQAK,50.0,20.82732760166768
CPYREQLHAERNAKAALEGK,50.0,21.19000297935712
HACIEQLNKEQDELDELQAK,50.0,21.38634270621135
FQYFSQLENEQQLLAELQAQ,50.0,22.518305926071797
DQYQEQLCNAKDNLVELQAG,50.0,23.14343781814128
WYTLEQLQAEQNQLHELQQV,50.0,23.196980769696207
WACRQELEAERQGVSRLRAQ,50.0,23.612283819540544
TWYQEQQQLYQNALAEKQAY,50.0,24.78865580429577
DHTKECFDAYQERVAEQQAK,50.0,25.261694522879548
IAYRERWTAYQNRLAELQAL,50.0,26.41243368631493
AKLQEQLSQQRQALAELLSE,50.5,10.99549762337871
LNADQRVQASQQLLDNLQAE,50.5,12.401269469951249
DKEQVRLSQEQDQLAALVAK,50.5,12.657019312941303
DQSRIRLLQEQELQAAMQAK,50.5,12.887385629834988
DAYRSYLTDAQNALAGLQAK,50.5,13.88675731552673
DATPSEVAAAQLAKAALQAK,50.5,14.285544635052208
IHAQNQLTAEQLELAAMRAK,50.5,14.331560365786636
DPYQEDLSAAQKQLASLQEK,50.5,14.385795642874209
DPERVRLLQEVKELDELRAA,50.5,14.39993241439823
GQMQEQQAAYQKQLAEEDAK,50.5,14.980694572131204
DTCRERLAAYRMRLDELQAA,50.5,14.989789747348585
HKDRERLTAMRKELAELFAK,50.5,15.88441687611994
SKAQEQGSESQLQLAELQAM,50.5,15.90164368573888
HKYREQLTAEQLEKACAQAF,50.5,17.32649662377458
EKAHEQLTAYQNANAELQAK,50.5,18.039284809708885
DKTQEYLQEVQNELAELIAK,50.5,18.948674242401143
DQASEQKQAAQKQLMDARAQ,50.5,18.986425691712974
FQTQEQLMLYQQLLAEQRAQ,50.5,19.216285308437502
SNHQEKLGQERKRLDELQAY,50.5,19.32951137197289
FQAQFQVQEEQNDLAELRAK,50.5,19.61194521191389
DRIRWQEAEYRNGLAELQAH,50.5,19.97435685452695
DKDQEPLTEEQNELAELQAY,50.5,20.10829224785752
FQTQEQLAAQQRQLRELRVK,50.5,20.306047263869992
DDYQVQLTAEQWQLAALRGQ,50.5,20.363359152718925
DAIQIQQTLYQLELAALQAK,50.5,20.401962750383987
HKATEQLTQIRNRVAELQAL,50.5,20.783551686157555
DAYQSQWELMQNALAALRAQ,50.5,20.829460817914
WAYRVQIQACQNALAELQAG,50.5,20.859476858986746
WERVHQLEEDQKAHAALQAQ,50.5,20.86931422562736
HQYRTWLQAKQNQLAQAQAQ,50.5,21.3012735023287
DACQEQVQACQKALAAFTAF,50.5,21.463410271502745
IEIYERLRACDRQLAESQAQ,50.5,21.66828989537533
NLYREQLTAYDKNLTELQLK,50.5,22.858489963950284
HQYREQVIARQNQLAALHAK,50.5,23.0483744058082
DQTRECVQAWQNLLAELRAH,50.5,24.16925235324382
FEVQEQFAAYTRGLAELQAH,50.5,24.279556322930336
FQTWEDLEAEQQLLAELRAT,50.5,24.31006265937249
HKYCEQLTQAQDELAELCAQ,50.5,24.395776137423685
DKYQTQRRLCQVELAELQAK,50.5,24.654836391403272
DQYQENVELCQNQLAENQAK,50.5,24.86717172887725
LKWRDQWEAIQENLAELRAK,50.5,25.427599603505453
HKYWEQLEAENTQLAELHET,50.5,25.585797427463014
HFYKEQVTACDNALAAAQEC,50.5,26.879989099192308
EWYQEYLGQWQNALAETQAY,50.5,28.27793911318556
VHYAEQHEACQKFLADLGEC,50.5,28.805260594970697
FAYRESCQACQNQLAEDQAK,50.5,30.99704528243537
DEKQEQLTSEQDALAAELAR,51.0,11.774195156906217
DPERPRLQAEQLAIDEALAL,51.0,12.08415011681084
DQNQEQLQQNQEKLARALAK,51.0,12.74006290219929
HAYRAQVLQEQEEQARLQEQ,51.0,13.997380896569195
VQNQDRDSAEQQALAEALAR,51.0,14.028559654368182
DAYRAQLEAQKRELAHAQAK,51.0,14.230413173692986
PEYMEQLEAIQNRYAALYGK,51.0,14.672913811258631
PQYTEQLRAEQNRLAELHAK,51.0,15.105798755236474
GQMQERQAAYQKLAAEIDAL,51.0,15.175846391667278
DATQEELDAEQNSLAALRLL,51.0,15.35954448377753
DQVEEQLNAAKMRLEELQAA,51.0,15.390066052205023
HKYQDELAAYQNRLAELQKK,51.0,15.450338272440163
SKAQEQLDAYELNLRDLPAQ,51.0,16.13723675873803
VNYQEQLTQMKKQLDEEQAK,51.0,16.55953782985177
DKYREQLTAEQLNLHELQAQ,51.0,16.658354992827284
DKDRERLQQEYRELAGAGNV,51.0,16.901464870940178
DQVREQVQHKQELLAELQAQ,51.0,17.731746816309833
IEYQERLSEEQNALAANPAR,51.0,17.82019687462137
RPYQQKLTAESKQLDALQAQ,51.0,17.822789599219774
VQAQERLHKERDEADAQQGF,51.0,18.133317383779307
DAYREQLQSCQHQIAALQAK,51.0,18.795506257265536
IQTQEQLAEEQNALATLQAQ,51.0,18.901375737108012
MKYQERQQAYQKLFAALQAK,51.0,19.77053089875074
DAYQERVDYEQKELAAMHAK,51.0,20.53120193373757
DACWEQVQQTQGELEATQAQ,51.0,20.627135366515684
DQKQEQVDACQKLLAALQVC,51.0,21.02347461074107
DTDREQLDSCQKLLNAQQAM,51.0,21.15583863401796
HYYRERLQEFQNALAEFQSH,51.0,21.348193139546336
DPAREQLFQCAKELAAKKAM,51.0,21.49118804474822
IPCQEQLNAEQKQNAELQAN,51.0,26.5775496080534
IKAQEQWTQYQKQLAEIQAF,51.0,27.00208624635957
FKYQEQLEAEMLILAELRAQ,51.0,28.230600485268603
DQCRENPQACFNQLAELQAK,51.0,28.589453917884335
HQIREQDVAYKMQLAALHAQ,51.0,30.66121698061882
DDAQEQLSQSQDELAALLEN,51.5,8.718942353066472
DKKQEQLAAYQSRLAAEQAK,51.5,11.84165418547736
DPERQRLQAEFDAICEARAE,51.5,14.061776950954656
SKTQERLDAYQNLLAEEESG,51.5,14.174545405491124
SKYQEQLLSARQEVAEARAM,51.5,14.943366959057226
DLWQEQVALAQNQLAELQEN,51.5,15.60576580429593
DKHVEQLLAEREFLAALRAA,51.5,15.651556031310976
DPYQERLTQEFDALAEKRAA,51.5,16.886562342525437
APTREQLSQERNALKALLAM,51.5,17.090057333518484
DKIQEQKTAERNRLAELQAK,51.5,17.195408708999704
EYTQKQVQAEQNNLAALQAK,51.5,17.32563100300142
DKEIQQLLAEQWELDAAQGK,51.5,17.654910241515395
DKFREQLTAEQAAYAAHLAR,51.5,17.87213631116263
DQIREQETAYNSRLAELQAF,51.5,18.630852922891485
DNCREPLTAAQWELDRAQAA,51.5,18.811128376235605
DAYNEQLQEYQNGLAEDQAQ,51.5,19.06682924775661
VKYREQLTQEKKQLDAEQAM,51.5,20.195941578919765
DRTQEQLQDGQQRNAELAAK,51.5,20.29097172891521
APERTQLYQERNALLALEAM,51.5,20.37293607713238
SQYVIQLTAERDEEAALRAK,51.5,20.68166942012387
YKEQERLHAERLRLAELQYQ,51.5,21.103765080857624
PQIRFQLEAEQNLHAALRAK,51.5,21.257072081947584
DKYREQLQGCQNNDAALQAK,51.5,21.579017073268695
SAYREQVQACHNAYAALQAK,51.5,22.97139651884295
HKYQAQLNAYQDQLAEIQAM,51.5,23.388605393574487
MQYQEQLLECQEEYAELRIK,51.5,26.1795045421434
IQTIEQLCACQRQLAELHPQ,51.5,27.306156596127828
ALYMEQLLAYQNQLAELQCC,51.5,27.451062582392264
DQYQEQQQLCQNALAWLQAC,51.5,28.02277475934701
FYYREQQPYCQNRLAENQAL,51.5,33.297110306065754
SEEREQLSQSQDQLAAATAM,52.0,13.37680207377706
ALGMEQMEACQKALRELQAM,52.0,14.160546637761517
GNIRQQVTAAQRCLDAAQAK,52.0,14.724688231268422
EATQEQLCTDDQYLAALQAK,52.0,14.740020148133317
DQARMGLQALQNQLAELYAF,52.0,15.112420669261772
DKERERLTAEQNQLAAQQAL,52.0,15.487798143930206
HKERMQLTAEQEELARWQAN,52.0,15.776834302376054
DKYQSQLQQCRNSLAELQAK,52.0,15.944406639589026
DPIDQQVQASQKLIDELQAL,52.0,16.060816735999012
IQRQEQQALDHLMAAAEQAK,52.0,16.22778439836452
DTEQEWLLAYREQLAADRAK,52.0,17.098282134563075
DKYDEQVTAAQDELAALQAW,52.0,17.69109195933871
DATQSQLCAEQDNLAALQAK,52.0,18.020620069205563
DKIQERLAAYRNRLAWLQAK,52.0,18.105684560900507
WQFREQLEAAQENLAELVEK,52.0,18.49950102959619
DATREQQQLEQERIAELQAK,52.0,18.99153489191747
DKYRSQSEGCQNALAELQAQ,52.0,19.91739388527368
ALYREQLLACHNALAEDQAK,52.0,20.08236318040063
FYYREQIQPVQELLAALQAK,52.0,20.120685092323438
DVYESQAQAEQNALAAYLAQ,52.0,20.128424615449784
EQTQEQLAHEQNKLATLQAQ,52.0,20.167305266905245
TAIQEQLLRLQQINAVLREG,52.0,20.252977592162875
DLYSETLELEQKQCAEARAK,52.0,20.43234140139573
NQYQEQLHYAQEELASAQAK,52.0,20.599799932332147
DYTQEHLQIEQNNLAALQAK,52.0,20.77341510736901
RQAQERLTAVRLNLAAMEAH,52.0,20.82922170010528
NKESEILAPYRERLAAYQAQ,52.0,21.35991340684913
DPIRQQVQAAQWALCELQAQ,52.0,21.912500271971812
DSAREQLNGCRKELAEYHLA,52.0,22.058774347201812
DQYKVQLQACQNALAMYQLK,52.0,22.325301800916517
HQYQEQLQEYQNLDATLQAR,52.0,22.38704568839717
PAQQEQNNQCQAKLKEAQIK,52.0,22.904126640066057
FKYQEQLIAYQRQLAEIQAQ,52.0,22.91582372688673
FQTQEQTEAEQQLLMELQAM,52.0,23.33773487887437
WACNLQVQAYQNGLAALQAK,52.0,23.47983777326617
DKTQEQLQACQLALAELMDQ,52.0,23.55970000134314
NQCQNQLHAAQTELASEQAM,52.0,25.00211860127429
DQCQENLNAEQNALAELPAE,52.0,25.14928031363913
QQYKEQVRACQQALDMPPAK,52.0,25.48217098606628
HQGKESENAYQQQAAELQAW,52.0,26.93033141187461
WKYQEQLRLCDNWLAALQAK,52.0,27.17991182037985
DQVRWCLELEAEQAACLQQA,52.0,31.0278523323396
HKYDEQVCAYQLAWAALQAQ,52.0,34.31481311954643
FLYQGQLNAENQYLAQLQWQ,52.0,35.189282074907084
WAYREQQQVCQMQLAELHAK,52.0,35.57457527638217
SPERERLSSERDELAALQLQ,52.5,12.202148725379567
YKARERLEQSIKRLAEAQEA,52.5,13.028636317684583
DLERQQLSASQLELAALLAR,52.5,13.860036019017771
DQYQERLTAYRQRLPEDQAK,52.5,14.719543235335308
DQCQEQLQESDEALAALQAG,52.5,14.967461824592126
DQAQEQLNAYQDALEEIQAF,52.5,15.038233050788492
DIKRERLLAAHEELASLQAK,52.5,15.046547816039798
TKIQERLLAHQQELASLRAK,52.5,15.060988012194654
DAWQVRVQAYQESLAALQAL,52.5,15.499690872891218
DPESERLSAEFKALLELRAA,52.5,15.985896253319543
DLYRQRLTAVQDQLFALQAQ,52.5,16.250951305921095
LELRQRLQQEQDLLCNAQAR,52.5,16.671332980838276
HKMEERLLAEQQFLARLRDK,52.5,16.731020563850297
DKSQEQLDQEANRLAELQIR,52.5,16.931348954268888
TQETCRVTAEQWELAYQQAM,52.5,17.36021901867321
DAYREQVQALINNLARLQAK,52.5,17.641194756744945
DACRLQVPACQNLLAELQAQ,52.5,18.052405713303656
DAYRENVQEQTKMLAENQAF,52.5,18.641708580204646
DQNQETLQGNQHALARLQAM,52.5,18.86330239007213
RQYQERLTLERDQLAAMRAL,52.5,18.93961206471958
HKYREQVTAEGNALAALQAM,52.5,19.527359156856484
VNNQEQLSQMIKQLAELQAK,52.5,20.11348850319594
FKYQEQLSAEQMNLAELHAQ,52.5,20.65883941605878
DLCMEQMQACINQLAELQAK,52.5,21.17168822987537
DYYMEQLQWHQNHLAELQAQ,52.5,21.9215544990227
TQYQGILQACQNALAEKQAI,52.5,22.01451473131721
DYYREQAQACQWQLAEAQHK,52.5,22.283397110637612
IKCAEQQQLIQNALAKLRAQ,52.5,22.64062035656024
HYYRPQLQAHYNALAELQLV,52.5,23.46044078006827
HAYQERVQAYQDQLFELCAK,52.5,23.501836432648638
PQIREQEEIYQHNLVALQAK,52.5,23.65723026059527
WQIRVRLEDEQRQLAELHLK,52.5,24.201802994091352
DAYEGQVQYCQELLAFLQAK,52.5,25.064689336025197
DQYREQLQLCQNELAFLRAE,52.5,25.73632301760488
TQYRESVQEYQNNIAKLQAC,52.5,26.45761434230556
IEYREQTCAYQMLLAELRAG,52.5,38.295984148728806
VQARQRVQQARQDLLAAQGQ,53.0,12.040730251971604
EEAREQVRQESKDLAELKAR,53.0,13.0279910062902
DDYQVQLTASRDELAAMRSK,53.0,13.44794805652348
HPERERVTAAQNALAELRAA,53.0,14.066073656568545
HADMEQEAAERDRLAALLAK,53.0,14.414736559470157
DQIQEQLAAYKQRLAELPAK,53.0,15.19015462552894
DAYRSQLQGPQHALAALQAC,53.0,16.330773304677543
DHYRESLEAKANAAAALQAC,53.0,16.645659750638526
DCYKEQLTAEADELAALQSR,53.0,18.17990187642886
FPIQEQLAHYQHGLAALQAQ,53.0,18.857224398037577
WKAKERLSAYQLELAHLQAK,53.0,19.13323557633549
HQYQEYVQATQMELAALQKQ,53.0,19.862772354938308
FSYQEQLTAAQDQGRDIVAR,53.0,19.96418321576552
DQYRMQLEAADNEKAELYGM,53.0,20.74796864841783
HQTQVQLEHEQNRLAAAQAT,53.0,20.94243704548744
FGLQEQLEACDNLLAPLRAV,53.0,20.98102126259566
DAIQIQVSVYQEQIAELQAL,53.0,21.24319539305426
SNKREQSQAAQKELAEAQAC,53.0,21.260251526862653
EMTQEQLECEQNNLAALQAK,53.0,21.35022737737777
DRYQEQFTAEYLRLAELQAQ,53.0,21.830672980242092
IAYQEQLCKEQERIDAMQRQ,53.0,21.99083196787252
DEYQEQLYAYQNQFAERQAK,53.0,22.203028071197515
HQQHEQLQLCQAALATLRAK,53.0,22.30253131412827
DQASEQQQACQKAKAEARAC,53.0,22.91448068706661
RQIQIQLDKERNQFAALRAK,53.0,22.97025627577641
AQYGEQVCAEQNALKEQQAK,53.0,22.987232139605943
NQIQEQKAAEQNQSAELRAF,53.0,23.117335714725545
IKEQGQLTQYQKQLAELVAL,53.0,24.71442741883899
FQYQSQLMAYQELLAELRAQ,53.0,24.76768952039257
FTYQDRVTAEQNELTTLQAQ,53.0,24.811197621505688
FQYQEQLHAQQNQLRESRAQ,53.0,25.021686431224893
HQYQECLVLHQKLKAELQAN,53.0,25.19959115736227
DQYRENKNACQRQLKALQAI,53.0,27.03651015918054
IQIYERLYHCQNALAELQAR,53.0,27.55422678777633
DWYWEALCLCRQNLAELQAQ,53.0,30.27982320962571
IAYRERWAQYNNRLATLQAK,53.0,31.514058910485307
HQYHEQFQDCQKELATLQAN,53.0,33.65208418184959
SKATEQLSSSQDDLAALQSW,53.5,11.943605267230948
PPERVQLSADELEHLHLAGK,53.5,13.238732147743224
DLISEQQQAEQGLLAALQAK,53.5,14.247483479342904
DNIREQLSASQRCLAAAQAR,53.5,14.582361322664749
DEEKERLQAQREKLLLTQLR,53.5,14.64075211288309
EAYQEQLAAYATLLKVLKAQ,53.5,14.811377295961911
DCAQEGLQALKNQLAGLRAQ,53.5,14.920745194128124
VNNQDRLSAAQNRLHELQSN,53.5,15.329206062663754
APEQERLTAERIELARLRAK,53.5,15.442732399660889
AFYQEQLQAEQEGLAETQAM,53.5,15.669762092794084
SNCMEQVTAAQWELDELQAM,53.5,16.14900466940081
DVFRDQLEACDKYLAALQAK,53.5,16.83655313226169
DKIQESLAYYRNRTAELQAK,53.5,17.579393633520937
DEYQEEVELEQNLLAELKAQ,53.5,17.59647111957604
VQISEQLAQYRDRLAELLPL,53.5,17.721875053083913
DKYQEQQEAEQNLGAELQAK,53.5,17.99456848537723
DRTQEQLGEEQLLLAALRAS,53.5,18.101310081977186
DQYASYLDAWQSKLAALQAK,53.5,18.31708610988568
DENQQALQISQEDLAATQAR,53.5,18.365611591047024
DAYREQVHAEQEAIAALRAI,53.5,18.598261122162132
NRTIEQLHAEQRQLNESQAK,53.5,18.707224804680376
HKEQERLNAYRLFLAELQAQ,53.5,19.31722552166981
DAMKEQLMACRQLLAAPQAK,53.5,19.39549149746629
DQYREQVENCQRQLIELQAK,53.5,19.51612682342086
DQYQENLAAEQNREAELRYK,53.5,19.534130977401198
YEERHQLLADQLQHALPLEH,53.5,20.074660034287085
AFYQEPLRQAEEHLAEWQEN,53.5,22.622475288694435
HQYREQQVAYQNRLAALQAK,53.5,22.774022448946045
FLIREQLNAYQLLLAEAQAM,53.5,22.96669338097784
WQYQEQLNAYRKQLARPQAK,53.5,23.039229250895733
PKYQEQNEAYRLILAELPAQ,53.5,23.134333955505177
NKTRENLHAEMLQLAELRAK,53.5,23.52740322179052
FQYFENLARYRLQVAELQAK,53.5,23.80916665542924
FQYQEQLAPYQNQLAELRDK,53.5,26.35223238433893
WQIQERLAAYDNQLWELRAS,53.5,26.53109368790755
DTEQERLLSSQQDLAAALSQ,54.0,9.731915435962298
EEERERVSAEQDDLAELLSR,54.0,11.199607677509569
NKDQERLTAAEDRLAELELK,54.0,12.1207874843417
DQAQERLTAVRQQLAAMLAK,54.0,13.80858369595501
DEYQEQLEALQNNRDELQAQ,54.0,14.412276664253838
VQNQDQLSQAAQRLASALAG,54.0,14.954656582725333
RQYRERLPLAPNTLAALQAQ,54.0,15.204943396544213
DATQERLDSEQDQLAELMAK,54.0,15.316123377806058
DKYQSQLEQYQLSLAALQEK,54.0,15.41467573877847
VKAQWQVSAAQDELVSLQAQ,54.0,15.881662254607798
DPERVRLLQQVEDLCRTQAY,54.0,16.104379743888753
DKYQEIQQAYQNAIAELQAK,54.0,16.18225101082233
FKSQEQLKQEGNLLAELQAQ,54.0,16.466553119725038
STAREKLQAPQKALAQAQAC,54.0,16.728141661086543
DQYLEQLQACQNQLAAAQWK,54.0,18.26555613165016
HKYREQLQFIQQRLAALQAQ,54.0,18.44853360341853
SQIQAQESAYQNQLAAAQIF,54.0,18.735768660401288
GGFQERDQLIQKLLNELQAN,54.0,18.86343483784075
DKEKEQANAERASLAETQAK,54.0,18.982005867440577
SQTQEQLAAERKRLASLWAW,54.0,19.50758670184813
HEIIEQLEAYQKAIAALQAK,54.0,19.545924024379737
TMYRSRLNEYQVELAELRAK,54.0,19.564266669125352
DQYQEQLGAYQQNLAEFQAK,54.0,19.908623586210265
DIMKERLNQEIKQLAELQAQ,54.0,19.93836819212369
DQYQEQLHNQQLQMAELQAQ,54.0,20.184311195662985
DQWRGRLECEETLLAELQAC,54.0,20.6459349488916
NKYQERLTAYAKRLAELIAK,54.0,20.947397120488773
AKYQEQSREYKNELAELMAK,54.0,21.301310322350897
WLIREQVTAEQHELDELQAQ,54.0,22.64134976556495
GKMQIQLQLVQNEMAALRAQ,54.0,22.77195136495936
RQWQEPVQQLYNALKELQAK,54.0,23.11187050481297
DHYQEQVACERRQLAEIQAK,54.0,23.9649580895778
DQYRYQLETCQKELAQLQFQ,54.0,24.38609141724625
DKTQEQLCAHRGQLAAYQAK,54.0,24.6074589439854
DAYREQVQAYQFALAALNLQ,54.0,25.399808790203373
DGWWERVNEVHERLHELQAK,54.0,26.44315597292153
DACREQVEACVRQKAACQGQ,54.0,27.75808754386044
DKGAEELQWFQTLYAEQQAC,54.0,29.009907447989157
DARWEWLQECYNLLAELQAV,54.0,31.07397946927159
DKYQEELGAYQLRLCELKTY,54.0,31.117075043375007
DQAQERLTAVRDQLAAMRSK,54.5,12.668019116241926
DEYLFRLQQEQKGLAELQAQ,54.5,13.860615803931031
QKIQVRVNAVQNALAALQAK,54.5,14.01899874851402
SDEREQTSSARDQLAAAQAQ,54.5,14.512748525160545
DECDIRLQQEQNRLDEELAN,54.5,14.70261742641079
GQAKEQLPHFQKALAAARAR,54.5,15.303774649577788
YAEHEHLLSESEQLAALKSA,54.5,16.435075087630157
DPAQENLTAVRDQLAAMLAH,54.5,16.71209356578587
VYAKQRVAATQKDLAEWQAQ,54.5,16.879787624413765
GKEQEQLTQAKKKLDEEQAI,54.5,16.886464006047134
DKHGERLMSAREELAHLQAK,54.5,17.090370162812803
DQLQEILTACDKYLAAAQAK,54.5,17.221870505794147
EQYQEQLLQRRDDLACAQYK,54.5,17.24966167186508
PACREQLEFEQQYLDELQAK,54.5,17.521214711995583
AQTQEQKQLAQNILAEHTAK,54.5,17.606896811719615
GQPREQLLTFQKALAEAQGR,54.5,17.647400574969392
DKEQEQLQQEQNRIAHAQAA,54.5,18.24843937047891
DAQEAQLSACQNMLAALQAK,54.5,18.29340023869861
YEELERLSAEPDKLLELWLR,54.5,18.661714357447146
EPPRERLQQFYQDLAEAGRV,54.5,18.89716617782542
GAFKERVDLIQRQLAATQAK,54.5,19.59719645979385
DQYQERLYAYQNGLAERQNQ,54.5,19.761062948444827
FYYRNQEQLNQNILAELQAN,54.5,20.50907430286045
SECRQQVTAYQLTLAEAQGQ,54.5,21.403245101791885
FVTREQVTAYQLLLAELQAQ,54.5,21.70776890651793
DNWAEQWEAEKNLLAELDAK,54.5,23.51206729628594
HQTQEQPRAEQNLLAELQAQ,54.5,23.839141359726423
SNEREQLQARQLEHWEAEAM,54.5,24.865105925809708
DACQIQQMLCQNALAELQEK,54.5,24.94196056034437
DRTREQEQLMQQQLGALQCQ,54.5,25.601107383538405
FQTQECLNYYQRQHAELQAQ,54.5,26.250122488374835
DQYRYQVQLCQRQLAALQAY,54.5,27.470162167978348
IKYQEQQNQYNKEIAALQIK,54.5,28.78437908519146
DQYQENLCGEQHALAEPQAK,54.5,32.42811228226106
PPVVEQLSAEQLQDLALAAK,55.0,11.4540960452063
DPERERLTAEQLQEASAQAQ,55.0,11.595324980680678
DSNDEQLQAQRQQLAAMFSE,55.0,12.743419860102213
DPHREDLSSEQLDLLELLAL,55.0,13.81969122386672
DSARERLQGERLRLAELQNV,55.0,14.05531087504598
EEEREELSTFQEELAEAQAR,55.0,14.089060267806763
DPEKPRLQAEREELLLAQGL,55.0,14.735988046598417
PPAVERLNAEQLQLAALAEK,55.0,15.082790985176258
KQAQVRLTAEQDALAAMRAL,55.0,15.165792112339467
RPASERLTAEREALLAMEAA,55.0,15.24095394131115
DLERQQLPADQLDLAALLAQ,55.0,15.397078171109127
DKYREMLTQEQGELAATQAD,55.0,15.694804718081992
DKYQERKTAEQTRLATLQAK,55.0,16.21167035586113
KQYQAQVTAEQNILPALTAQ,55.0,16.679739173475312
RENQEQLTASSKNLAELRSA,55.0,16.95956215693836
DKYQEQLTAEQRYLAELQYK,55.0,17.149979422430953
SNCRAQLSASQDQKAEAQAA,55.0,17.397647090303376
KTEQERLSAQQLNKAELQAQ,55.0,18.09658081303913
PQYQEQLNNNQLRLARLQDG,55.0,18.49804271400528
DQYQEQLEAEQFTSAELQAQ,55.0,18.502789994007426
DQYQEDLNAYQDQLAEIQAK,55.0,18.656324253604208
DAEQEQLQGFQNEIASLQAK,55.0,19.38448325356025
DKKQEQRGAYQQRLADFEAK,55.0,19.757625806639776
WQYRARKEAERNLLAELQAQ,55.0,20.956553578915432
DQCSQQLSQNQELHARALAK,55.0,21.66066384468073
DFYNQQLDACQNALMELQEC,55.0,22.686925059193012
DYYNEQLTLYQNALMDLQWQ,55.0,23.62326340172859
DKIWEQLNEVEGELAELYAK,55.0,23.889098455996063
DHYRQEQQACQNKLRELQSC,55.0,25.70059832323288
DQYREQEYALQENLAETQDK,55.0,26.255165303298543
FEYREQLQGCQEATAALQLH,55.0,27.554351935884885
HQYREQKEVCKKQLAESQAK,55.0,27.961756034485514
IKYQEQLYQYQLRLAELQAY,55.0,28.87777316537958
HAYREQVQLCQVQLNALQAC,55.0,30.73703349144085
SNAREQLSASQELLAAAVAK,55.5,9.812002256624138
APEEERMSSERDELAALLSR,55.5,10.592534000164722
DEERHQLLQDQLDHAAALEM,55.5,12.69967803791627
SKAQERLASDQQDLALDKSV,55.5,12.705362866851706
IKEQERLSASQDDLAELRLK,55.5,13.240384210577252
HKYRQAVTAQQDALDALQLF,55.5,13.604219066006523
RAARERVTQARDQLDAIQPQ,55.5,13.79520688178174
DKKQEQVTAYRQKLAEVQAK,55.5,13.853816216753126
SNFQEQFSESQLQLAEAQAM,55.5,14.08175378277903
DPTQEQLSAEENRLKYELAK,55.5,15.245068238403125
DKYREQVLAEVEELASLQAQ,55.5,15.315181829214785
ELNQEQYTAASKNLDALRSA,55.5,15.686512447118526
KQAQEQMTQYEKQLHELKAV,55.5,16.193946005882676
EKYRETLEAEQKALKGMQAI,55.5,16.22968274011522
SQRREQVEHDQKIHAALQAQ,55.5,16.411966847880898
HKYRSQVTAAQLELDSLDAQ,55.5,16.463009365812702
DYYSERLEECAKTLAEIQAN,55.5,16.580286197018264
SQAQELLHYAQEELAEAQPK,55.5,17.087552868301678
ECYRQQVLARQKELLELQLR,55.5,17.3535056194086
DNCQERLTAMQLELDRLLCR,55.5,17.53829338417387
HMSSEQLTLYQNLIAELRAQ,55.5,17.53985282260102
DAYRSEVTAYHNALSALQAQ,55.5,17.76722532431348
DPYQQKLTQSIDQLAARQAA,55.5,18.588658190126605
DSYQEQLDAEQIQLADEQAQ,55.5,18.68017962579757
DWTREQVQAAQNNLANLGAK,55.5,18.76081630774162
DPAREQLLQERAELFGLAAM,55.5,18.892825914491944
DAMQKQVQAEQNACANLQAK,55.5,19.08184635698872
SDIKQQVTAAQWELAKTQAM,55.5,19.98646844636625
AQYQERYAAYQNQEAKLRAM,55.5,20.04238879333478
DQVREQFAAYQTALDWLQAK,55.5,21.294040237424795
EKIQERLCAYQLELASLHAK,55.5,21.62002317754936
DQTQEQLGEEQNTLGGLRAY,55.5,21.670991752352
DKEREQLGCEQKQLQALCAQ,55.5,26.127528680126293
DACQVRVQFCQQALAENQAT,55.5,26.25882185988724
FKTQEQCEAEQNQLAATRAQ,55.5,27.018594266420827
KEVSWRFTEYQREIAELQAQ,55.5,27.50882916143126
WEWQDRVTAEQKELAELGTI,55.5,32.5959850533454
WQCRECQQIYQNQLAADQAQ,55.5,37.0938622020244
DENRERLSSSQDELAATLAR,56.0,10.989267878772912
SEWREQLSDDQLQQALLLEQ,56.0,12.581395604139614
DKKQEQLAAYRQRLADDFVK,56.0,12.852316238695042
LNARQRLQQSQQLLDNAQAE,56.0,13.095050007792594
VNAQEQLSAYQDLLAELLSK,56.0,13.978328997686315
DPAREQLPTEQKALLADLPQ,56.0,14.347060927896374
DPAREQLPASRDLLAALQAL,56.0,14.4052195862587
DEARQQLSQDQDHLAAHHAD,56.0,14.657037304019216
DQYREIKQAAMEALAAAQAC,56.0,15.038701938018985
RQMQEQLTAARDELASMQAQ,56.0,15.05855345391674
VQMSERLAQYRDRLAELLAL,56.0,15.25878966047105
KKYQENLIARRERLAALQAK,56.0,15.47054320294114
DKAKERLPQEIKRLAEDQAF,56.0,15.847221260975449
AKHQEQLTAERNRLARLDAQ,56.0,16.03381217725457
DDIQERGQQMQKALLERQAR,56.0,16.193929403859524
DKETEQLLAIQERLRATQAA,56.0,18.072155754121983
DKIREYLQAERLELAALQAW,56.0,18.107699291619426
EKGPEQNEAARKEFEEWQAK,56.0,18.405031512295785
SKYRERYNKENSELAALQAQ,56.0,18.640227055112824
PPYRELNQACKEALAAAQRK,56.0,18.966153436440656
PKAWEAIWACQKALAELQAK,56.0,19.26438504332184
WKYQVQVEAEQNALAALQAK,56.0,19.903388790473187
DQFQEQLPAEQLRLAALGAQ,56.0,20.275850343353707
EESREQLYAHQPHLAWLQAQ,56.0,20.735895780622435
HKYRSQVTAAQNEFAELQAS,56.0,21.197935866925157
WAQTIQVQHEQNALAAEQAQ,56.0,21.52108960989191
DKYQEELNAERKELVELQHY,56.0,21.84755814601783
IETREQLDHDQQALADLRAM,56.0,23.077386766569276
DKYSERNTAYQKRLAEWQAL,56.0,24.73354843605468
WQYGEQFAAEQRALAELQMQ,56.0,27.67123415448771
NAYRLQLTCCQNELAAIQAK,56.0,27.93537823951838
EQRHEQLDHCQTNLAECQAQ,56.0,28.352835908551217
WAIQEDLEAEQQLLCQNHAR,56.0,28.992721750363494
FQYWEQLRTCQNALAEPQAK,56.0,35.42821204371154
GKEKERLSASQDQHAALQAK,56.5,15.136635193037227
DPAREQLLTERDLLAALAAL,56.5,15.61830105261184
MQYREVLESEQKRLLELDAW,56.5,16.220659932062304
DKYLEELVAAQNALAELQYK,56.5,16.45869743717596
DKYREEIQAYQNRIAAQQAA,56.5,16.732654033687606
DKYIEGLTAYQKLLAELESG,56.5,16.92736939017458
RPERENLSSERDQLAGALLE,56.5,17.15708633488496
AQYTERLTQYQKRLAELRAK,56.5,17.24631358830113
HYYREQLQEHENTIAELQAK,56.5,17.71845395517
SLEREQLTNAPDQLAALQAQ,56.5,17.80740416791744
HQYLEYVQCTQDELAALQKQ,56.5,18.387015112263487
DQYSKQLRAERERKAELQAK,56.5,18.401961962210688
IKYRERLTVEQAELAALMAK,56.5,18.419153010568763
IEEQERTSAMQLQLAAALAM,56.5,18.556355271764648
DENQQALQPSQEELAATQAM,56.5,18.670481090910183
HPESEWDAAYQEELAELRAK,56.5,18.676650845769032
DWYQSQLQKCGNSLAELQAK,56.5,19.36292602867293
DYYQEKVYALENASAEGQAK,56.5,19.440351194122623
WAYRSQVQLCQNALAALQAK,56.5,19.513165409029067
DVKQNQAEAERNRLAEQQAI,56.5,20.188104257615034
SQYSSQLTQERDQLAEMIAI,56.5,21.42665866595391
APIREQLSAERNCLAELLAT,56.5,21.49596417690084
FPIQDQLYAYQRNAAALQAQ,56.5,21.64189250549688
DAPREQLTACQNKLAARQAQ,56.5,22.62609752825981
DQYQEQFAYKRRKLAELQAK,56.5,22.63814391505443
DKYREQLTQEKNQLATLWAM,56.5,24.238337475690585
FQTRAQLEAEQNIRYALQES,56.5,25.567509677996902
