Entry,Binders (1~10),Binders (11~20),Binding sites
nohup:,,,
A0A0B4J2F2,,,
A2RU49,"SILSQLKPK
SILSQLKPR
SILKQLKPQ
SILAQLKPK
SLLSQLKPQ
SIVKQLKPQ
SILKQLKPK
SILKQLKPR
QSLIPLSKQK
SIRSQLQR","SIRKQLKPK
SISKQLKPK
QSLIPLSKQS
DSLIPLSKQK
SKLSQLKPQ
QSLINLSKQK
QSIIPLSLQK
SALKQLKPK
SLLPQLQQ
SILKQLSPR","[169, 170, 171, 172, 173, 174, 175, 40, 41, 42, 43, 44, 45, 46, 47, 48]"
A4D2B8,"QLARLA
SSRRSSGGR
SSRGGGGGRR
VGQRLSS
SSRGGAGSSR
RLARLA
SSRRSRGGR
AARRLSS
SSRGGGGSRR
SSRGGAGGSR","SSRRGSGGR
VGQRLSR
VGQRMSS
VGMRLSS
VGQRLLS
SSRGGGGRRR
SSRQSSGSR
VGQRLSA
ARRGSSGSR
VGRRLHS","[35, 36, 37, 38, 39, 40, 41, 42, 43, 44, 184, 388, 389]"
O00141,"GSIFSS
QSIFSS
QSVFSS
QSAFSS
GRAPQSS
GSRRGSIIS
RTAAGSSS
QRAFSS
GRAFSS
RTAAGSIS","GSRRDSIIS
GRAFQS
GQAPQSS
GRALQSS
RTQAGSSS
RTQGGSSS
GTGRGSSFSS
RTAADSIQ
GTPRGSSSSS
RTQADSIS","[256, 257, 258, 259, 260, 261, 262, 263, 107, 108]"
O00142,"VYSSLQGL
VYSSLQGF
VYSTLQGL
VYLSLQGL
VYLSLQGF
VYSTLQGF
VYETLQGL
QSTLTGF
DYLTLQGF
DYSTLQGL","KYLSTLQGL
STLQSL
VYSSLQFG
DYSTLQGF
QTLQSL
VYSTLQFG
DYSTLQAL
DYLTLQGL
QYLSSMQGL
QYLSTLQGL","[79, 80, 81, 82, 83, 84, 85, 86, 87, 88, 89, 90, 91, 92, 93, 94, 95, 28, 29]"
O00238,"EIYGEEW
EEIGEEEYG
EIEGEEEYR
EIYGEEEW
EIEGEEEYG
EEIYGEEEYG
EEIGEEFYG
EEIGGEEEYG
EEIGEEEYR
EEIESEEEYG","EEIEGDEEYG
EEIYGDEEYG
EEIIGEEEYG
EEIEGEEEYG
EIYGEEEYG
EEIESDEEYG
EIYGEEL
EEIGEEFYR
EEIGDEFYG
EEYGEEEW","[259, 260, 261, 262, 263, 264, 265, 266, 475, 476, 477, 478, 479, 480]"
O00311,"LTPDGDKKL
LTPGDRL
RTPGRDL
LTPDGDRKL
LTPGDEL
LTPGDEKKL
RTPDYGLKKH
LTPGRGL
LTPDGDKKR
RTPGDEKKL","RTPDYGKRKH
LTPDDGKKL
RTPDGDKKL
LTPDGDKL
LTPDGGKKL
RTPDYGKKKH
RTPDGDKL
QTPDGDKKL
LTPDRDKL
LTPDGDKKH","[175, 176, 372, 373, 374, 375, 376]"
O00329,,,
O00418,,,
O00443,,,
O00444,,,
O00506,"PLPSLSL
SSSGSSSSS
SSSGSSSRL
LRLPSSSL
PLPSLS
PLPSSL
PSLDLSSRS
LRLPSSLL
SSSGSSSRS
SSSGSSSSL","PLPSLL
RSSGGSSRL
RSSGGSSSS
SSSGGSSSS
PLPSLSR
LPPSLSL
LRLPPSLL
KLASSL
SSSGGSSSL
LRLPPSSL","[143, 144, 173, 174, 175, 176, 177, 178, 179, 180, 181]"
O00746,"LEAIRW
LDAIRW
LQAIRW
QQAIRW
TDTSLRIQL
SQVLVRL
SQVLVRS
LDDSLRIQL
LQAIQW
LQALRW","TDLVIRQL
SQAIRW
SQVLIRS
TDTWLRIQL
TDWSLELIQR
TDNSLRIQL
SQVLIRL
SQAVRW
QQALRW
LAAIQW","[10, 13]"
O00750,,,
O00764,"PDELFQA
PDELFGF
PSELFQA
PDELYQA
PDELLQA
PDYLFQA
PDELWQA
EDELWQA
PDELLFQA
PDELLMQA","PDLLLQG
PDALLQA
PDLELQLG
PDLLHQA
PDELWQF
PDLLWQA
PDLLPQA
PDEELQLG
PDLFWQA
PDEALVQA","[226, 227, 228, 229, 230, 231, 232, 233, 234, 235, 13, 14, 15, 16, 17, 18]"
O14578,,,
O14730,"GRLRHR
GNLRPR
LRRRRPA
LRKRHR
LARRHR
GNLRHR
LQRRHR
LSKRHR
GRLRPR
GRRKHR","LSRKHR
LRRKHK
LRKKHR
LRKRHK
LSKKHR
SRLKRPR
SRLKRPA
GRRRPH
LSRKHK
LRRRKPK","[404, 405, 406, 407, 408, 409, 410, 436, 437]"
O14733,"QASLPS
QALLPS
QALLDS
SPLQDSIA
GGALPQ
SPLQDEIA
VPLGDEFAS
GGAVPL
QLNLPS
SPLQDEIR","SPLLQESFAL
SPLGDEIA
SPLGELPA
SPLQGEIP
SPLQESIA
SPPLQEEFSL
QLLLPS
PGGLFPR
SPPLQEEFAL
VPLGDEFAE","[56, 57, 58, 59, 60, 61, 62, 63, 145, 176, 253, 260, 407, 408, 409, 410, 411, 412]"
O14757,"EGNAVFS
EGEAVFS
EGNAVFQ
EGNAVFK
EGEAVFK
EGNAVFV
PGNAVFS
EGLAVFS
EGEAVFQ
ATAQVHFS","EGNVVFQ
EGYAVFS
SSPVQGLVFS
EGEVVFK
DSPVQGLEFS
PGYAVFQ
EGYAVFQ
EGEVVFQ
GEFVFQ
SSPVQGLIFS","[450, 451, 452, 1, 2, 3, 4, 5, 6, 7, 8]"
O14874,"GNLGNLA
GAGANA
GNLGNPA
PAKLSA
GAGLNQA
GNLPNLA
GENGNLNLP
GNGLNQA
GRGLNQA
DENGNLKNR","GADLNLPA
GAGLNLPA
GALGNA
PALGNA
GAGGNA
PLGSNA
GENGNLKLP
GAGGAA
GRLPNLA
PELLQA",[365]
O14920,,,
O14936,,,
O14965,"DWDSEF
SDDDDDWEF
SDDDDDFEF
SDDDDDWSF
DDDEWEW
SEDDDDWEF
RSSSDDDWEF
SDDDDDFDF
DEDDDDFEF
SDDDDDEEF","SSSSDDDFEF
SEDEDDFEF
DGDEWEW
SEDDDDFEF
DWDSES
EDDDDEYE
SDDDGDWEF
SESDDDWEF
DEDSEW
SEDDDDWSF","[194, 195, 196, 197, 198, 199, 200, 201, 202, 203, 204, 257, 258, 259, 260]"
O14976,,,
O14986,"PSSSSSSLPS
PSSSSSSSPS
SSSSSSSRPS
SSSSSSSSPS
SSSSSSSLPS
SSSMARSL
SSSSSSRLPS
PSSSSSSLGS
PSSSSSRLPS
SSSMARRL","GSSSSSSSPS
PSSSSSRRPS
SSSMPRPL
PSSSSSSLQS
SSSSSSSLPW
SSSLSSL
PSSSSSSNPS
PSSSSSPLPS
PSPVSSL
SSSMPRPA","[118, 119, 120, 121, 122, 123, 264, 265]"
O15021,,,
O15075,,,
O15111,,,
O15146,,,
O15264,"SLPSLVR
SPSLRLSLPR
PSSLRLSLPR
SSSLRLSLPR
SDLGLVKPR
SDLGLVLPR
SSDLRLSLPR
SSSLRLSLPS
SDLGLVKPS
SDLGLVPPR","PSLPLV
SSLAPVLPR
DSLLRR
SLASLPR
SDLALVKPS
SPSLRLSLPQ
SSLARVPV
SLPSLPR
PSSLRLSLPQ
SSLPLV","[310, 311, 312, 315, 316]"
O15530,"NYPDYF
NPEYEEE
ATYENPFYQ
ATYDNPFYQ
NYPEYF
NYPPYF
ATYDNPFYK
ATYENPFYK
ATYENPFYE
PTYENPFYK","NPEYVFP
ATYDNPFYE
NYPPYE
NYPPYQ
ATYENPFYL
ATYDNPFYL
NPYPVFN
ATYENPFEE
NTYENPFYE
NLPPYE","[75, 76, 77, 519, 520, 521, 522, 523, 524]"
O43252,,,
O43283,,,
O43293,"ADLDLGLAAS
SRLDLPGA
SDLDLSIPA
ADLDLSFAA
LDLPSA
TDLDLGLAAA
ADLDLPFAA
SRLDLPGS
TDLDLGLAAS
ADLDLGLATA","SPLGVGA
SDLDLGLAAL
ERLDLPIA
PDLSGA
PDLSVPA
DDLDLGLAAA
TDLDLGLAHA
ADLGVPA
PDLDVPGS
LDLSIA","[3, 296, 297, 298, 299, 300, 301, 302, 303]"
O43314,,,
O43318,,,
O43353,"ADYVKS
DSYLGSPY
DSYLSSPG
DDLGYLSPS
SDYVPSS
SDYVPGS
SDYVRSS
PSYYGSPS
DEYLGSPY
GIYSSLSLPS","ADYGLLSPS
DDYLGDPY
SSYVSSP
DSYLDSPK
DDLYYASPS
SEYLSSP
SDYGYLSPS
DSYLGSGY
KDYGLLSPS
DDYLRLSSS","[273, 274, 456, 457]"
O43683,,,
O43781,"DLVVPPS
DAVRPS
EAVRPS
DLVVPS
DLAVPPS
DLVRPS
DAVVPR
DLVVPR
EAVVPR
ELVPPS","ELVRPS
SLVVPS
ELVVPPS
SLPRPPLPSV
DLVVPPP
DAAVPRS
SVPRPPLPSV
SLPRPSLPSS
DLAVPSR
SLPRPPLPSA","[366, 367, 368, 369, 370, 371, 372, 373, 374, 333, 334]"
O60229,,,
O60285,,,
O60307,,,
O60331,,,
O60566,,,
O60674,,,
O60825,"DYLDNPF
NYLDNPF
LDMVHF
DYMDNPF
KYMDDLF
EYLDTPF
NYMDNPF
DYLDEPF
AYMDNPF
RYLDELF","DYLTHF
RYMDNPF
EYLDTLF
DDLLDYLTQ
TYEDMLF
EYLDDLF
TYMDSLF
TYMDELF
SYLDTLF
DYLTDF","[460, 461, 462, 463, 192, 193]"
O75063,"DSAYPV
DSARPF
LSSPGYSP
DSAYYV
LSSPGYGG
DSAKPF
DSAKYV
GSGPDYGP
DSAKPY
LSGAYPG","LVSPDYGG
LSGPYGV
LSAPYPG
LSARPF
DSGHDYPA
SDAYPV
DLARPF
LSGPYGN
GSGHDYGP
LSADYY","[103, 104, 105, 106, 107, 108, 328, 329, 330, 331, 332, 333]"
O75116,,,
O75191,"EVPLLLLP
TPLLDLP
DILLNLG
DVRLYLP
DSLLQLP
TPLLQLP
TPLDLLP
DVVPLRLLG
DVLLQLP
DLNLLF","DLALLL
DKLLKLQ
DGLRLF
NVRLQLN
SVPEYRLWAG
QVPLLLLP
SLQYLP
DVLSYLP
DVPLLLQ
DLQLLF","[312, 313, 314, 315, 316, 317, 318, 319, 320, 297, 298, 299, 300, 301, 302]"
O75385,,,
O75414,"LDLAHSLKSR
LDLSGK
LVLSGK
LDLAYSLKSR
LDSLSKITG
LDSLSKITS
LDALSKILS
LVLSAIEK
LDLACSLKSR
LDFLSKITG","LDFLSRIRS
LDALSKIVS
LDLLSKITS
LDFIYSLKSR
LDLACSLKPL
LVALSKILS
LDFLSKIGA
LDWATSLKSK
LDLACSMKSR
TDALSRILS","[167, 168, 169, 170, 171, 172, 173, 174, 175, 176, 177, 178, 66, 67]"
O75460,,,
O75582,,,
O75676,,,
O75716,"ADSGWDEHR
SSEGDWPC
SSEGDWHC
APSGWDEHR
SSSGDWLC
PSSEDDLYHG
PSEGDWPC
SDSGWDEHR
PSEGDWLC
SSDEWYR","ASSGWDEHR
PSEGDWVC
SSSGDWRC
PSSGWDEHR
PSDELYR
SSEGDWLC
GSSEDDDYYG
ISSGDWPC
SSSGWDEHR
ASSGWDLHR","[78, 82, 85, 86, 87, 243]"
O75747,,,
O75912,,,
O75914,"RRRSSWG
RRSSWG
RRRYSWG
RRRRSWG
RRRSRYWSG
RRRSWG
RRRSSYG
RRRSSYWSG
RRRSSGWSG
RRRSRSWSG","RRRYWSG
RRRRWDSG
RRRRWWSG
RRRSSDWSG
RRRRYSSG
RRRSRDWSG
RRRRWSSG
RRRRSVDWSG
RRRRSYG
RRRRWPSG","[468, 469, 435, 436, 437, 438, 439, 440, 441, 442, 443]"
O75962,,,
O76039,,,
O94768,"SSRRRSS
RRRRRSS
SSRRRRS
SRRRRSS
SSRRRSSS
SSRRRSSSS
SRRRRSSS
RRRSSS
RRRRRSSS
SRRRSRS","RSRRRSS
RRRRSS
RRRRSSS
SRRRRSSF
RRRRSRS
RSRRRSSSF
SRRRSSS
SSRRSRS
SSRRRLSS
RRRRRSRS","[159, 160, 161, 162, 40, 41, 42, 43]"
O94804,,,
O94806,,,
O94921,"RLPDLPL
RPLPSL
LPLPSLPSR
LPLPSLPSV
LPLPSLPSL
PDLALPSR
PDLPLPSR
RLPPLSL
LPLPALPSR
RLPPLPL","LDLPSLPSR
PLPPLSL
LPLPSLPSF
RLPDLPV
PDLSLPSR
KPLPSLPSR
VPLPSLPSR
RDLPLPSR
KDLPLPSR
RPLPSLPSH","[288, 289, 290, 291, 292, 293, 294, 143, 144]"
O95340,,,
O95382,,,
O95544,"APRLSRGA
APRLSRGF
APRLSRGR
APRLSRGG
ADAPLAHRF
ADAPLALRF
APRLARGR
ADAPLSLRG
PDAPLSLRG
ADADLSRRA","ADADLANRF
ADAPLSPRG
ADAPLSHRG
APRLLRGR
APRALRGR
ADADLSPRG
ADAPLSRRF
PDAPLSPRG
APLSSA
ADAPLTHRG","[346, 347, 348, 349, 350, 351, 352, 353, 354, 355, 321, 322, 323, 324, 325]"
O95747,"GRFQVS
GRFQVSV
GRFQVSS
GRFQVST
GRFQVT
GRFQVSVS
GRFQVSSS
GRFQVSVK
GRFQVQVS
GRFQIS","GRFQVSVT
GRFQVSTS
GRFQVSST
GRFQFS
GRFQVTV
GRFQVSR
GRFQVK
ERFQVSVS
GVFQIS
GRFQVQVSK","[436, 437, 438, 52, 53, 54, 55, 56, 57, 58]"
O95819,,,
O95835,,,
O96013,"RRRSWY
RRRPWY
RRRRWWYG
RRRRWY
RRRRWWY
RRRSWYG
RRRWWY
RRRRWWYYG
RRSRWWYG
RRRRWYY","RRRWWWYG
RRRRWYG
RRRRWYWYG
RRRRWGY
RRRSWYY
RRRRWYYYG
RRRRWYYG
RRRRSWYY
RRRRWWYY
RRRSWWYG","[473, 474, 475, 476, 477, 478, 479, 480, 481, 441, 442, 443]"
O96017,"SAVRSR
DALRSR
SALRSR
DAVRRR
PSLDDLVC
SALSSR
SDPGLAVHR
AAVRSR
DAARRSR
DSLRRSR","SQALRSR
AAASSR
DALLSR
SDPGLAVAR
SDEGLAVAR
PSLGDLVC
DAVRSS
SSPRLQAVAS
PSLGLAVKC
SDPGLAVKR","[164, 165, 435, 436]"
P00519,,,
P00533,,,
P00540,"EEEEEEEYL
EEEEEEEYY
EEIPMESW
EEMEEESW
EEMPEESW
EEIPEESW
EEEEGEEYW
AEEEGEEEEW
EEIPEESL
EEEMEESW","EEEEGEEYL
EEEEGEAEEW
EEIEEEEYA
TEEEEEEYW
EEMPEESL
EEEPGEEESW
EEIEEEEYL
EEEEGEEESL
EIEEGEEEEW
WEIPEESL","[287, 288, 199, 200]"
P00558,"PAKLSG
PAKIGG
PAKISG
PAKVSG
PAKIHG
PAKLSH
PAKLGG
KVSSDGEVHF
KVKSDEWVNF
PAKLVG","PAKMVHG
PASMVHG
KVSSDEEKHF
KVSSDEWVNV
KVTSDEEKHF
KVSPDMSF
PAKIVG
KVKSDEWVHF
KVSSDEWKNF
KVSSDGEKHF","[373, 374, 65, 66]"
P00568,"PETTGF
PSTTQGF
PETTQGF
GYPETTAQAF
GYPQTTAQAF
GSTTQTF
GKPTTQGL
LKPTTAQAF
GVPTPQAL
GYPEETAQAA","GEPTSTAQAF
GYPEFTAQAF
GEYTSTAQAF
GVPTGQAA
GEPVSTAQAL
GEPTYTAQAF
GSTTQAF
GVSTPQAL
GYLTETAQAA
GVPTGQAL","[34, 35, 36, 37, 38, 39, 40, 42, 43, 60, 65, 96, 100, 131, 134, 137, 144, 148]"
P04049,,,
P04183,"EALAALAA
AALENAA
AALSALAA
AALSELAA
ALESALAA
ELAAALAA
AALENAG
SLANAF
AKLSELFAA
AALSSLANA","AALSALANA
AALSELANA
AALAELAA
AALQSLANA
ALAAALA
AALSSLAAA
AALQAMANS
ARLSELAA
ALESLLAA
AALQALANA","[178, 179, 180, 185]"
P04626,,,
P04629,,,
P05129,,,
P05771,,,
P06213,,,
P06239,"EEEEEGEYEE
EEGEYEEE
EEEEGDYEEE
EIGEYEED
EIGEYEEE
EEEEGEYEE
EEEIYGEEEE
EIGEYEEF
EEEIYGEYEE
EEEEYEEEG","EIEEGEYEE
EIGEYEE
EEEEYGEYEG
EIEEYEEE
EEEGYEEEG
EEEEYGEEEG
EEEEGGYEIE
EIGEYEEL
EIEEEGEYEE
EEEEYEEIG","[362, 363, 133, 134]"
P06241,"EEYGDEEY
EEYGDYEY
EEYGYEEY
EEYGYEEM
EEEGYEEY
EEYGDDEYY
EEYGYEIM
EEYGYEIY
EEEYGDYEEG
EEYGDDEYG","EEYGEYEM
EEEYGDYEEY
EEEIYEEM
EEYGDEEYG
EEEYGDYEYG
EEEGDDEYY
EEYGDEEYY
AEEYGDYEEY
EEEGYEEIG
EEEYGDYEIG","[177, 178, 179, 180, 133, 134]"
P06493,"SPRPALSR
RSRAPASRR
SPRPRPRR
RSRAPAPRR
RSRAPRPRR
RPRLPPR
SPRPPLSR
RSRAPASRK
RSRAPAARR
RSRAPAPKR","RSRAPAPRK
RSRAPAPRS
RPKLPR
RSRLPAPRR
RSRSPSPRR
RSRHPASRR
RSRSPAPRR
RPRSPRR
RPKLRR
RSRAPSPRR","[206, 207, 208, 209, 210, 45, 46]"
P06732,"PLSVQF
PLDVQF
PLSVQL
PLSVQM
PLSVLFQ
PLDVQL
PLSSLFQ
PLSVVFQ
PLDVFF
PLSSIFQ","PLSVLLQ
PLSSLLQ
PLQVLFN
PLPSLLQ
PLPSILQ
PLPVLLQ
PLSVQFQ
PLQVLFQ
PLSVRFQ
PLQDLFN","[190, 191, 192, 193, 194, 195, 239, 240, 241]"
P07205,"PAKLVH
PAKMVHG
KLTPSEEVHF
PAGMVHG
SGGMVHG
TLTPSGEVHF
PEKMVHG
KLTPSTEVHF
PGGMVHG
PLKMSHG","TLTPSEEVHF
PGKMVHG
PAKMVSG
PAPMVHG
TLTSSDEVHF
PALMVHG
PEKLVH
PGGMVHA
KVSPDVGF
KLTVSDEVHF","[373, 374, 136, 137]"
P07332,,,
P07333,,,
P07947,"EEYGYEIM
EEEGDYEIY
EEYGDYEIG
EEEGYEEM
EEYGYEEM
EEEGDYEIG
EEYGYEEY
EEYGEYEM
EEIGDYEIY
EEEGYDEMM","EEEEYGYEIF
EEEEYGEYEY
EEEGYYEM
EEEEYGEEEY
EEEYGYEIM
EEEGDYEIF
EGEYEEM
EEYGDYEIY
AEEEYGYEIY
EEYGEEEY","[123, 124, 125, 126, 127, 128, 209, 210, 211, 212, 213]"
P07948,"EEGEYEEM
EEEEEYEEG
EIGEYEEM
EEEEYGEEEE
EEEEGDYEIE
EEEEYEEYG
EEEEEEEYG
EEEEEEEEF
EEEEYGYEEG
EEEEYGYEEE","EEEEYEEM
EEEGEYEEF
SEEEEGYEEG
EEEEGDYEIG
EEEEYEEIG
EEEEEYEEF
EEEEGGYEEE
EEEEEGYEIG
EEEEEGYYEG
EIEEYEEYG","[216, 217, 218, 135, 136]"
P07949,,,
P08069,,,
P08237,,,
P08581,,,
P08631,"EIGEYEEM
EEEGYEEYG
EIEEYEEM
EIEGYEEYG
EIGEYEEF
EIGEYEEG
EEEGYEEEG
EIGEYEYM
EIEEYEEIG
EIGEEEYM","EIEGYEEM
EEGGYEEYG
EEEGYYEIG
SEEEYGEYEG
EEEGYEEIG
EIEGYEYM
EIEGYEEEG
SEEEYDEEYG
EIGEYEYF
EEEGYDEYG","[298, 299, 195, 196, 197, 198, 199]"
P08922,,,
P09619,,,
P09769,"AEEEGDYEEG
EEEGDYEEG
EEEGYEEEE
AEEYGDYEIG
EEEEYGEEEY
EEEGDYEIE
EEEGYEEEG
EEYGDYEEG
EEYGYEID
EEEGYEEG","EEEEYEEEG
EEEGDYIEE
EEEEYGYEEY
EEEGYEEIG
EEEEGYYEEG
EEYGDYEIE
EEYGEEF
EEEGYEEIE
EEEEYGYEEG
EEEEYDYEEG","[229, 230, 231, 232, 233, 270, 271, 272]"
P0C1S8,"GSSSGGSSA
GSSGSGSSA
SSSSGGSSA
GSSSGDSSL
GSSSSSSPA
GASASPA
SSSGASSA
SSSGGSSA
SSGGASSA
SAGASPA","SSGGASPA
GSSGASSA
GSGSGSKA
SPSRSSSFSA
SSGGGSSA
GSPGSSSSS
GSSSSGSSA
GSGSGSEA
GSSRSSSFSG
SAGPSPA","[297, 298, 202, 203, 204]"
P0C264,"RRPGAVFSR
KPSGVVFSR
APAPAW
APAPAS
LGVAVPR
RPSGVVFSR
APASSW
PSGPVFSR
PGVVVSR
APAASW","KPSGAVFSR
RPSGAVFSR
APPGVVFSR
APVSSW
APAVSW
KRPGAVFSR
SRPGVVFSR
APAPSS
PSGVVFSR
APASAW","[236, 237, 238, 239, 240, 241, 242, 210, 211]"
P10398,,,
P10721,,,
P11274,,,
P11309,"RKRRRHPSG
KKRRRHPSG
RRRHPS
RRRHPG
RRRRRHPSG
RKRRRRPPSG
KRRRRHPSG
RKRRHHPSG
RRRRHPS
RKRRRRHPSG","KKRRRHPG
RRRRHPG
KKRRHHPG
KKRRRHPS
RKRRRHPPSG
RRRRRRPPSG
KKRRHHPSG
RKRRRHPG
KKRRHHPS
RKRRHHPG","[237, 238, 239, 241, 242]"
P11362,,,
P11801,"SRPDDFAF
SRPDSIAF
PAELSW
RRPDDFSF
SRPDDFSF
RRPDDYAF
RPRYPDLPFS
PAEFSW
SRPDSFQF
SRPDDFWF","SRPDDFPF
PEELSW
SRDDEFSF
GEPLSW
PEEFSW
PDDYGSWAF
PPPSSW
RRPSSFQF
PRPDDSWAW
REPLSW","[78, 79, 80, 81, 180, 181]"
P11802,"LGDLVH
LGDLAH
LGDKPL
LGDKAR
DGDKPL
LGDKHR
LGDKVH
LGDKLH
DGDLKPH
DGGDKPL","DGDGKPL
DGDGKPH
LGDKAH
DPGKVH
RDLGAKAH
DDGDKPL
DGDGKRH
DDDGKPL
LGDKIH
DDGGKPL","[0, 1, 2, 3, 4]"
P11908,"DSLFSG
DSLFNI
DSLFNF
DSLFNA
DSLFNG
DSLFTG
DTPYLDALKI
DSLFQG
STPYLDALKI
STPYLDELKI","SQSVLDALKV
SQSLVDALKV
DTLFNG
STKYLDELKI
DSWLQG
STPYLAELKI
KQSLVDALKV
STPYLDELKV
DTPYLDELKI
DSWLNG","[296, 297, 293, 294]"
P12277,"PLSVQF
PLSVQA
PLSVQL
PLDVQL
PLSSLFA
PLSSLLA
PLSVQT
PLSSLLQ
SLSSQF
PLSVHL","SLSSLFA
SLSSLFG
SLSSLFN
SLSSLLA
SLSVQF
PLSSLLG
PLSSLLN
SLSSLLQ
PLSSLLY
PLDVHL","[339, 340, 336, 337]"
P12532,"ALDYLLG
ALDYLQG
SDLYSLLKG
SDLYSLIKG
AFDYLLG
GLDYPF
SLLSALKG
SDLFSLLKG
DALYQLKG
SLFSLLKG","SLGYLLNGRR
ALQNLGF
SLLSLLKG
SPLYCLGR
NLQYLLG
SLYSLLGG
SLFYQLGG
GLQYILG
SLLGALKG
SLFYQLGA","[102, 103, 104, 105, 106, 107, 108, 109, 110, 99, 100]"
P12931,"EEEEYEEEEY
EEYGDEEY
EEEGYEEY
EEEEYGDYEY
EEEEYGEEEY
EEEEGNYEEY
EEYGYEEY
EEEEYDEENY
EEEEYEEENY
EEEGYYEEM","EEYGEEEY
EEYGYEEM
EEEGYEEEY
EEYEEY
EEEEYDEEEY
GEYFEY
EEEYGEEEY
EEEGDEEYY
GEYEEY
EEEEYDEMEY","[135, 136, 100, 101]"
P14616,,,
P14618,"DSVVDLNWP
DSVVTLNWP
DSVLTLNWP
SSVVDLNWP
SSVVTLNWP
SSVETNPW
DSVVNLNWP
SSVETLNW
SSVVTNPW
DSVVTLNW","SSVVDLNPW
ESVVDLNWP
DSVVTLNPW
EELNPW
DSVVTLNPP
EVLNNW
DSEVTLNWP
SSVVTLNPW
ESVVTLNWP
DSVLTLNPW","[420, 421, 416, 417]"
P15056,,,
P15531,"ALVDAVVVS
ALADAVVHS
ALADAVVKS
TVLAAIKS
ALVDAVVKS
ALADAVVSS
ALENTAFVHG
ALVDAVVHS
ALVDAVVSS
AIENTLAVHG","ALADALVKS
ALADLVVKS
ALENTAAVHG
SVLAAIKS
AIENTLKVHG
QALVHG
TTLAAIKS
ALENTLAVHG
ALLDAAKKS
QALAHG","[33, 34, 39]"
P15735,"QAQASRS
QAQASRR
QAMASRS
QAMASRR
AAASRR
AAASRS
PDGALRSA
QAQASSR
AAARRR
SSRRGRRFSA","QAMQSS
SAQASRS
STTTGRRFSA
SSRRGRAFSY
PDGELRSA
SSRRGRAFSA
SSTRGRARSY
STTQQAFSS
SDGELRSA
SAASRR","[154, 155, 156, 157, 151, 152]"
P16118,"SDLYSDLQK
SDSFEDYLK
DLDLSF
SLDTPF
SLSTLQS
DLSTWQS
SDSYEDLLP
DDSYEDYLK
SDSMEDYLK
SDKYSDLLQ","SDSFEDYLT
SDSMYDLQP
SDSYEDLLQ
SLSPDQDL
SLDSPF
DDLYKYLQQE
DDSMEDYLK
PLDFKF
DDSYYDLLK
SLSTWQS","[352, 353, 0, 1, 2, 3, 4, 5, 6, 7, 8, 9, 10, 11, 12, 13, 14, 15, 16, 17, 18, 19]"
P16234,,,
P16591,,,
P17252,,,
P17540,"PLFSIRG
PLFALRG
PLFAVRG
PLYRGR
PLGRGL
VVHSLRGY
DLDSLRGY
PLDRFL
PLFAIRG
VVHSLRHY","LVHSMRGY
PLFSIGG
PVHSLRKY
PLDRFY
PLYSLRG
PLGRGY
PLYSIRG
PLYALRG
PLHSLRVY
PLYRGM","[224, 225, 226, 227, 228, 229, 95, 96, 97, 98, 99, 100, 101, 102, 103, 104, 105, 106, 107]"
P17612,"RRGRRHDI
GRRRRRIHI
GRRRRQIIHI
GRRRRRHHI
GRRRRQSIHI
RRGRRIDI
GRGRRHDI
GRGRRHHI
GTRRRQSIHI
GRRRRQAIHI","TRGRRHDI
TRRRRRIII
RRGRRHHI
GTRRRQIIHI
GTRRRQRIHI
GRTRRQIIHI
TRTRRDIHI
RTGRRIDI
GRRRRDIII
TRTRRIHHI","[168, 169, 170, 51, 52, 53, 54]"
P17858,,,
P17948,,,
P19367,,,
P19525,"TDEELEK
SDEELKS
SDEELEK
TDEELES
SDEELES
ESDEDEYS
ESDEDEYF
SSDSDEEIC
SDDELEK
SDDELES","TDEELEE
SSDEEEYS
ESDEYS
SSDSEEEIC
SSSDLEEIC
ESDEEEYS
SDDELEN
ESEEDEYF
SSDDEEEYC
ESDEDEEF","[417, 418, 457, 458]"
P19784,"RRRQPWLF
RRPGTGLSF
PRRTPDLFGF
PRRPDLPSF
RRRQPWLD
RRRTLDYWGF
RRRQPWLG
RRRLPWLG
RRAPWSL
PRSRGDYLGF","RRRRLDYWGF
RRKTPDYWGF
RRPGDGLSF
RRQGDSL
RRSQGWLD
RRKRLDYWGF
RRPGTLLSF
RRRQGWKF
PRRTLDYWGF
PRRRGDLFGF","[48, 49, 50, 51, 55, 56, 57, 58, 59]"
P20794,,,
P21108,"KSLGDWLGN
SSDEYLGV
KSVGNWLGN
DSLYGN
KSLGNWLGN
TSVGNWLGN
SDYLNGA
SSVGNWLGN
SDYLNGG
SVDEYLGN","TQVGNWLGN
DSWLQG
DSLYNG
KTLGLDGLGI
TSLGNWLGN
SVLGNWLGN
DSLLTG
KTLGLDSLGI
SSVGNWLEN
DKLYGN","[305, 306, 307, 308, 309, 310, 311, 45, 46]"
P21127,,,
P21675,,,
P21709,,,
P21802,,,
P21860,,,
P22392,"TANWVALKN
TANWVALKQ
TANWVALKK
TVLAVLKE
TAVWQALKN
TANWLALKN
TANWQALKN
TANWLALKQ
TANWVAAKN
TLVNFL","TLANFL
TALNFL
QALNFA
TANWSALKN
QAVNFA
TVWAVLKE
TLANVKS
ALTWVAAVKK
QLANLL
TLNWLALKS","[21, 24, 25, 29, 33, 34, 36, 39]"
P22455,,,
P22607,,,
P22612,"RRGRRHDI
GRGRRQSIHI
GRGRRHDI
TRGRRHDI
GRRRRQSIHI
GRGRRQIIHI
GRRRRQIIHI
GRGRRASIHI
GTRRRQSIHI
GRTRRQAIHI","GRRRRQAIHI
GRRRRIHII
RRTRRHII
GRRRRISII
TRGRRHHI
GRGRRQIHHI
RRGARHDI
GRTRRQSIHI
GRGRRGIIHI
RRTARHII","[168, 169, 170, 197, 198, 199, 200, 201, 202, 203]"
P22694,"GRGRRQSIII
GRGRRQSIHI
GRGRRRSIII
GRGRRRSIHI
RRGRRIDI
RRGARHDI
GRGRRGSIII
GRGRRASIHI
GRGRRGSIHI
RRGARIDI","TRRARHDI
RRRARIDI
GRGRRQSIIA
GRRRRQSIHI
GRTRRRSIHI
GTRRRQSIHI
GRRRRQSIII
RRTRRHHI
GRRRRRSIHI
RRTARIDI","[83, 84, 53, 54]"
P23443,"PSGRQLSLEN
PSGRQLSLDE
PSGRQLSLEY
PSGRQLSLEE
DGTLQVLSE
PSGRQLSLER
PSLLSSS
PSGRQLSDEE
DSGRQLSLEE
PSGRQMSLEN","DGTLQVNSE
PSGRQLSLSE
QSQLQSS
DSGRQLSLEY
PSGRQLSLEV
PSGRQLELEN
QSSFQS
RSGRQLSLEE
PSLVSSS
RSRLQSPE","[380, 381, 382, 383, 384, 385, 180, 181]"
P23458,,,
P23677,"PLPSVL
PLPSVQ
PLSSVL
PLPSLL
PLPSQL
PWEGVLLSQ
PLPSSL
PWEGVMLSQ
PFPASLLS
PLPSPL","PWAGVMLSQ
PFLADLA
PWEGMLLSS
PFDAFLA
PWADVMLSS
PWEGVLLSS
PAFAALLS
PWDGVMLSS
PWEGVMLSS
PLLSPL","[313, 314, 286, 287]"
P23743,,,
P23919,"SSARIS
SEAAARRF
SSARIF
DSARGF
SSAEIS
SSAVQSAFSF
SEEAARRF
SSAAQSLFSF
SSARGF
SSAEARRF","DSARGL
SSARIL
SSAEARRY
SSAAARRY
SSAVQSLFSF
SSAEIF
SEAVARRY
SSARGL
SEAVARRF
SSAMQGR","[40, 41, 42, 130, 131]"
P24723,,,
P24941,"HHDAARKK
HHDAARKR
HHDAKKKK
HHDSARKK
HHPSKKK
HHDAAKRK
HHASKKR
HHDSARKR
HHPSKRK
HHARKR","HHHARKK
PHPSPAKKKK
HHAPPKK
HHDAKKKR
HHHARRK
HHDAPKKK
HHDAPRKK
HHASKRR
HHDAAKRR
HHDSAKKR","[130, 131, 197, 198, 199]"
P25098,,,
P27037,"SDEDLAEIA
DDEDLAEIA
DEIFSA
EDEIYASMSK
DDEDLVEIA
DDEDLEEIA
EDLGLAEIA
DDEDLAEIG
DDEGLAEIA
EDLGDIFS","EDDIYASMSK
DDEDLIEIA
SDDDLMEIA
EDEIYASRSK
ESLGDIFS
DDEDLMEIA
DDDDLAEIA
EDDIYASRSK
EDLGDIFY
EDEIYASMQK","[92, 93, 94, 95, 96, 97, 98, 99, 100, 101, 102, 103, 104, 72, 73, 74]"
P27144,"PDLQLQAT
PDLQLQAQ
PDLVLQNT
PDLVLQNS
KDLEKSLQIF
RDLQNSLQIF
PDLQLQAF
PDLQLQGF
PDLQLQNS
PDLQLQNT","PDLTLQGQ
PDLQLQNF
PDLALQGF
PDLALQNT
EDLEKSLQIF
PDLVLQGT
EDLQKSLQIF
PDLQLQGG
PDLALQGT
PDLALQNF","[189, 190, 191, 192, 193, 194, 195, 196, 197, 198, 199, 200, 201, 203, 204]"
P27361,"PKLSIH
PKLSIR
PKLPIH
RKPLPALVIR
PKLSLH
RKPKPALVIR
LKLSIH
RKPLPALLVR
PKLSLPR
RKPLPALLIR","PKLLIH
KKPGLVIH
RKPGLVIH
RKPLPSLLIR
RKPLPALSIR
PKLLIR
LKLSLPR
RKPLPALPIR
RKPKLPLLIR
LKLPLPR","[144, 145, 130, 131]"
P27448,,,
P27707,"SPETTFSF
PLPSSSSQSF
PLPSSSSQTF
PLPVSTSQSF
PLPVSSSQSF
SLPVSVSQTF
GLPVSVSQTF
SLPSSSSQTF
STPSSSSQTF
PTPSSSSQTF","PLPVSTSQTF
PLPVSSSQTF
SPSTTFSF
PLPSSSSQNF
PLPVSVSQTF
SLPSLSSQTF
DLPVSTSQTF
DPETTFSF
PPPVPTSQTF
SLPVSTSQTF","[126, 127, 129, 130]"
P27987,,,
P28482,"PDLWIH
RPDLWIH
RPLWIH
PQLWIH
RPDLSIH
PDLPIH
PPLSIH
RPLDLIH
RPLSIH
PRDLPIH","PRDLWIH
PPLWIH
RRPKLWIH
RPDLWIN
RRPDLIIH
RRPKLIIH
RPLDLIIH
RRPLWIH
PQLLIH
PRPDLIIH","[116, 117, 118, 119, 120, 121, 314, 315, 316, 317]"
P29317,,,
P29320,,,
P29322,,,
P29323,,,
P29376,,,
P29597,,,
P30085,"AGATATAL
AKATATAL
NKPLSTLQAA
AHTAKTA
AGGTATAL
GKPLKTLQAA
AGAAQAA
AGATATAF
AGAAKGA
AHTTQAA","AGATATAM
AAGVHA
NIHSTAQAF
AHTTKTA
NKPLKTLQAA
AGGTATAF
AIATATAL
AHTTQTA
AIASTKQAA
AAAKHA","[38, 52, 55, 56, 61, 62, 66, 99, 150, 154]"
P30291,,,
P30530,,,
P30613,"SDSVVLDNPA
SDELLTG
SESVELDNPA
SDELLTGA
SDSVELDNPG
DELNWD
DEITVTA
TESVELDIPA
SDEELLGA
DELLAD","SDEELTNPA
SDEELTGA
SDSVLVDNPG
SDELLLGA
SDEALTGA
DDELLTG
TDELLTDPA
DELLWD
DEIAVTA
SESVSLDNPD","[474, 475, 455, 456]"
P31152,"RSLADYSY
RSLVDIAS
PELAAYSS
SDLAYASTQ
RDLAVSSS
SSLVQGR
PDLVQGR
RDLVYYSS
RSLADYKY
RSLADYNY","PSLAAYSS
RSLADINY
RDLVYISS
PDLVLYSS
QDLAYASTS
RDLAVYSS
HSLVQGR
RDLADISY
PDLVAYSS
RELADYSY","[123, 124, 529, 530, 531, 532, 533, 534, 535, 536, 537, 538, 539, 540, 541]"
P31749,"GRPRTTTFAE
GRPRTTTFEE
GRPRTTFAE
GRPRTSFAE
GRPRTTSFEE
GRPRTTFAA
GRRRTTFAE
GRPRTTTFDE
GRPRTTFEE
GRRRTTSFAE","GRPRTTIAE
GRRRTTFIE
GRPRTSFEE
GRPRTTFIE
GRPRSTTE
GRPRTTSFDE
GRPRSTIE
GRPRTTTE
GRPRTFTA
GRPRTSTE","[308, 309, 310, 311, 312, 313, 314, 315, 438, 439, 440, 441]"
P31751,"GRRRTTSFEE
GRRRSTFEE
RRRRSTFEE
GRRRSTFAE
GRRQTTFEE
GRRRTTFEE
GRRQSTFEE
GRRRTTFAE
GRRRTTDFEE
GRRRTTSFDE","GRRRTASFEE
GRRRTTSFAE
RRRGTTFEE
RRPRTTSFEE
GRPRTTSFEE
GRPRTTFEE
RRRTSTIE
GRRRTSSFEE
RRRRTTFEE
GRRTTTFEE","[276, 277, 278, 279, 441, 442]"
P32189,"FNLSHS
FNLSHK
FNSSHA
FNLSSS
FNDLVA
FNLNSS
FNDLSA
PLSTLSR
ATGTGRRA
FNVSSA","ATGSGRGR
FNVLSS
ATTGGGGGGR
PLSTLSV
PLSTASR
ATGTGRGR
PLSTVSR
PLSTSSL
FKSGSGGGR
PLSTFSL","[92, 93, 458, 459, 460]"
P32298,"EEEEEE
EEGEEEE
EEDEEEE
EEGEEE
KPDEVFDL
SRREDGSFEF
EEDEEDE
EPMEVES
SRREDGSFEL
ELGEPL","SRREDGSWEF
SRRPDGSFEF
EEVEVEE
SEGGEGEGE
EEVEEE
EAGEPL
SEVEESEWE
SAREDGSFEL
ERREDGSFEF
EEVEPE","[310, 311, 313, 314, 315, 316]"
P33076,,,
P33981,,,
P34925,,,
P34947,"SGSSSL
SGGSSSL
GRSSSL
SSGSSFSS
SGMSSL
SSGSSFSF
GGSSSL
SSGSSFSW
GRSTSL
SRGSSSL","SSGSSFYS
SFGSSFSS
GSLSSGSFSS
GGMSSS
SSGSGFSF
TGMSSL
SSGSGFSS
GGMSSR
SRGSSFSS
SRGSLFSS","[382, 383, 384, 191, 192, 193, 194, 195, 196, 197, 198, 199, 200]"
P35557,"EGYLDLPL
EGKRDLPL
LGKDDYLPLL
RGMLPL
LGKYDDLPLL
LGKDSYLPLL
TGKYYDLPLP
EGMKPL
EGLDLDMPL
LGKYYDLPLP","EGKKDLPL
KGYLDLPL
LGKDYDLPLP
VGKYYDLPLP
EGYSDLPL
LGKRYDLPLP
LGKYDDLPLR
TGKYDDLPLP
LGKYYDLPLG
EGYLDYPL","[204, 205, 225, 226, 227, 228]"
P35558,,,
P35590,,,
P35626,,,
P35790,"AKQSSKQL
KSQKSLQL
KSLSSLLQ
KSQSSLLQ
KSQKSLKL
AKQASKQ
KIAQQK
AKQKSKQ
RILQQR
AKRSPLLLQ","AKQASLQ
ASQSSLQL
KSQKSLLQ
KIAQQT
ASQKSLQL
ALQQSLK
ASQASLQ
KKLSQSLLK
KSQSSLQL
KSQKQLQL","[116, 117, 118, 119, 120, 331, 332]"
P35916,,,
P35968,,,
P36507,"PSLLPSL
PALPSS
PSSPGLRLSR
SSIPGLRLSR
PSSPGLRLSQ
PDLPSA
PSIPGLRLSR
PDLPSS
SSIPELRLSR
PSIPGLRLSQ","WSSLGSRLSR
RSIPGLRLSR
PALSSS
RPSLPGL
PSIPGLRPSQ
SSPLPSLLSR
PSVPGLRLSR
PSSLPSLN
PVPGLVPLK
PSSLLSSN","[226, 227, 228, 229, 230, 136, 137, 138]"
P36888,,,
P36894,"EIYGEEW
EIYGEEEW
GEYEEF
EIYGEFEF
GEYFEF
EIEESE
EEIGGEFEW
EIGGEEEW
GEYFEE
EIGGEEEF","EESGEEFEW
EIYGEEEER
EIYGEEE
GMYEEE
EEIGDEEYW
EEIGGDEFYG
EEIGGEEEYG
GIYEEE
EIYGEFEW
DIYGEEEYR","[100, 101, 102, 400, 401]"
P36896,"EIYGDEEYA
EIGDEEYA
EIYGEEEYA
EIAMEEYR
EIYGEEYA
EIYGDEEYR
AMEEEY
EIYGDDEYA
EEYGDDEYY
EIYGEEYR","EIEGEEYR
EIYGEEEYR
GMYESE
EIYGAEEYA
GMYEEE
GMEEEF
GMYEEF
GEYEEF
GMYEEY
EEYGEEEIA","[62, 63, 64, 65, 66, 53, 54, 55, 56]"
P36897,"EIYGEEF
EIYGEEL
EEYGDYEEG
EIYEEIR
EIYGEEW
EIYGEEEW
EIYGEYEER
EIYGEEER
EIYGDDEYG
EIYGEER","EIYGEEYR
EEIYGDYEEG
EIYGEYEEG
EIYGDEEW
EIYGEFEF
EIGDEFEW
EIYGEERW
EIYGDYEEA
EIYGEIR
EIYGDDEYR","[231, 232, 233, 234, 261, 262, 263, 264, 265]"
P37023,"SEEYGDYEYG
SEEDGDYEYG
SEEYGDDEYG
SILDEEYG
SIEDGDYEYG
SEEDADYEYG
SEDYGDYEYG
SIEDAFYERR
GEEWER
SIFDEEYG","SEEDGDYEIG
EIFGDYEEG
SEEYGDYEIG
SEEDLDYEIG
SEFERR
SIEDGDYEYR
EESGEYEEG
SEEDGFYEIG
SEEDSDYEYG
SIEDGDGEYW","[258, 259, 260, 233, 234]"
P37173,"GDEEIG
DDGDEIIG
SDDGFFEIG
DGEEIG
DDGDEEIG
GEDDGFEIIG
DDGYEEIG
DDGVEIIA
GEEEIG
DDGVEIIR","EDDGFIIIG
DDDGEEIG
GDGEEIG
GEEDGDFIIA
GEDDGDFIIA
WEEDGDFIIG
GEDDGFFIIG
WEDDGFFIIG
GDDVEIG
GEDDGDMIIG","[168, 169, 170, 171, 172, 173, 174, 175, 176, 177, 178, 179, 180, 181, 182, 183, 184, 185, 186, 187, 188, 189, 165, 166]"
P41240,"EEYGEEEL
EEYESL
EEYGEIP
EEYGEIL
EIYGEEEL
EIEGYEEL
EEYGDEEL
EIYGEEL
EEIGEEEIA
EEEIGEEFEL","EEYGEYEL
EEYEEEEL
EEIIGEEFEL
EIYEEEEL
EEYGEFEL
EEYEEEL
EEIGEEEIE
EIYEEL
EIYEEEL
DEYGEEL","[342, 343, 344, 345, 346, 347, 348, 349, 350, 351, 139, 140, 141, 142, 143, 144, 145]"
P41279,"PRGRVLSR
PRGRDLSR
PRGRVPSS
PRRRPSVQL
PRGRVPSR
PRRRLSS
PRGRVLSS
ARRLQS
SRRLSS
RRRLSS","PRRLPS
SRRLQS
SRRRGAVVSS
PRRSISE
SRRLVS
PRRVVSS
PRRLQS
PRRSLSS
PRRRISE
PRGRDLSS","[284, 285, 286, 287, 288, 289, 290, 291, 292, 293, 332, 333, 334, 335]"
P41743,"LGRRRSQ
LGRRRSR
QGRRRSR
LGRRRSS
RGRRRSR
QGRRRSS
LGRRRSSSG
LGRRRSQSG
RRSRSS
QRRRSS","LGRRRRSSG
RRSRSR
RRRRSS
LGRRRRSSR
RGRRRSS
LRRRRRSS
LGRRRSQGG
LRRRRSSS
QRSRSS
LGRRRSSGG","[340, 341, 343, 344]"
P42336,,,
P42338,,,
P42345,,,
P42356,,,
P42679,"EEEGGDYIEG
DYEEIG
GDYEIG
EEEDGDYIIG
EEEGGDYIIG
DYVEIG
DGDYEIG
GDYIEG
GEEDGDYEIG
EDDGYEEIG","EEEGGDYIEW
GYEEIG
DGDGYIEG
EEYGEIEW
GDYIIG
EEEYGDYEIG
DGDYEIW
EDDGGYEIG
EDYGEIEG
DDYEIG","[165, 166, 167, 168, 169, 381, 382, 383, 384, 385, 386, 387, 388]"
P42680,,,
P42681,"LEEEEIYESL
LEEEEIYEEL
WEEEEIYESL
LEEEGIYESL
LEEEEIEEIL
EEEIYESL
EEEIYEEL
LEEIGIYESL
PEIGEYESL
PEEGEYEEL","PEIGEYEEL
EEIGEYESL
PEIPEYESL
LEEEGEYEIL
LEEYGIYESL
LEEEEIEESL
EEIGEYEEL
PEIEEYESL
LEEIGIEESL
WEIEEYESL","[393, 394, 214, 215, 216, 217, 218]"
P42684,,,
P42685,"EGNYEEM
EGDYEEM
EIEEGEYEEW
EEIYGDYEEE
EEIYGDYEEW
EESGDYEIW
EIEDGEYEEW
EEIGDYEIW
EAEYGEYEEF
EEEEGEYEEW","EEIYGEYEEE
EIEYGEYEEW
EEIGDYEYW
EAEYGEYEEW
EIEYGEYEEF
EEIYGEYEEW
EIEDGMYEEW
EEEYGDYEEW
EEEYGEYEEW
SIEDGEYEEW","[387, 388, 389, 390, 391, 392, 393, 394, 395, 396, 397, 398, 195, 196, 197, 198, 199, 200]"
P43250,"SSSFSS
SSRFSSSSS
SSRLSSSSS
SSSFSL
SSSLSSSFS
SDSFSS
SSRLSSSFS
SSDFSS
GSRLGSSFS
SASFSS","SSRLSSSFG
STSFSS
SSRLSSSSQ
GSLLSSSSS
TSQFQSS
SSLLSSSFS
SSAFPS
RSRLSSAFS
TSSMSSS
SSSFPS","[164, 165, 342, 343, 344, 345, 346, 347, 348, 349, 350, 351]"
P43403,,,
P43405,,,
P45983,"RRPMPSH
SRRGQAMAM
RRPMLSH
RRRRQSMPSL
RSRRQSMPDL
RRPMPSY
RRRRDSMPSL
RRRRQSMPDL
SRRGRAMSM
RSRRQSMLDL","RRRMPSY
SRRGQAMAA
RPRRQSMLDL
SRRGQAMAQ
RRRMPSA
RRPMLVA
RRRRQGMLSL
RRRRGKMPSL
RRMRSS
SRRGQAMAE","[119, 120, 125, 126]"
P45984,"RRRRMPSS
RRRVPSA
RRRRMPSH
RRRRPS
RRRRMPSA
PRRRIPS
RRRMPSA
RRRRMISS
GRRLPS
RRRAMPSS","RRRRPMPPA
RRRRPSS
GRRVQS
RRRRVPSS
RRRRPSA
GRRVSR
GRRVSS
RRRLPS
RRPRPVIPS
GRRVQA","[111, 112, 113, 158, 159, 160, 161, 162, 163]"
P45985,"SPLGEIF
SPLGEIW
SPLGDISW
SILDSYFGA
SILDDYFGA
SPLGDIAW
SILGDYFGA
SILGDYFSA
SPLGDYFSA
SPLGDFSW","SPLGDIFSW
SPLGEYFSA
SPLGDIVW
SILDDYFSK
SPLGEIA
SILDEYFSA
SILGDYFAA
SILDDYFSA
SPLGEISA
SPLDEYFSA","[124, 127, 162, 163, 164, 165, 166, 167, 168, 169, 170, 171, 172, 173, 174, 175, 177]"
P46734,"RGRRVFPG
RGKRVFPG
RGKRVFSG
RGRVVYG
RRKRWDDFEG
RGSRVFSG
RRKTWDDFEG
RRKTWDDFLE
RPKRVFSG
RGRRWSA","RGSRVFPG
RRVRWDDFEG
RGDRVFSG
RGRRVYA
RKKRRWDDGF
RRVTWDDFEG
RGRRVSA
RGDRVFPG
RRKRWDDVEG
RERRVFSG","[20, 21, 22, 23, 24, 101, 102]"
P48426,"SMPPPS
SLPPPS
SKFPDLSWSF
SKFPDSSWSF
SLPMPSP
SLPPPA
PLPMPSP
SKFPDLTFSF
PLPPSSP
SKFPDLSFSF","PLPPSTP
SLPPPSP
KKFPDLSFSF
SLPMPTP
PLPMPTP
SLPPPST
SLPPSSP
SLPPSS
PLPDPSLTP
SKFPDLSLDF","[98, 99, 95, 96]"
P48729,"IDLGVKPS
GPAPRH
PDYGVKPS
GAVPRH
GPVPRH
GPVPHG
PDYGVKPH
GAVPHH
APVLRH
GPVPHH","PDLGVVSH
GPVPSG
APVLHH
GPAGVPS
PDLGLKPV
PDLGVVKQ
SPALVKS
PDLGVVKS
PDLGVKSS
PDYGVVPQ","[231, 232, 31, 32, 33, 34, 35, 36, 37, 38]"
P48730,"PSRSSSSS
PRRSSSSS
SPRSSSQ
SRRRSR
SPRRSR
PSRPMSSS
SPRSSR
SRPMPSR
SPMPSR
SPRMSSS","SMRSSSS
SVPMSSR
SPRMSSR
QPMPSR
SPRGQDLSQ
SPRTSSS
PRPSPSR
SRRRSS
SRRMSSS
SPRGQGSSQ","[217, 218, 219, 220, 221, 16, 17, 18]"
P48736,,,
P49137,"RGRAVSV
RRRADTLL
RGRRVSV
RRRADTVL
RRRRPVSSL
RRRADTIL
RRRADTSL
RSRRPVSSL
RRRRDISL
RRRPDTSL","RGRARSV
RRRAPVASL
RGRARSQ
RGRPVSV
RRRATVSL
RRRAPAASL
RRRAPVPSL
RRRADSAL
RPRPDISL
RRRRPASSL","[257, 258, 259, 260, 261, 262, 263, 126, 127, 128]"
P49336,"PSLGMPSL
PSQPMPSQ
PSLGMPSQ
PSLPMPSL
PSLQMPSS
PSQPMPSS
PSLGMPSS
GAMPSQ
PSLPMPSS
EPMPSS","PGQPMPSS
PGLGMPSQ
EPLPSL
GPMPSQ
PSLVMPSS
PGLPMPSQ
PGLPMPSS
PSSPMPSS
PGPPPSS
PDLPSSS","[104, 105, 82, 83, 84, 85, 86, 87, 88, 89, 90, 91, 92]"
P49619,,,
P49674,"AMASRP
AGRGAAPA
AGRGAAPS
AMASRS
AGRGRAPS
APRGSAAAAQ
AMASSP
APRGRAPAAQ
APRGNAPAAQ
APRGDAAAAQ","APRGAAPA
AGRGATPS
APRRSAAAAQ
APASSS
AGRGAAPV
APRGRAAAAQ
APRGRAAASQ
APRGAAAVAQ
APRGRAPVAQ
APRAAAPS","[217, 218, 212, 213, 214, 215]"
P49759,"PDYGPRKR
PDYGPRKH
PDYGPRKP
PDLGKRLPR
PDYGPRPR
PDLDKKLHR
PDLGKRFPR
PDLDKRLHR
PDYGPRPH
PDDPKR","PDLDKRLRR
PDLDKKFHR
PDLGKRPPR
PDRDKRRHR
PDRGKRLPR
PDLDKKVHR
PDYDPKKH
PDRGKRLHR
PDDGPKR
PDDGPKH","[169, 170, 171, 195, 196, 197, 198]"
P49760,"RRRRPPS
RPRQPLPSL
RRRRRPS
RRRRPSS
RRRRRSS
RRRRSPS
RRRRPS
RRRRST
RRRQRSPG
RRRRPSR","RRRQRSPW
RRRPPS
RRPRPPS
RRRRSSS
RVRSPR
RRRRPSP
RRRSRSPG
RRRRPTS
RRRSPR
RRRQPSPW","[371, 372, 373, 338, 339, 340, 341, 342, 343, 344, 345]"
P49761,,,
P49840,"PGPAPAPS
PAPAPR
PALPSS
PGLAPAPS
PGPGPSPA
PGPAPSPS
PGPGPSPS
PALPSR
PGPAPSS
PGPAPAPC","PAPSPS
PGPAPAPP
PGGAPAPS
LGPAPAPS
SSPAPAPPS
SSGAPAPAS
PGAPPPS
PGAPSPA
PTPAPAPPS
PGPGPAPS","[264, 265, 154, 155]"
P49841,"AAAAAAAAA
AAAAAAA
AAAAAA
AAAAAAASA
AAAAAR
APAPAA
AAGAAAPR
GAAAPR
APAPAR
SAAAAAASR","AGAPAPS
APAAPA
AAPGAAAPA
APAPAAPAAQ
GAAPAR
APAAAAAPAQ
APAPAAAPAQ
AAAAAAARAQ
APAAAAPAAQ
APAPGAAPAQ","[89, 90, 91, 92, 93, 95, 179, 214, 215, 216]"
P49842,"SLEQWSR
SLEQWAR
SLDRGA
GLEQWAR
GLEQWSR
SWEQLADL
SLDRHW
SLDQRA
SLDRVA
SWQQDLDR","SQELNWR
SVQQDLDG
SLEQWDR
NQLRGW
NPDRRA
SLELWSR
AVQQDWDL
SQELNRR
SLEEWAM
NLDRGA","[40, 203, 204, 206, 207, 208, 209, 210, 211, 212, 213, 214, 215, 216, 217, 218, 219]"
P49903,"LTDDLFALGK
TTTGHFYLDK
TSHHGLFGA
TGHHLLDA
TTTGLFYADK
TTTGHFYADK
TLDALFG
TSTHDFYA
TTTGHFALGK
TSHHLLDA","TLGSLLA
TNHGLFDA
TLQALQA
TTLHGLIGK
TSHHGLLGA
TSHHLFDA
TNHHLFDA
TVDDLFALGK
TSNFGLFGA
TTDGHFYLDK","[286, 287, 288, 289, 290, 291, 65, 66, 67, 68, 69, 70, 71, 72]"
P50053,"DDLVNA
DDLAVHA
DDLAVNA
VDDVLLDEPA
LDDAVNA
DDLANA
DDLVVNA
VDDDLLDLHA
VDDVLLDLAA
VDDVLVDLPA","DELVVNA
VDDVLVDLGA
PDDVVLQAA
DDLVALNA
VDDVLLDLAG
DDLDVNA
VDDVLLNA
VDDPLLDLAA
VDDVLLDLGK
DEDVAFNA","[93, 94, 95, 96, 97, 98, 99, 100, 38, 39, 40, 41, 42]"
P50613,"PSLPLC
PDLPLLPR
PSLPLR
PSLPLLPR
PSLPLP
PSLPLSR
PDLPLSR
PSLPLLR
SDLPLLPR
PDLPLLR","PALPLR
PPLPLR
PSSPLPLLRR
PSLPLLVH
PSSLPSLLRR
PPLPLPR
PSLSLC
PSLLPLPR
PPLPLLR
PSSPLLALHR","[102, 103, 216, 217]"
P50750,"AAARRR
AAAVRR
AAARKR
AAVRRR
RSAVRSR
AAARSR
AAVRSR
KSAVRSR
LAAVRSR
AAAVSR","PSLVVKSR
TAAVRSR
RAAVRSR
TSAVRSR
EAARRR
TAARRSR
RSPRLQALIQ
RSPRLQSLIQ
TSAVRPR
PDLVVKSR","[110, 111, 114, 115]"
P51451,"EEEGEYEEEG
EEEEEYEEEE
EIGEEEYM
EIGDEEYM
EIGYEEM
EEEEEYEEEG
EIGEEFEM
EEEEEEYEEG
EEGIYEEM
EIYEEIA","EEEEEYEEYG
EEEEEEYEEF
EIYEEM
EIGEYFEM
EEGEYEEM
EIEIEGYEEM
EIGEEEYL
EIGEEEYA
EIGIYEEM
EIGMEEYM","[108, 109, 188, 189, 190, 191, 192]"
P51570,"PEYAALQA
DSELELLKPA
ANELSHF
DSELELLGNA
DDYLAEQA
PEYAALAA
PDYAALQA
PENLALQA
PENLALRA
DEYLAERA","DSEVELLLPA
DSELELLWPA
PEYQALQA
DEYLAEQA
DSELELLVPA
PENLALLA
PANLSLQA
DSELELLKPI
ENLLSQL
RDYLAEQA","[376, 377, 378, 238, 239]"
P51617,,,
P51812,,,
P51813,,,
P51817,"RRRRRHSI
RRRRTHHI
RRRRHHI
GRRRRRHHH
RRRRRIHHI
RRRRRHII
RRRRRIHI
RRRRTHSI
RRRRRHDI
GRRRRRIHI","RRRRRISI
RRGRHHI
RRRRRRHII
GRRRRTAHHI
GRRRRRHIH
RRRRHSI
RRRRIHI
GRRRRRIHH
RRRRTIHI
RRRRTHII","[244, 245, 246, 240, 241]"
P51955,"DELLEKL
DDLLEKL
DELLLKL
DLELDLEIKS
DDLLEKA
DLDDLLDKA
GLDDLLDKL
DLDLLA
DELLLA
DLDLLLDIKS","DLDLLLDIAK
EDDLLEKL
DDLLVKA
DLDDLLEKM
DDLPLKL
DDLLTKA
DDLLDAL
DDLLPKL
DLDDLLTKA
DEDLLLDIKK","[408, 409, 410, 411, 412, 413, 414, 415, 416, 417, 419, 420, 421, 422, 423]"
P51956,"LSSLLPELA
LSSLLPQLQ
LSSLLPPLP
ALALAASS
LAALSS
LPSLLPELA
AAALKS
AAALSS
LPSLLPELP
AALLSA","LPLLSS
AALLSK
AALLKS
LPSLEEQLQ
LPSLSLKS
LPALSS
AAALSK
AKLALSK
APTLSLSLQQ
ALALAQSA","[160, 161, 162, 66, 67, 68, 69, 70, 71]"
P51957,,,
P52333,,,
P52429,"KTPGGLFGG
KTPGLLFGG
KTPGGLLGG
KTPGSLFGG
KSPGLLGL
KSPGLLFG
KLPGLLG
KKQPSLFGG
KSPGALFG
PLATGF","KTPGLLFG
KKYPSLLGG
KKSPSLFGG
KLPGLFG
KTPGALFG
KHPGSLFGG
KTPGGLFQG
KSQGLLFG
KKPPSLFGG
KSPFALGG","[413, 414, 66, 67, 68, 69, 70, 71, 72]"
P52564,"PDAVVSW
PDWEVVSA
PEKQAVFSG
PDWVVSA
PDLGVWSW
PEKQAVFVG
PDWKVVSW
PDWKVVSA
PDLGVYSA
PDLGVWSA","PDLGVVSW
PEWKVVSA
PDLGVWSF
PEKKAVYVG
PDWRVVSA
PEKQAVYSG
PDAVVWA
PDAVVPA
RKPKTVYWG
PEKQAVYVG","[90, 91, 114, 115, 116, 117, 118, 119, 120, 121]"
P52789,,,
P52790,,,
P52824,,,
P53350,,,
P53355,,,
P53667,,,
P53671,,,
P53778,"PSSVVVKR
PSLVVPR
PSLVVSR
SSLVVPR
PSSVVLKR
PSLRLPR
PSLVVLPR
PSSVVLSR
SSLRLPR
PSLRVPR","PSLVRLPR
PLHSVLKR
PSSVLLPR
PLPVLPR
PSLRVLPR
SSLRLPK
SSLRVPR
PSSLVSLPK
PSLVVKR
PSLVVLPQ","[120, 121, 122, 124, 125]"
P53779,"RRRMPSL
RRRLPSL
RRRRPLPV
RRRMPSI
APRRRGPLPL
RRRRPMPV
SPRRRGPLPL
RRRRPLPL
APRRRGMIPS
SPRRRSMIPS","SPRRRGMIPS
RRRRPTPV
APRRRSMIPL
RRRMPSS
SPRRRGMIPA
RRPMPSS
SPRRRGMLPS
RRRRPMPL
SRRRRPLPY
APRRRGMVPS","[154, 155, 163, 164]"
P54646,"SSSSSSSS
SSSSSSS
SSSSSS
SSSSSSSQ
SSSSSSST
RSSSSSSS
SSSSSSW
RSSSSSS
SSSSSSSV
SSSSSSTS","SSSSSSE
SSSSSQ
SSRSSSSS
SSSSTSS
SSSSSMSS
SSPSSSSS
QSSSSS
SPRSSSSSS
SPSSSSS
SSRSSS","[58, 59, 209, 210, 211, 212, 213, 214, 215, 216, 217, 218, 219]"
P54753,,,
P54756,,,
P54760,,,
P54762,,,
P54764,,,
P54819,"TSQTGF
STAQAS
SSQTGF
TSQTQEF
SSQGGF
TSQTQDF
TSAQGF
TSQTSGF
KSQTQGF
DSLTQGF","SSQQGF
TTAQGF
SSQLQGS
STAQGF
KSQTSGF
DSTLQGS
KSQTQEF
KSQTDEF
DSLTQEF
TSQTSEF","[44, 45, 46, 47, 236, 237, 238]"
P54886,,,
P55263,"ALENHPALAA
TLENIPAFHA
TLENIPALHA
ALENHPALAK
ALENHPAFHA
ALANVP
GLENHPAFHA
TLENIPALAA
ALENHPALAN
TLENHPAFAA","LDENLAKPF
ALENHPALHA
EDLLVHR
TDENLAKPF
TLENHPALAA
EDLLVHA
EDLAVHR
EDLLVHK
GLENHPALHA
EDLLVNA","[77, 78, 79, 80, 81, 186, 187]"
P57059,,,
P57078,,,
P60891,"DSLFSG
SSLENGN
SSLENGI
SSLENGL
SSLENGW
DSLLSG
LSLENGI
LSLENGV
SDWLSG
SSLENGG","LSLENGN
LSLENGG
SSWLSG
DSLFGG
DSLLNG
DSWLSG
YSLENGG
DEWLNG
SSYLSG
LTSLLDGLHV","[132, 305, 306, 307, 308, 309, 310, 311]"
P68400,"RRPGAPAAAL
GAAPAW
SGAAAGA
RRPGAGAPAA
RRPGAPAPAL
RRPGAGAGAF
RRPGAGAAAL
PGGAAPAA
GGAAAAY
GGPVPAA","RRPGPGAPAL
RRPGAGMPAA
GGAVPAA
PGAAGYPA
QGAAAAY
GRAVAAA
GGPVAAA
RRPGAPAGAL
QGPAPAA
RRPGAGAGAL","[34, 35, 36, 100, 101, 102, 103, 104]"
P78356,"DPFWSS
DPFWSF
SYEPDEPF
DFPWSF
DEPWSF
SPFWPS
SYEPDTPF
DPTWSE
DPFWSD
SYEPDSPF","DPFWSP
SLPPDSPFPF
DFEWSF
PLPPEPS
SLPPPSVFSF
DPTWPS
SYEPDSTF
SLPPPSEEPF
SEPWSF
SYVPDSPF","[216, 217, 218, 219, 220, 221, 222, 223, 224, 107, 108]"
P78362,,,
P78368,"SGRRRSS
SGRRSSS
GRRPDPDLEL
SGRRKSS
SGRRRSL
SGRRSSK
GRRLSS
GRRRSS
GARPDQDLEL
GRGRDDSL","SGRRSSL
GRGRDRSL
GRRPDQDLEL
GGRRRSS
GRGRSRSL
GRGRDLSL
GRRRSA
GRRRRS
GRRPDPDLEE
GRRPDGELEL","[251, 252, 253, 163, 164]"
P78527,,,
P80192,,,
Q00526,"RRRRPPSL
RRRRPR
RRRRPPSF
RRRRPG
RRRRPPR
RRRRPPPL
PRRRPPLPL
RRRPAPSL
RRRPPPSL
RRPRPPL","RRRRPSL
RARRPR
RRRRPS
PRRRPPLPPL
PRRRPPSL
RRPRPPSL
RRRRSG
RRRSSG
RRRRSR
RRRRPPTL","[206, 207, 125, 126]"
Q00532,"PDYPVLSIP
PDYLVPSS
PDYALPSA
DPALLPS
PDYGALLPK
PDYAVPSA
VDLAALPS
DLPVLSS
PDLAALSS
AAAFSS","ADYGADIPR
PDYGDLPPK
PDYLLPSA
PDYGLFLPK
PDLAALSA
DLGLLHS
PDYGAFLPK
PDLAALSP
PDLALPSC
PDYGYDLPK","[350, 351, 311, 312, 313, 314, 315, 316, 317, 318]"
Q00534,"TPGKVVPV
LGKLPSL
TPGKVIPL
LGKLPSV
RPGKVVPR
LGKLPSS
GKLKPR
GAGLPR
GAVLKR
RPGKVVSR","RPGKVVSV
TPGKVIPR
LAGSPL
TRRGGVPLA
LKGLPR
LAEKVR
TPGKVIPV
GKPLPR
TPRRGVPLG
PPRRVSILG","[106, 110, 143, 165, 178, 251, 254]"
Q00535,"LPDGDKKH
LPDGDPKKR
PPDGDKKH
LPDGGKKH
PPDGSKKH
TPDGDKKH
LPDGDKKL
LPDGDPKLH
PDDGDKKH
TPDGDKKHH","LPDDDPKHH
TPDDGPKKH
LPDGDA
TPDDDGKLHR
LPDGSKKY
LPDGDPKL
PPDGDKK
PPDGSKK
LPGDSKH
LPGDDR","[14, 43, 46, 49, 67, 68, 69, 70, 71, 72, 73, 74, 124]"
Q00536,"KPLPSR
KPLPLPSR
PPLPSR
KPLLPR
KPLPRH
KPLPRR
PLPLLSR
KPLPPR
KPLLSR
RSKRLPSLPR","PPLPLPSR
PKLPSR
KPALLPR
KPKPLPR
RPPLSLPSR
PPKLLSR
RSPLSLPSR
KPLPLKR
KLPLLSR
KPKPLSR","[247, 248, 172, 173, 174, 175]"
Q00537,"PDLPLPSR
PSLPLPSR
SDLPLPSR
SSPDLLPKK
SPDLLPS
SDPDLLPKK
SDLPLPS
SPLPLPS
SPELLPS
PDLPLPSK","EDPDLLPKR
PSLPLPSK
SDLPLLPK
PDLKLPSK
SSLPLLPKK
PDLPPR
SDLPLPSK
PPLPLPSR
SDLPLSS
SPLPLS","[346, 347, 348, 3, 4, 5, 6, 7, 8, 9, 10]"
Q01415,"TLDKLRSI
TLDKLRSV
TLDKARSV
TLDKALSV
TLDKALQV
TLEKLADVHV
DLEKLADVMV
TLDKAFQV
TLEKMADVHV
DLEKLADVHV","TLEKLADVYV
TLDKPLQV
TLDKALQE
TLDKLLSV
TLEKLADVMV
TLDKLLQE
TLEKMADVYV
TLDKLRHE
TLERLADEMV
GLEKLADVYV","[227, 228, 229, 230, 231, 232, 233, 234, 235, 236, 237, 238, 239, 240, 51, 52]"
Q01813,,,
Q01973,,,
Q01974,,,
Q02156,,,
Q02750,"PSLGVAL
EPDLVVPA
PDLGVAL
PDLGAVVAR
PALASA
PDSGLVLAR
PSLGVSL
PALLSA
PGLGVAL
EPDLAVPA","PELLSA
EPDLVVKA
EPDLLVKA
PDLLVSA
DPDLVVPA
FPDLVVKA
EPDLAVKA
EPDLVPKA
PDLGVAA
PSLGVAA","[109, 110, 129, 130, 131, 132, 133, 134, 229]"
Q02763,,,
Q02779,,,
Q03426,"PDELAAAV
DDDLLASVGG
DDDLLLSLGG
PDLVAGAV
PDLLAGAV
PDELAALV
PDELAVAV
PDLVAGLV
EELGLGV
PDLLAGLV","EDVSLDSLG
DDDLRLSLGG
PELALGV
PDLVAALR
PDDLAALV
DDVSLDSLG
PDLLAGV
PDELAAGV
PDELADAV
ETVSLDSLG","[330, 331, 332, 333, 334, 335, 140, 141, 142, 143, 144, 145]"
Q04759,,,
Q04771,"EEEEEEEEG
EEEEEYEEE
EEEEEYEEG
EIEEEEEEG
EEEEEEEG
EEEEEYEED
EEEEEEEF
EEEEEEED
EEEEEYEEF
WESEEYEEG","EIEEYEEG
EIEEEEEG
DIEEYEEG
WEEEEEEED
DEEEEYG
PEEGEEEEG
EIGEEEEG
ESEEYYEG
EEEEYEEF
WESEEYEEE","[374, 375, 376, 377, 378, 479, 480]"
Q04912,,,
Q05397,,,
Q05513,"RRRRSS
RRRRRSS
RRSRSS
RRRRRSR
RRRFSS
RRRRSSS
RRRLSS
RRRRSR
RRRRRSSS
RRSRRSSR","RRRLSSS
RRRRRSRS
RRRRRSSR
RRRFSR
LRRRRSSS
RRRRRSSSQ
RRRRRSSSR
RRRRRSSSG
RRRLRSSS
LRRRRSS","[377, 378, 379, 380, 291, 292]"
Q05655,,,
Q06187,,,
Q06418,,,
Q07002,"PDLPLPR
PDLLPSR
PDLLPR
PDLPPR
SDLPLLPR
PDLPLLPK
SDLGLPPK
PDLPLLPQ
PSLGLPPK
LDLPPH","SDLGLLPK
PEPDLQLLPR
SSLGLPPK
SSLGLPPH
SDLPLLPK
SDSLPLLPR
SSLPLLPH
LDLPSH
SSPDLPLLPH
SSPDLLLPPR","[128, 129, 224, 234, 443]"
Q07912,,,
Q08345,,,
Q08881,,,
Q09013,,,
Q12851,,,
Q12852,,,
Q12866,,,
Q13043,"GAMVKL
GAMVKV
GAAVKV
GAAVKL
DDAMVKL
DGAMVKL
GPMVKL
PDAVLRSV
DDAMVRV
ADAMVRV","PDAALRSV
PDAMVRV
DDAMVRL
PDAVLRKV
GVAFKL
GAAAAGKKL
PDAALRSL
DGAMVKV
DGAMVRL
AAAAAGKKL","[182, 183, 184, 185, 186, 187, 188, 189, 190, 72, 73]"
Q13057,"LKLSSTQGF
LKLSSTQSF
LKLSSTQGL
SIPQTL
SSLTQSL
KISTTQTL
SYLTSSTQSF
KLLTQSL
LKLSSEQGF
SSLTQSF","SLQTGL
SLQTGF
LKLSSQQGL
SIQQGF
LKLSTQQGL
KILTTQTF
LKLSSQQGF
SYLSSSTQSF
KLLSSQQGF
SIQQGL","[296, 297, 429, 430]"
Q13131,"ITSSSSSSSS
IQSSSSSSSS
ATSSSSGSSS
STSGSSSSSS
ATSGSSSSSS
SPSGSSSSSS
STTGSSSSSS
ITSGSSSSSS
ATTGSSSSSS
ATPGSSSSSS","ITYGSSSSSS
RYPGSSSSSS
ITTGSSSSSS
MTSGSSSSSS
ATSGSSGSSS
LTTGSSSSSS
AYPGSSSSSS
ATYGSSSSS
MTTGSSSSSS
ITPGSSSSSS","[64, 65, 66, 67, 151, 152, 153, 154]"
Q13153,"RRRSSWG
RRRRGWGWGG
RRRSRYWSG
RRRRGWWWNG
RRRRGWSWNG
RRRSRWWSG
RRRRGWWWGG
RRRSGYWSG
RRRRGWWWGC
RSRWWSG","RRRRGWYWNG
GWRWSG
RRRWSWG
GRRWSG
RRRSWYWSG
RSRYWSG
RRRRGWYWGG
RRRRGWSWGG
RRRRGWYWGC
RRRSRWWNG","[305, 306, 307, 460, 461]"
Q13163,"SPMPSL
RRSPDLSL
SPMLSL
SPDLSL
RSRPDLSL
RRRPDLSF
SPVLSL
RRRSGDFGL
RRRPSLSL
RSPDLSL","RSPYLSL
RRSPGLSL
SPVWSL
RRRPGLSL
QRRPDLSL
RSSPDLSL
PSQGWRL
RSPDLRL
RSQGWRL
RRRSLDFGL","[61, 62, 174, 175]"
Q13164,,,
Q13177,"RRRRYSWG
RRRRWSWG
RRRSWG
RRRRYWSG
GRRWSG
RSRWWSG
RRRRGWDWNG
RRRRWWWG
RSRWYSG
RRRWYG","RRRRWGWGG
PRRRWSWG
RRRRYSSG
RRRRWWSG
RRRTPYWSG
RRRRYWG
RRRWYWG
RRRWWSG
RRRRGWWG
RRRRWWWSG","[443, 444, 445, 446, 447, 448, 451, 452]"
Q13188,"GAMVKL
GAMVKV
PLGAMFSV
GAAFSL
PDGFVFSV
PEGAMFKV
GPMVKL
GAPFSL
GPMTSL
PDAPVYV","GPAFSL
RPLPAVAVGV
PDFPWKV
PDGAMFSV
PPGAVFPV
PDAPVKV
KPGATFKL
PEGAMFKL
GPMVSL
GAVFNL","[229, 230, 144, 145]"
Q13232,"ANLAVRS
AVNFAIYS
TALAVRS
AALAVRS
AEVFARIHA
SEVFARIHA
SEVFARIYA
TVFFAIRS
AVLAVRS
AVEFARRS","AVNFARYS
TVEAARRS
AVFFAIRS
DTFFAIRS
AEVFARIHS
AVQAVRS
LALAVRS
AVLAVRG
AALAVRG
VALAVRG","[50, 55]"
Q13233,,,
Q13237,,,
Q13315,,,
Q13418,"EEIYEEESL
EEIYESL
PEEYEEIF
GMYESL
EEIGEEEYL
EEIYEEIL
PEIYESL
EEYEVESL
PEEYEEIL
EEIYEEEYL","QEIYEEESL
EEYEEISL
GEIYEEESL
GEIGEEEYL
EEIYEEIY
EEIYEESL
EEIYEEIF
EEIGEEESL
GEIGEEESL
EEYPEESL","[129, 130, 131, 97, 98]"
Q13464,,,
Q13470,,,
Q13523,,,
Q13535,,,
Q13546,,,
Q13554,,,
Q13555,"VPLPAPAP
APLPAPAPE
APLPAPAPQ
APAPAAAPG
APAPAAAPE
AAPPPPPPPL
VPLPAPAA
ASAPAAAPQ
APLPAAAPE
APLPAAAPQ","SPLPAPAP
ASAPAPASQ
ASAPASAPQ
ASAPAAAPE
ASAPAPAPY
AQAPSPA
SAPPLPAPPL
SALPAPAP
APLPASAPE
ASLPSPA","[208, 209, 210, 211, 212, 213, 214, 529, 530, 531, 532, 533]"
Q13557,"AAAAAASS
AAAAAASSS
AAAASS
ADALSSS
ADAVASR
ADALASR
GGGAPAPS
ADAARS
GGAAPAPS
ADALSR","AAARSS
ADALASS
ADAVASS
AAAASR
PGAAPAPS
ADAVSSS
AAAAAASAS
TGAAPAPA
AAAAPAPS
ADAAAAAAS","[208, 209, 210, 211, 212, 213, 214, 158, 159]"
Q13572,"GELSLDEAA
KELSLDEAA
VELSLDEAA
AAAAQA
GELSLSDAA
GALSLDEAA
TSTELRHA
TGEELRHA
TETELRHA
GELSLSEAA","TSEELRHA
GRLSLDEAA
GSLELRHA
GEASLDEAA
SAAAQA
AASSQA
TSTELAHA
RRLSLDEAA
GSLSLSDAA
GALELDEAA","[191, 192, 277, 278, 279, 280]"
Q13574,,,
Q13627,,,
Q13705,"GDIGLDEIR
ADIGLDEIW
GDIFSR
GDIGLDEIA
GDIGLDEIW
ADIGLDEIA
SEEEGWEIIG
ADFGLDEIW
ADIGLDEIR
GDDGLDEIW","GDEFWR
GDSGLDEIW
SEESGWEIIG
ADIGLEEIW
GDLFSR
GDIFWR
GDSGLDEIR
GEEEGWEIIG
DDIGLDEIR
DDIGLDEIW","[109, 110, 111, 112, 97, 98, 99, 100, 101]"
Q13873,,,
Q13882,"EEIYESL
DEIYESL
EIYESL
DEYESL
DIYESL
EEIYGEEIR
EEIIGEYESR
GEYFSL
GIYESL
EEIIGSYESR","EGIYESL
EEIIGDYESR
DEIYEIS
EEIIGEYFSR
EEIIGEYEIR
EEIIGAYEIR
EEIYGEEIP
EEIYGYEIR
EEIYEIL
EEIYESS","[21, 22, 24, 25]"
Q13976,,,
Q14004,,,
Q14012,"SSGGGKPA
SSGGGSPA
GGGGRGA
GVSVSQ
GGGGPGA
PSGRVIPR
SSGGFKPA
SSPGGKPA
GVSVSS
PSGGVIPR","RSPGRVSVAQ
PSGVRPS
PSGGVPSR
SSPGQSSPK
RSGGPGA
GSGGRGA
GGAGPGQ
SVGGGKPA
RAAFSS
SSGGGQAA","[212, 213, 214, 215, 216, 217, 218, 101, 102, 103, 104]"
Q14164,,,
Q14289,,,
Q14296,"ATLSDYGL
ATLEEYGA
ATLSDYGA
ATLEDYLN
ATLEEYGL
ATLEDYGL
ATLEDYGA
WTLSDYGA
LTEDDLLQGF
LTEEDLLQGF","ATLSEYGN
ATLSDYGN
AALEYGA
LTEDELLAGF
PTLEEYLG
ADLSDYLA
ATLEEYGN
LTEDELLQGF
VTEDDLLQGF
AELELGN","[351, 352, 353, 274, 275]"
Q14410,"VTTVGARWRN
FNLLSS
ATTVGARWRN
VTTIGARWRH
LTTVGARWRN
VTTVGARWRR
VTTIGARWRN
MTTVGARWRK
ATTVGLRWRN
VTTVGARWRT","LSSVRHFN
VTTVGAAWRR
TTTTGLRWRN
FNLLGR
LSSVDLGK
VTVVGARWRN
FNLLQS
ANSVRLGN
LSSVRLNN
MTTVGARWRT","[363, 364, 365, 366, 367, 303, 304, 305, 306]"
Q14680,,,
Q15118,"LRISDELKKH
LRISDELKKY
LPAKHL
LRISDEALKH
LRISDELKKK
LRISDELKKV
LPNSTLEKL
LRISDELKKA
LRISDEALKK
LPAKQL","LRISDEAKKH
LPALQA
LRISDDLKKY
LRISDEAKKY
LDGNHL
LLDSMLKV
APAKHL
LPNSQLEKL
LLDSLLKS
LLDSMLKL","[347, 348, 350, 351]"
Q15119,"SDGNLEN
KDGNMENV
KDGNMENL
SDGNMENL
SLDGDLDLNF
TDGNMKNV
KDGNMENP
SDGMQEV
SDGNREV
SDGNPL","SDGMREV
KDGNMEDV
SDGNREM
SLDDDLELNF
SDGNIEV
KDGNMEDL
TIDDEELLKK
TIDDDELLKK
KDGGMENL
KDGNMTNV","[46, 47, 49, 50, 51, 54, 162]"
Q15120,"NLDDLF
NLDDLL
NLDDLLA
NLDDLLN
NLEDLLN
DIADLLASKK
NIDDLL
DLDALL
DLDDLLA
DLDDLL","DIDDLLGKF
SIDDLLGKF
DIDDLLKKF
DIDDLLKSF
DLANLA
DINDLLNKF
SLDDLLA
NLGDLLA
DLADLKN
DINDLLGKF","[46, 47, 50, 51]"
Q15126,"PPPPPS
PPPPPSS
PPPPPGS
PPPPPSSS
PPPPPAS
PPPLPSS
PPLPPGS
PPPPPSSL
PPPPSSSQSS
PPPPPSPS","PPPPGS
PPPPPTSS
PPPPPSSV
PPPPSSSQPS
PPPPSGS
PPPPSSSQGS
PPPPPSSR
PPPPPQSS
PPPPSSSRPS
PPPPSSSQGL","[109, 110, 16, 17]"
Q15131,"SSDLGLYPC
DSDLGLYPC
RSDLGLYPC
LSDLGLYPC
PSDLGLYPC
KSDLGLYPC
VSDLGLYPC
GSDLGLYPC
GEDLGLYPR
GSGLGLYPC","ASDLGLYPR
GSDLGLYPR
MSDLGLYPC
KSDLGLYPR
RSGLGLYPC
SEDLGLYAR
SSDLGLYHC
REDLGLYRR
REDLGLYQC
NSDLGLYPR","[28, 29, 30, 31, 32, 33, 34, 35, 46, 48]"
Q15139,,,
Q15208,"PSAVPSL
PATVQS
PSPVPSL
PATVQA
PSQVKSS
PSTVQS
PSTVQL
PSSVPSL
PSAVPSS
PASVQS","PTPSTVIKQ
PTPVMVHKQ
GRRRTPSHAQ
PAPVQS
PSSVQS
PAPVPSS
PTPVTVHSS
PSPVKSS
PSPVLSS
PTPVTVHKQ","[326, 327, 128, 129]"
Q15303,,,
Q15349,,,
Q15375,,,
Q15418,,,
Q15569,,,
Q15746,,,
Q15759,"LLRRRR
STLLSRLKS
SLLRRRR
KLRRRR
SLLSRVRR
SLLRRPR
SLLSRVKR
SLLSRRPR
SLLSRRRR
SLLSRRKR","SLLSRVPR
LLRVRR
SLLSRRR
STLARVLKQ
ALRVRR
SLLRRKR
SLLSRPR
SLLSRRVR
LLRRPR
SLLRRRK","[128, 129, 121, 122]"
Q15772,,,
Q15831,"QRRRSA
GRRPSA
QRRRSS
SRGGGGGSSS
GRRRSR
GRRRSA
ERRRSA
GRRRSS
RRRRSS
ERRRSR","GRRPSK
SRGGGGGSS
SRGGGGGA
SRRGSSGSS
SRRGSGGSS
SRRGGGGSSS
SRGGGGGAS
RRGGGGGAS
SRGGGGSSSS
RRGGGGGSS","[214, 215, 216, 217, 218, 219, 174, 175, 176, 177, 178, 179]"
Q15835,"SSGRLHSS
SGLASSR
SSTGRAFSR
SSPRGAAFAS
SSTGSLFSR
SSGGMSSR
SGLMSSS
SSGRMHSS
SGPASSA
SSRDELFSR","SSGGMSSW
SSRGGSSS
SGLASSA
SSTGSVFSV
SSGAMSSW
SSTGQVFSR
SSRGMSSS
SGLMSSR
SSGRAFSS
SGGGMSSR","[386, 387, 388, 389, 390, 391, 224, 225]"
Q16288,,,
Q16512,,,
Q16513,,,
Q16539,"KPGLRISS
KPDLRISS
KPDLRVSS
NPDLRIPS
KPGLRIPS
KPGLRVVSS
KPGLRVISS
KPDLRVVSS
KPDLRVISS
NPDLRVVSS","KPDLRIS
KPDLRISK
IPDLRVVSS
KPDLKLRIPS
NPGLRVISS
NPDLRVISS
KPDLKVISS
KPDLKLVIPS
KPGLRIS
NPDLRVVSK","[315, 316, 309, 310, 311, 312]"
Q16566,"GPDPVKS
GPLPVAS
GPAVVSS
GPVPVAS
GPDMVSS
GPAPVSS
GPDVVAS
GPDVVSS
GRAVRSS
GPLVVAS","GPLVSA
GPLVVSS
PDLVKA
GPLPVSS
GPDMVAS
EPLPDVSS
PPLPVVSS
PGLGRARSA
PPLPDLSL
PGLGRLRSA","[235, 236, 237, 238, 199, 200, 201, 202, 203, 204, 205, 206, 207]"
Q16584,,,
Q16620,,,
Q16644,"GRRVSS
GRRVSL
GRRVSH
GRRFSL
GRRVSA
GRRRVSS
GRPRTASFSR
RRGPVFSA
GRPRTASFVL
GRRGTIISN","GRPRTASFHR
GRPRTASFKK
GPVFSL
GRRRSSG
GRRRSSS
SRRGTIISN
GRRGTIILN
GRRKSS
GRRRSSA
GRRVPL","[203, 204, 232, 233]"
Q16654,"DTFLERLKH
DTFLERLSK
DTFLERLKK
DTYLDRLSK
DTFLDRLSH
SEYLKDV
STTGNDLFKM
DTFLERLSH
DTYLDRLKH
TTTLNDLFKH","STLDDDLFKH
DTFLERLSR
DTFLERLSA
STFLERLKK
DTYLERLSK
STFLEDLKH
DTYLDRLSH
DTYLDDLYH
DTFLERLSG
DTFLERLSN","[78, 79, 80, 81, 82, 83, 325, 326, 327, 328, 329, 330]"
Q16659,,,
Q16671,"GRAVFSR
EPDLVFSR
GRAMFSR
GQAVFSR
GRALFSR
ERAFLSR
GRALVSR
GRALFSS
ERALFSR
SPDLVFRS","GRAFFSR
SEEGFRFIP
ERAFFSR
GRAVYSR
SEEGFRFIW
GRAFFSS
SSDEVFRW
SPDLVFRR
GRALISR
GRAVYSS","[379, 380, 381, 382, 383, 116, 117, 118, 119, 120]"
Q16760,,,
Q16774,"LKLSTLQTL
LKSLQQSL
KKSLQQSL
KKSLQQSF
LKLSTLQSL
RKLKSTLQGL
LKLSTLQSF
KKPLQTL
KKLQQSL
RKLSTLQSL","LKKLTLQSL
KKSLTQSF
LKDLTLQSL
KKLKSTLQGL
KKPLQSL
KKSLKQSL
KKSLKQSF
LKKLTQQSL
LKLKTLQSL
KKLSQQSL","[35, 36, 37, 38, 39, 40, 41, 71, 72, 73, 74, 75, 76, 77]"
Q16816,"GRRRSY
GRRRSF
GRRRRY
GRRRSH
RRRRSY
GRRRRYS
GRRRKY
GRRRRH
GRYRSR
GKRRRDSFYG","RRRRRYS
GRYRSF
GRRLSY
GRYRSH
GRRRRYW
GRRRRFS
GRYRRHS
GKRRRDSFFG
GKRRRDSFYF
PRRRTFSF","[229, 230, 231, 181, 182, 183, 184, 185, 186, 187, 188, 189, 190]"
Q16832,,,
Q16854,"LPPLQGF
GYPVSLSQEF
PSYQPF
PSYQGF
GYPVSLSQRF
GYPSSLSQEF
GYPTSLSQEF
YPPLQGF
GYPVSLSQQF
GYPVSLSQDF","GYPSFLSQQF
GYPSSLSQTF
GYPWSLSQQF
SSYQGF
GYPMSLSQEF
GYPVSLSQPF
GYPASLSQVF
GYPFSLSQVF
GYPASLSQNF
GYPSFLSQRF","[68, 69, 70, 71, 72, 73, 74, 138, 139, 140, 141, 142, 143, 144, 145, 146, 147]"
Q16875,"SDLDLDF
SDLGKIF
SDLDMDF
SDLGKDF
SLDSLFKL
SDLDKDF
SLDSLFKF
SDLDSDF
SDLDYDF
SLDELFGK","SLDELFKL
SDLDWDF
SDLGMMKPQ
SDLDTDF
SDLDMVF
SLDSLFGK
SDLEKDF
PDLDMDF
SDLDSL
SDLGMEF","[460, 461, 189, 190]"
Q16877,"Q16877 ################
Binder  Pseudo Perplexity
19  SSLVDYLL           4.641689
10  SSQVDMLL           6.335317
32  DSYVDLGL           6.460584
27  DDLEEYLP           6.806248
3   DSQVDMLL           7.412915
16  SSLELLLP           7.542722
18  SSLVDLDY           8.139467
13  SSLELLGL           8.542973","33  DSQVDYLP           8.991986
11  DSYEEMLY           9.604908
[11, 12, 13, 14, 15, 16, 17, 18, 19, 20, 21, 22, 23, 24, 25, 26, 27, 28, 29, 30, 31, 32, 33, 34, 35, 87, 88, 89, 90, 91, 92, 93, 94, 95, 96, 97, 98, 99, 102, 128, 129, 130, 131, 177, 178, 180, 181, 182, 185, 186, 187, 189, 190, 193, 194, 197, 201, 224, 225, 226, 227, 228, 229, 231, 232, 235, 236, 239, 255, 256, 257, 258, 259, 261, 262, 266, 267, 317, 319, 325, 326, 328, 329, 330, 331, 332, 333, 334, 335, 336, 337, 339, 340, 343, 344, 346, 347, 350, 351, 354, 389, 390, 391, 392, 395, 403, 404, 405, 406, 407, 408, 409, 410, 411, 416, 417, 427]
[11, 12, 13, 14, 15, 16, 17, 18, 19, 20, 73, 75, 95, 96, 98, 99, 102, 128, 129, 130, 177, 178, 180, 181, 182, 183, 185, 186, 187, 189, 190, 191, 193, 194, 197, 236, 238, 239, 240, 241, 242, 243, 244, 245, 255, 256, 257, 258, 259, 267, 325, 329, 330, 331, 332, 333, 334, 335, 336, 346, 347, 350, 351, 354, 389, 391, 392, 395, 403, 407, 427]
Original Candidate Binding Site = [11, 12, 13, 14, 15, 16, 17, 18, 19, 20, 95, 96, 98, 99, 102, 128, 129, 130, 177, 178, 180, 181, 182, 185, 186, 187, 189, 190, 193, 194, 197, 236, 239, 255, 256, 257, 258, 259, 267, 325, 329, 330, 331, 332, 333, 334, 335, 336, 346, 347, 350, 351, 354, 389, 391, 392, 395, 403, 407, 427]
Candidate Binding Site = [391, 392, 193, 194]
********* Starting peptide length = 6 *********
Generation: -1	Binder: DLDVHF	Score: 0	PPL: 4.444679783458973
Generation: -1	Binder: SDDVHF	Score: 0	PPL: 4.47040012867059
Generation: -1	Binder: DLDTHF	Score: 0	PPL: 5.11955923263979","[391, 392, 193, 194]"
